timestamp,load_kw,temperature_c,humidity_pct,wind_speed_mps
2025-01-01 00:00:00,238.672,2.57,100.0,4.27
2025-01-01 01:00:00,237.171,-0.06,100.0,3.59
2025-01-01 02:00:00,230.702,2.51,100.0,3.45
2025-01-01 03:00:00,220.148,2.71,95.5,1.26
2025-01-01 04:00:00,241.22,-1.82,100.0,2.58
2025-01-01 05:00:00,242.229,-0.48,100.0,1.73
2025-01-01 06:00:00,235.219,2.29,100.0,5.02
2025-01-01 07:00:00,258.214,2.2,100.0,6.78
2025-01-01 08:00:00,282.948,3.4,95.6,0.91
2025-01-01 09:00:00,330.143,2.84,99.4,2.84
2025-01-01 10:00:00,344.481,6.39,91.8,1.68
2025-01-01 11:00:00,364.046,6.95,99.4,3.79
2025-01-01 12:00:00,379.451,6.43,93.2,11.03
2025-01-01 13:00:00,387.135,8.6,82.4,5.48
2025-01-01 14:00:00,384.917,7.85,82.3,4.04
2025-01-01 15:00:00,385.05,5.83,84.9,4.86
2025-01-01 16:00:00,368.478,7.69,96.3,7.33
2025-01-01 17:00:00,346.525,5.27,89.1,5.15
2025-01-01 18:00:00,303.636,7.73,94.4,1.07
2025-01-01 19:00:00,266.018,5.62,96.3,8.6
2025-01-01 20:00:00,234.191,4.68,96.5,3.05
2025-01-01 21:00:00,225.708,3.11,100.0,3.69
2025-01-01 22:00:00,214.185,5.38,96.8,6.38
2025-01-01 23:00:00,232.201,2.46,83.7,10.68
2025-01-02 00:00:00,236.856,1.37,99.5,2.0
2025-01-02 01:00:00,230.065,1.01,100.0,6.15
2025-01-02 02:00:00,229.963,2.13,100.0,1.91
2025-01-02 03:00:00,227.813,1.76,100.0,3.47
2025-01-02 04:00:00,230.041,1.94,92.5,0.77
2025-01-02 05:00:00,225.5,2.27,98.1,1.92
2025-01-02 06:00:00,214.858,5.48,86.3,3.35
2025-01-02 07:00:00,254.088,2.02,100.0,4.19
2025-01-02 08:00:00,291.363,2.58,100.0,4.03
2025-01-02 09:00:00,330.582,2.87,100.0,5.62
2025-01-02 10:00:00,345.29,5.94,96.1,2.15
2025-01-02 11:00:00,354.701,7.48,100.0,2.66
2025-01-02 12:00:00,381.439,6.11,100.0,2.75
2025-01-02 13:00:00,397.047,5.43,100.0,2.27
2025-01-02 14:00:00,397.675,5.75,98.1,1.38
2025-01-02 15:00:00,376.417,8.22,89.8,3.06
2025-01-02 16:00:00,353.739,8.26,96.4,5.01
2025-01-02 17:00:00,334.751,7.64,97.6,3.63
2025-01-02 18:00:00,306.767,5.23,94.9,2.06
2025-01-02 19:00:00,271.721,6.05,92.8,3.11
2025-01-02 20:00:00,248.282,5.14,100.0,1.96
2025-01-02 21:00:00,238.772,4.52,100.0,4.27
2025-01-02 22:00:00,228.882,4.79,92.2,5.12
2025-01-02 23:00:00,224.664,3.03,97.6,5.21
2025-01-03 00:00:00,221.133,3.11,100.0,2.45
2025-01-03 01:00:00,230.342,1.66,100.0,1.99
2025-01-03 02:00:00,238.868,1.71,97.9,5.62
2025-01-03 03:00:00,230.782,2.16,100.0,2.31
2025-01-03 04:00:00,238.834,-1.08,100.0,3.07
2025-01-03 05:00:00,237.603,1.04,100.0,3.61
2025-01-03 06:00:00,229.787,1.27,100.0,2.89
2025-01-03 07:00:00,251.863,1.63,98.4,4.7
2025-01-03 08:00:00,279.403,2.93,98.8,0.85
2025-01-03 09:00:00,308.867,6.54,86.7,4.0
2025-01-03 10:00:00,346.277,3.54,97.4,1.54
2025-01-03 11:00:00,366.66,7.2,84.4,2.12
2025-01-03 12:00:00,383.683,3.58,100.0,3.29
2025-01-03 13:00:00,384.322,6.21,97.2,0.66
2025-01-03 14:00:00,387.296,7.31,91.5,2.55
2025-01-03 15:00:00,371.753,8.09,91.5,2.23
2025-01-03 16:00:00,352.139,8.18,96.5,2.66
2025-01-03 17:00:00,334.161,8.02,85.4,2.14
2025-01-03 18:00:00,306.836,5.71,96.6,3.09
2025-01-03 19:00:00,274.385,4.91,100.0,1.9
2025-01-03 20:00:00,232.668,6.3,83.9,2.81
2025-01-03 21:00:00,224.567,3.84,100.0,3.28
2025-01-03 22:00:00,234.475,1.33,91.5,5.76
2025-01-03 23:00:00,232.524,0.84,100.0,6.61
2025-01-04 00:00:00,234.305,0.53,95.7,0.92
2025-01-04 01:00:00,237.247,2.32,100.0,6.06
2025-01-04 02:00:00,243.112,1.46,94.4,1.37
2025-01-04 03:00:00,228.944,2.23,90.4,2.83
2025-01-04 04:00:00,234.912,0.54,100.0,0.7
2025-01-04 05:00:00,230.883,1.78,98.4,0.4
2025-01-04 06:00:00,230.515,3.0,90.2,10.61
2025-01-04 07:00:00,226.643,2.13,100.0,2.88
2025-01-04 08:00:00,224.937,4.08,85.7,2.43
2025-01-04 09:00:00,236.732,3.07,92.9,3.56
2025-01-04 10:00:00,252.372,4.32,93.9,2.48
2025-01-04 11:00:00,247.749,5.01,100.0,5.08
2025-01-04 12:00:00,249.606,4.33,100.0,3.42
2025-01-04 13:00:00,257.792,7.5,99.5,4.54
2025-01-04 14:00:00,253.454,6.27,93.7,1.56
2025-01-04 15:00:00,242.728,7.15,78.8,0.8
2025-01-04 16:00:00,234.947,7.79,94.8,5.47
2025-01-04 17:00:00,217.545,7.44,100.0,3.67
2025-01-04 18:00:00,208.384,7.31,100.0,1.07
2025-01-04 19:00:00,208.895,5.47,98.5,1.09
2025-01-04 20:00:00,219.032,4.22,90.3,3.14
2025-01-04 21:00:00,223.483,4.0,94.7,4.3
2025-01-04 22:00:00,235.255,0.65,100.0,1.36
2025-01-04 23:00:00,240.911,0.31,94.5,7.56
2025-01-05 00:00:00,249.194,-0.13,96.7,4.68
2025-01-05 01:00:00,248.548,-0.09,100.0,5.73
2025-01-05 02:00:00,235.968,1.85,98.2,3.08
2025-01-05 03:00:00,236.917,-0.35,96.8,2.89
2025-01-05 04:00:00,233.732,0.6,100.0,0.99
2025-01-05 05:00:00,228.291,3.58,100.0,1.57
2025-01-05 06:00:00,225.728,1.41,99.1,2.63
2025-01-05 07:00:00,223.651,3.78,91.2,3.74
2025-01-05 08:00:00,224.888,1.83,100.0,3.28
2025-01-05 09:00:00,224.674,3.77,98.0,0.48
2025-01-05 10:00:00,234.972,3.36,100.0,1.3
2025-01-05 11:00:00,245.293,5.06,100.0,3.43
2025-01-05 12:00:00,248.677,7.57,89.7,3.8
2025-01-05 13:00:00,256.551,3.94,94.8,2.11
2025-01-05 14:00:00,241.127,7.7,100.0,4.41
2025-01-05 15:00:00,253.556,7.48,100.0,4.37
2025-01-05 16:00:00,251.176,6.05,83.7,10.15
2025-01-05 17:00:00,243.508,4.39,100.0,2.91
2025-01-05 18:00:00,227.702,6.34,93.8,2.05
2025-01-05 19:00:00,219.83,4.76,90.5,1.37
2025-01-05 20:00:00,213.851,5.25,97.6,0.87
2025-01-05 21:00:00,223.015,4.14,89.5,4.24
2025-01-05 22:00:00,220.719,5.89,92.4,3.93
2025-01-05 23:00:00,227.413,2.22,95.5,0.98
2025-01-06 00:00:00,239.046,0.32,99.9,4.26
2025-01-06 01:00:00,229.501,1.77,100.0,3.2
2025-01-06 02:00:00,230.144,1.54,95.2,2.29
2025-01-06 03:00:00,232.072,3.26,100.0,0.44
2025-01-06 04:00:00,233.155,2.52,100.0,3.9
2025-01-06 05:00:00,227.691,2.06,100.0,8.24
2025-01-06 06:00:00,218.773,4.3,96.4,1.52
2025-01-06 07:00:00,262.036,0.68,99.2,3.2
2025-01-06 08:00:00,294.028,2.28,100.0,4.12
2025-01-06 09:00:00,324.387,2.6,96.3,0.25
2025-01-06 10:00:00,349.827,4.24,96.4,1.32
2025-01-06 11:00:00,374.891,3.38,100.0,0.75
2025-01-06 12:00:00,382.408,7.22,85.9,8.21
2025-01-06 13:00:00,386.096,6.33,98.8,0.23
2025-01-06 14:00:00,399.047,4.63,100.0,2.28
2025-01-06 15:00:00,390.376,5.46,100.0,3.47
2025-01-06 16:00:00,367.679,7.48,98.3,1.51
2025-01-06 17:00:00,337.512,8.02,100.0,0.3
2025-01-06 18:00:00,303.896,9.4,89.6,2.36
2025-01-06 19:00:00,259.139,10.25,83.9,1.49
2025-01-06 20:00:00,234.083,5.52,100.0,3.74
2025-01-06 21:00:00,231.756,2.5,90.7,4.73
2025-01-06 22:00:00,232.939,-0.1,95.0,0.98
2025-01-06 23:00:00,226.466,3.01,100.0,1.62
2025-01-07 00:00:00,235.15,0.64,100.0,1.69
2025-01-07 01:00:00,239.904,0.8,100.0,4.69
2025-01-07 02:00:00,246.247,0.19,100.0,2.95
2025-01-07 03:00:00,237.682,0.84,90.2,1.02
2025-01-07 04:00:00,232.687,2.87,96.4,5.73
2025-01-07 05:00:00,230.981,1.72,89.7,1.51
2025-01-07 06:00:00,237.927,1.69,100.0,1.86
2025-01-07 07:00:00,263.118,0.91,92.8,1.25
2025-01-07 08:00:00,299.253,0.61,94.9,3.11
2025-01-07 09:00:00,324.191,3.29,100.0,2.11
2025-01-07 10:00:00,348.867,4.76,100.0,6.88
2025-01-07 11:00:00,353.298,8.39,90.7,2.98
2025-01-07 12:00:00,370.089,6.4,97.9,1.32
2025-01-07 13:00:00,380.322,8.24,95.1,2.74
2025-01-07 14:00:00,390.171,6.17,93.5,7.54
2025-01-07 15:00:00,386.33,5.17,89.6,0.92
2025-01-07 16:00:00,374.999,5.42,99.2,3.9
2025-01-07 17:00:00,346.92,5.5,99.4,0.45
2025-01-07 18:00:00,301.661,9.59,95.3,6.56
2025-01-07 19:00:00,275.429,4.25,99.3,1.9
2025-01-07 20:00:00,234.805,6.18,87.7,1.28
2025-01-07 21:00:00,230.547,2.62,100.0,7.23
2025-01-07 22:00:00,225.566,4.78,96.7,2.61
2025-01-07 23:00:00,224.366,3.18,96.0,2.68
2025-01-08 00:00:00,229.586,1.68,99.3,1.92
2025-01-08 01:00:00,228.181,1.39,97.3,1.99
2025-01-08 02:00:00,238.988,0.11,100.0,0.4
2025-01-08 03:00:00,241.066,1.76,92.4,3.85
2025-01-08 04:00:00,233.06,0.43,96.8,0.75
2025-01-08 05:00:00,242.483,-0.51,100.0,5.2
2025-01-08 06:00:00,240.839,-0.12,100.0,1.08
2025-01-08 07:00:00,258.346,2.83,100.0,2.87
2025-01-08 08:00:00,279.759,5.8,85.4,1.67
2025-01-08 09:00:00,303.705,4.31,100.0,1.92
2025-01-08 10:00:00,342.968,4.64,100.0,2.23
2025-01-08 11:00:00,369.793,6.01,87.9,3.44
2025-01-08 12:00:00,383.746,8.26,76.7,7.1
2025-01-08 13:00:00,384.736,7.0,93.2,1.88
2025-01-08 14:00:00,387.698,6.29,100.0,0.32
2025-01-08 15:00:00,372.743,8.82,100.0,6.1
2025-01-08 16:00:00,350.441,7.63,87.5,4.28
2025-01-08 17:00:00,322.498,9.11,100.0,1.04
2025-01-08 18:00:00,296.394,6.47,81.0,0.88
2025-01-08 19:00:00,278.582,3.59,96.2,3.55
2025-01-08 20:00:00,240.771,2.64,97.2,3.12
2025-01-08 21:00:00,217.486,6.69,100.0,8.28
2025-01-08 22:00:00,210.17,6.03,100.0,3.88
2025-01-08 23:00:00,223.992,2.26,100.0,1.58
2025-01-09 00:00:00,240.984,1.3,93.5,1.29
2025-01-09 01:00:00,229.946,3.78,100.0,2.8
2025-01-09 02:00:00,233.33,-0.63,100.0,0.42
2025-01-09 03:00:00,235.475,-0.39,93.9,0.61
2025-01-09 04:00:00,233.642,2.17,88.0,0.93
2025-01-09 05:00:00,229.281,0.81,100.0,1.55
2025-01-09 06:00:00,234.659,1.91,99.6,2.58
2025-01-09 07:00:00,258.221,2.28,92.5,4.07
2025-01-09 08:00:00,286.127,3.8,96.8,6.34
2025-01-09 09:00:00,303.756,6.29,96.8,5.54
2025-01-09 10:00:00,343.914,4.96,96.0,4.96
2025-01-09 11:00:00,359.697,6.57,84.9,1.86
2025-01-09 12:00:00,390.203,2.88,100.0,1.32
2025-01-09 13:00:00,392.861,6.56,100.0,3.5
2025-01-09 14:00:00,388.358,5.59,93.6,3.66
2025-01-09 15:00:00,384.187,5.09,94.5,1.02
2025-01-09 16:00:00,363.938,5.53,97.8,2.22
2025-01-09 17:00:00,337.772,6.1,88.1,1.23
2025-01-09 18:00:00,304.912,7.62,94.7,0.59
2025-01-09 19:00:00,284.001,3.42,90.6,3.31
2025-01-09 20:00:00,243.225,4.86,96.2,4.89
2025-01-09 21:00:00,229.947,3.26,91.8,7.78
2025-01-09 22:00:00,224.76,2.74,92.9,2.36
2025-01-09 23:00:00,217.072,4.14,100.0,0.47
2025-01-10 00:00:00,216.305,2.77,99.9,8.71
2025-01-10 01:00:00,222.882,3.57,99.6,9.22
2025-01-10 02:00:00,229.786,0.88,90.1,14.87
2025-01-10 03:00:00,241.254,-0.09,99.9,11.11
2025-01-10 04:00:00,232.751,0.77,100.0,3.17
2025-01-10 05:00:00,226.722,1.82,100.0,2.67
2025-01-10 06:00:00,231.86,2.19,87.4,4.54
2025-01-10 07:00:00,259.347,0.79,100.0,0.71
2025-01-10 08:00:00,278.193,3.39,100.0,1.48
2025-01-10 09:00:00,310.061,4.39,100.0,2.38
2025-01-10 10:00:00,331.239,8.83,87.1,5.68
2025-01-10 11:00:00,350.67,8.53,78.0,5.85
2025-01-10 12:00:00,378.782,4.78,90.7,2.49
2025-01-10 13:00:00,389.975,6.16,88.2,0.79
2025-01-10 14:00:00,397.918,4.58,100.0,4.83
2025-01-10 15:00:00,381.397,6.08,78.6,0.74
2025-01-10 16:00:00,361.485,7.43,90.3,1.7
2025-01-10 17:00:00,331.151,8.55,100.0,3.15
2025-01-10 18:00:00,316.44,4.98,96.5,0.65
2025-01-10 19:00:00,280.799,4.48,100.0,1.4
2025-01-10 20:00:00,254.346,1.37,91.6,5.35
2025-01-10 21:00:00,235.984,3.77,88.5,4.54
2025-01-10 22:00:00,231.757,1.55,100.0,0.9
2025-01-10 23:00:00,229.187,1.68,100.0,3.43
2025-01-11 00:00:00,235.604,0.49,100.0,0.46
2025-01-11 01:00:00,237.444,1.27,94.9,4.21
2025-01-11 02:00:00,253.438,-1.69,100.0,1.51
2025-01-11 03:00:00,253.368,-1.33,98.4,2.26
2025-01-11 04:00:00,234.38,4.53,100.0,2.87
2025-01-11 05:00:00,242.74,-0.64,100.0,0.95
2025-01-11 06:00:00,237.81,0.14,100.0,1.41
2025-01-11 07:00:00,219.067,5.46,92.0,7.98
2025-01-11 08:00:00,201.803,7.89,77.2,2.13
2025-01-11 09:00:00,230.187,2.14,90.3,3.0
2025-01-11 10:00:00,245.78,4.2,100.0,3.03
2025-01-11 11:00:00,250.944,6.06,88.7,6.46
2025-01-11 12:00:00,243.076,8.9,88.7,4.74
2025-01-11 13:00:00,260.036,5.04,100.0,1.0
2025-01-11 14:00:00,254.503,6.52,100.0,7.02
2025-01-11 15:00:00,240.4,8.26,90.6,8.8
2025-01-11 16:00:00,232.739,7.61,90.3,1.0
2025-01-11 17:00:00,231.857,6.01,95.4,2.02
2025-01-11 18:00:00,214.222,5.92,91.3,2.44
2025-01-11 19:00:00,211.985,3.32,95.3,2.09
2025-01-11 20:00:00,215.82,4.41,99.7,4.22
2025-01-11 21:00:00,222.209,3.59,99.5,2.27
2025-01-11 22:00:00,208.743,3.61,100.0,1.73
2025-01-11 23:00:00,227.723,1.63,100.0,4.36
2025-01-12 00:00:00,220.187,2.64,100.0,0.33
2025-01-12 01:00:00,226.037,3.03,92.7,3.17
2025-01-12 02:00:00,222.801,1.36,100.0,3.88
2025-01-12 03:00:00,224.364,1.57,96.9,6.72
2025-01-12 04:00:00,233.154,1.2,100.0,2.83
2025-01-12 05:00:00,237.353,1.41,100.0,0.5
2025-01-12 06:00:00,237.303,0.73,100.0,2.96
2025-01-12 07:00:00,238.651,3.02,100.0,0.46
2025-01-12 08:00:00,226.13,3.08,100.0,3.58
2025-01-12 09:00:00,216.881,7.36,100.0,5.94
2025-01-12 10:00:00,222.755,7.3,97.8,2.54
2025-01-12 11:00:00,234.962,6.13,100.0,2.27
2025-01-12 12:00:00,251.719,4.91,87.9,4.67
2025-01-12 13:00:00,255.21,4.83,100.0,3.49
2025-01-12 14:00:00,248.014,8.81,85.1,4.42
2025-01-12 15:00:00,248.682,7.43,89.6,10.95
2025-01-12 16:00:00,241.947,7.68,96.0,1.82
2025-01-12 17:00:00,236.136,3.82,100.0,3.76
2025-01-12 18:00:00,217.55,7.61,85.8,7.1
2025-01-12 19:00:00,215.828,6.24,91.6,7.18
2025-01-12 20:00:00,221.701,3.01,99.8,4.02
2025-01-12 21:00:00,221.505,3.25,97.7,2.2
2025-01-12 22:00:00,213.378,3.65,100.0,4.38
2025-01-12 23:00:00,222.679,2.59,100.0,4.45
2025-01-13 00:00:00,232.695,1.42,100.0,4.99
2025-01-13 01:00:00,232.651,1.24,97.3,1.06
2025-01-13 02:00:00,235.003,0.7,94.6,8.64
2025-01-13 03:00:00,229.646,1.25,99.7,7.12
2025-01-13 04:00:00,226.991,3.46,92.9,2.61
2025-01-13 05:00:00,246.44,-2.7,100.0,6.65
2025-01-13 06:00:00,244.035,1.5,100.0,2.47
2025-01-13 07:00:00,254.811,2.79,96.7,7.74
2025-01-13 08:00:00,282.011,3.7,100.0,2.94
2025-01-13 09:00:00,311.096,3.41,94.2,1.28
2025-01-13 10:00:00,359.57,1.97,99.9,9.99
2025-01-13 11:00:00,377.574,6.03,98.8,4.85
2025-01-13 12:00:00,385.436,8.89,96.3,2.34
2025-01-13 13:00:00,403.999,4.15,100.0,8.17
2025-01-13 14:00:00,394.239,8.28,94.4,4.42
2025-01-13 15:00:00,385.273,6.48,100.0,2.11
2025-01-13 16:00:00,370.548,6.8,89.9,8.24
2025-01-13 17:00:00,349.061,4.92,100.0,4.97
2025-01-13 18:00:00,318.343,5.59,100.0,3.55
2025-01-13 19:00:00,281.409,7.58,100.0,2.8
2025-01-13 20:00:00,238.622,5.71,85.4,1.23
2025-01-13 21:00:00,216.676,6.78,88.5,0.18
2025-01-13 22:00:00,216.257,5.11,100.0,4.63
2025-01-13 23:00:00,219.178,3.21,83.0,1.01
2025-01-14 00:00:00,217.287,4.67,99.8,1.23
2025-01-14 01:00:00,223.767,2.11,100.0,2.43
2025-01-14 02:00:00,230.891,2.43,96.5,2.48
2025-01-14 03:00:00,239.069,0.53,100.0,1.39
2025-01-14 04:00:00,246.354,1.21,95.3,4.63
2025-01-14 05:00:00,241.156,0.29,99.9,0.54
2025-01-14 06:00:00,231.837,3.46,95.6,4.56
2025-01-14 07:00:00,261.572,0.62,98.4,2.22
2025-01-14 08:00:00,284.193,4.48,92.7,1.32
2025-01-14 09:00:00,320.994,3.7,96.6,0.6
2025-01-14 10:00:00,333.673,6.65,92.4,3.17
2025-01-14 11:00:00,359.844,6.7,100.0,0.93
2025-01-14 12:00:00,377.429,9.04,88.4,0.8
2025-01-14 13:00:00,391.844,7.77,94.6,7.05
2025-01-14 14:00:00,402.405,4.38,93.8,0.72
2025-01-14 15:00:00,388.114,6.89,90.2,0.53
2025-01-14 16:00:00,370.761,5.02,86.1,4.31
2025-01-14 17:00:00,342.208,5.77,85.9,3.37
2025-01-14 18:00:00,299.268,8.54,84.2,1.71
2025-01-14 19:00:00,262.731,6.52,95.4,1.16
2025-01-14 20:00:00,241.098,3.66,100.0,1.47
2025-01-14 21:00:00,238.997,2.38,89.3,1.75
2025-01-14 22:00:00,231.908,3.28,95.5,3.96
2025-01-14 23:00:00,239.262,0.55,94.4,3.23
2025-01-15 00:00:00,238.652,0.8,100.0,2.02
2025-01-15 01:00:00,235.938,1.9,100.0,2.0
2025-01-15 02:00:00,221.281,2.95,96.6,4.45
2025-01-15 03:00:00,227.353,1.97,100.0,1.32
2025-01-15 04:00:00,241.293,-2.56,100.0,0.58
2025-01-15 05:00:00,236.651,1.89,100.0,6.53
2025-01-15 06:00:00,233.4,1.99,96.0,2.02
2025-01-15 07:00:00,253.162,3.16,99.9,9.32
2025-01-15 08:00:00,271.299,5.81,90.3,1.79
2025-01-15 09:00:00,318.848,0.7,100.0,2.69
2025-01-15 10:00:00,341.931,3.83,100.0,1.22
2025-01-15 11:00:00,358.329,6.45,86.2,3.27
2025-01-15 12:00:00,382.73,3.59,99.4,2.04
2025-01-15 13:00:00,375.978,8.96,90.2,2.25
2025-01-15 14:00:00,383.845,7.49,96.2,2.91
2025-01-15 15:00:00,369.174,8.35,96.7,1.83
2025-01-15 16:00:00,354.155,5.98,97.9,3.19
2025-01-15 17:00:00,329.099,7.9,90.5,1.49
2025-01-15 18:00:00,295.456,7.83,98.0,3.07
2025-01-15 19:00:00,273.922,5.87,89.9,0.47
2025-01-15 20:00:00,236.874,5.15,88.3,0.72
2025-01-15 21:00:00,217.925,4.43,78.0,1.2
2025-01-15 22:00:00,227.303,1.84,100.0,0.88
2025-01-15 23:00:00,227.665,2.26,95.3,0.95
2025-01-16 00:00:00,229.882,1.64,100.0,3.78
2025-01-16 01:00:00,236.316,2.02,88.7,2.09
2025-01-16 02:00:00,225.787,2.7,95.7,1.83
2025-01-16 03:00:00,241.889,-0.69,100.0,3.21
2025-01-16 04:00:00,237.085,0.9,96.0,3.4
2025-01-16 05:00:00,226.5,3.77,100.0,1.66
2025-01-16 06:00:00,231.183,0.69,99.1,5.44
2025-01-16 07:00:00,255.498,1.19,100.0,2.19
2025-01-16 08:00:00,283.464,3.55,100.0,4.05
2025-01-16 09:00:00,302.932,5.35,100.0,1.49
2025-01-16 10:00:00,340.828,4.8,97.2,3.12
2025-01-16 11:00:00,359.828,7.63,87.8,4.32
2025-01-16 12:00:00,369.361,7.49,90.2,3.97
2025-01-16 13:00:00,383.476,7.95,96.1,3.71
2025-01-16 14:00:00,389.043,7.79,86.4,1.42
2025-01-16 15:00:00,363.948,10.73,87.3,0.84
2025-01-16 16:00:00,353.489,6.57,91.9,0.75
2025-01-16 17:00:00,350.194,3.39,98.0,1.76
2025-01-16 18:00:00,306.753,8.69,85.2,1.65
2025-01-16 19:00:00,276.81,4.77,85.6,3.44
2025-01-16 20:00:00,242.461,4.95,99.6,2.61
2025-01-16 21:00:00,221.788,6.1,100.0,0.77
2025-01-16 22:00:00,238.271,0.66,91.7,4.87
2025-01-16 23:00:00,238.429,0.5,100.0,2.99
2025-01-17 00:00:00,243.447,-0.68,100.0,1.34
2025-01-17 01:00:00,245.686,0.14,100.0,1.55
2025-01-17 02:00:00,228.542,1.81,98.4,6.5
2025-01-17 03:00:00,233.923,1.84,95.2,0.88
2025-01-17 04:00:00,232.971,1.55,100.0,6.74
2025-01-17 05:00:00,242.49,-0.85,100.0,2.05
2025-01-17 06:00:00,254.407,-1.81,100.0,2.16
2025-01-17 07:00:00,262.242,2.59,98.7,3.22
2025-01-17 08:00:00,287.957,2.47,93.4,0.56
2025-01-17 09:00:00,315.223,4.74,99.3,2.98
2025-01-17 10:00:00,335.081,5.9,98.0,4.26
2025-01-17 11:00:00,371.31,5.73,96.6,1.72
2025-01-17 12:00:00,379.834,7.34,93.8,2.45
2025-01-17 13:00:00,397.789,6.97,100.0,9.46
2025-01-17 14:00:00,388.887,7.75,88.8,4.59
2025-01-17 15:00:00,382.954,5.88,100.0,1.12
2025-01-17 16:00:00,368.63,6.61,89.7,1.63
2025-01-17 17:00:00,335.433,6.92,100.0,2.0
2025-01-17 18:00:00,304.362,7.44,100.0,4.8
2025-01-17 19:00:00,278.773,4.87,94.8,1.12
2025-01-17 20:00:00,237.397,5.61,100.0,3.98
2025-01-17 21:00:00,226.439,3.58,100.0,4.0
2025-01-17 22:00:00,229.861,3.04,93.9,2.57
2025-01-17 23:00:00,230.944,3.83,95.8,4.91
2025-01-18 00:00:00,247.21,-1.3,100.0,1.22
2025-01-18 01:00:00,244.331,-0.66,100.0,5.61
2025-01-18 02:00:00,243.069,-1.26,98.8,0.44
2025-01-18 03:00:00,248.172,-2.72,100.0,1.11
2025-01-18 04:00:00,245.817,0.03,100.0,0.45
2025-01-18 05:00:00,228.704,2.61,96.7,1.29
2025-01-18 06:00:00,227.31,1.43,100.0,4.05
2025-01-18 07:00:00,223.596,2.83,100.0,3.33
2025-01-18 08:00:00,213.9,4.98,96.1,2.96
2025-01-18 09:00:00,221.849,6.13,100.0,1.27
2025-01-18 10:00:00,238.054,4.68,94.7,2.41
2025-01-18 11:00:00,237.04,7.68,98.7,5.65
2025-01-18 12:00:00,244.422,6.28,84.6,1.32
2025-01-18 13:00:00,242.278,5.27,93.3,1.37
2025-01-18 14:00:00,246.524,5.96,100.0,1.42
2025-01-18 15:00:00,256.343,4.64,100.0,2.84
2025-01-18 16:00:00,244.257,5.49,91.1,3.79
2025-01-18 17:00:00,227.535,6.03,89.6,4.43
2025-01-18 18:00:00,216.676,7.42,96.4,1.99
2025-01-18 19:00:00,199.008,8.26,88.1,1.84
2025-01-18 20:00:00,221.754,2.57,98.2,1.57
2025-01-18 21:00:00,230.665,4.64,100.0,3.62
2025-01-18 22:00:00,230.314,1.57,97.9,0.59
2025-01-18 23:00:00,231.024,3.27,87.0,2.21
2025-01-19 00:00:00,224.305,1.69,93.2,2.22
2025-01-19 01:00:00,232.852,-1.51,100.0,4.04
2025-01-19 02:00:00,224.975,2.6,88.6,0.78
2025-01-19 03:00:00,238.73,0.05,100.0,4.26
2025-01-19 04:00:00,239.689,0.26,94.7,3.46
2025-01-19 05:00:00,243.334,-0.29,100.0,8.07
2025-01-19 06:00:00,235.904,0.85,100.0,7.07
2025-01-19 07:00:00,229.244,3.2,92.6,5.38
2025-01-19 08:00:00,222.851,2.94,100.0,0.31
2025-01-19 09:00:00,222.894,4.54,91.3,0.86
2025-01-19 10:00:00,229.715,5.37,94.0,4.93
2025-01-19 11:00:00,235.013,7.63,100.0,2.17
2025-01-19 12:00:00,246.428,5.59,92.8,7.06
2025-01-19 13:00:00,257.668,4.25,95.7,2.61
2025-01-19 14:00:00,239.581,8.62,85.7,3.94
2025-01-19 15:00:00,244.793,6.49,100.0,3.74
2025-01-19 16:00:00,231.607,8.7,71.6,2.56
2025-01-19 17:00:00,222.418,7.23,90.6,4.98
2025-01-19 18:00:00,215.48,5.93,94.8,4.16
2025-01-19 19:00:00,213.919,6.07,90.9,0.94
2025-01-19 20:00:00,201.51,7.91,97.5,9.89
2025-01-19 21:00:00,200.474,7.34,100.0,0.86
2025-01-19 22:00:00,207.706,3.35,90.2,1.37
2025-01-19 23:00:00,219.567,2.77,100.0,3.89
2025-01-20 00:00:00,219.798,3.63,89.8,3.39
2025-01-20 01:00:00,233.085,0.07,100.0,4.41
2025-01-20 02:00:00,235.729,1.66,100.0,2.11
2025-01-20 03:00:00,239.594,0.98,99.0,3.57
2025-01-20 04:00:00,239.118,1.63,98.7,1.45
2025-01-20 05:00:00,238.326,0.09,100.0,2.61
2025-01-20 06:00:00,246.909,-0.64,100.0,6.5
2025-01-20 07:00:00,272.678,-0.79,99.0,0.85
2025-01-20 08:00:00,298.046,1.46,100.0,5.2
2025-01-20 09:00:00,324.398,3.29,94.2,2.24
2025-01-20 10:00:00,348.004,4.33,90.0,1.19
2025-01-20 11:00:00,363.313,8.63,86.4,1.26
2025-01-20 12:00:00,378.193,7.92,85.4,2.18
2025-01-20 13:00:00,393.062,5.08,93.8,5.36
2025-01-20 14:00:00,387.085,7.48,95.5,3.55
2025-01-20 15:00:00,384.306,6.37,95.2,0.78
2025-01-20 16:00:00,372.939,6.47,100.0,5.01
2025-01-20 17:00:00,344.278,6.92,80.4,4.45
2025-01-20 18:00:00,309.999,7.14,96.2,0.45
2025-01-20 19:00:00,282.343,4.98,96.5,1.14
2025-01-20 20:00:00,236.898,6.5,99.2,5.75
2025-01-20 21:00:00,232.489,2.2,100.0,2.57
2025-01-20 22:00:00,230.08,3.26,97.8,4.99
2025-01-20 23:00:00,211.68,6.68,95.1,0.21
2025-01-21 00:00:00,227.761,2.27,95.8,0.11
2025-01-21 01:00:00,222.309,3.73,100.0,4.09
2025-01-21 02:00:00,229.094,1.29,90.3,1.58
2025-01-21 03:00:00,238.638,1.97,100.0,4.25
2025-01-21 04:00:00,229.994,1.05,100.0,5.04
2025-01-21 05:00:00,233.224,1.17,98.8,1.6
2025-01-21 06:00:00,232.855,0.67,100.0,2.39
2025-01-21 07:00:00,252.22,3.23,97.9,1.99
2025-01-21 08:00:00,283.179,1.9,100.0,1.58
2025-01-21 09:00:00,310.812,5.1,100.0,3.04
2025-01-21 10:00:00,337.591,6.55,100.0,4.69
2025-01-21 11:00:00,362.601,6.12,91.4,1.38
2025-01-21 12:00:00,385.19,5.7,99.2,1.37
2025-01-21 13:00:00,378.197,7.36,97.1,1.61
2025-01-21 14:00:00,385.906,6.44,88.8,3.9
2025-01-21 15:00:00,373.984,8.53,83.9,5.02
2025-01-21 16:00:00,369.578,4.0,97.4,1.96
2025-01-21 17:00:00,342.481,6.1,99.7,0.34
2025-01-21 18:00:00,317.041,2.97,89.6,1.01
2025-01-21 19:00:00,279.603,3.15,94.7,1.87
2025-01-21 20:00:00,233.653,7.0,97.0,1.22
2025-01-21 21:00:00,215.009,5.47,96.0,0.78
2025-01-21 22:00:00,225.413,2.11,100.0,2.67
2025-01-21 23:00:00,234.714,0.13,94.7,11.51
2025-01-22 00:00:00,249.996,-2.81,100.0,1.07
2025-01-22 01:00:00,242.714,0.58,93.4,3.06
2025-01-22 02:00:00,225.769,5.03,84.2,3.76
2025-01-22 03:00:00,228.82,1.75,100.0,3.98
2025-01-22 04:00:00,233.544,0.26,96.2,2.45
2025-01-22 05:00:00,228.982,2.2,100.0,0.82
2025-01-22 06:00:00,244.07,-0.57,100.0,4.67
2025-01-22 07:00:00,253.357,2.08,99.3,0.53
2025-01-22 08:00:00,281.235,3.43,93.5,2.25
2025-01-22 09:00:00,319.493,3.91,100.0,2.08
2025-01-22 10:00:00,344.089,6.09,93.0,0.89
2025-01-22 11:00:00,370.026,6.1,100.0,1.61
2025-01-22 12:00:00,380.272,7.24,92.2,3.89
2025-01-22 13:00:00,386.747,5.55,89.8,2.25
2025-01-22 14:00:00,377.223,8.39,81.5,0.64
2025-01-22 15:00:00,365.932,9.66,88.8,4.28
2025-01-22 16:00:00,368.088,5.4,88.2,7.92
2025-01-22 17:00:00,343.743,5.23,88.0,0.74
2025-01-22 18:00:00,302.699,8.31,94.9,2.4
2025-01-22 19:00:00,275.394,5.24,85.4,2.47
2025-01-22 20:00:00,230.676,7.07,100.0,0.72
2025-01-22 21:00:00,225.612,3.34,99.7,5.88
2025-01-22 22:00:00,212.157,5.6,95.3,2.51
2025-01-22 23:00:00,225.421,2.76,93.3,4.78
2025-01-23 00:00:00,231.724,2.36,100.0,3.2
2025-01-23 01:00:00,221.292,3.97,97.8,5.73
2025-01-23 02:00:00,229.8,0.59,98.5,3.17
2025-01-23 03:00:00,240.419,-0.44,100.0,1.77
2025-01-23 04:00:00,235.066,0.45,92.7,3.68
2025-01-23 05:00:00,232.328,2.19,90.5,1.25
2025-01-23 06:00:00,238.699,-0.56,97.5,3.94
2025-01-23 07:00:00,247.817,3.59,100.0,1.07
2025-01-23 08:00:00,292.565,2.43,100.0,2.34
2025-01-23 09:00:00,311.546,5.9,100.0,1.99
2025-01-23 10:00:00,357.451,1.01,96.5,3.0
2025-01-23 11:00:00,373.227,4.31,100.0,6.38
2025-01-23 12:00:00,399.59,3.49,97.8,1.57
2025-01-23 13:00:00,409.977,5.34,90.3,4.57
2025-01-23 14:00:00,390.748,7.36,95.4,5.86
2025-01-23 15:00:00,381.492,6.78,93.5,4.47
2025-01-23 16:00:00,370.493,6.56,90.4,2.99
2025-01-23 17:00:00,340.935,6.41,94.7,2.87
2025-01-23 18:00:00,310.176,6.51,93.5,1.49
2025-01-23 19:00:00,272.996,3.95,96.9,0.54
2025-01-23 20:00:00,230.814,5.97,92.6,2.58
2025-01-23 21:00:00,223.07,5.13,88.4,6.21
2025-01-23 22:00:00,220.527,3.91,98.4,6.8
2025-01-23 23:00:00,219.01,3.46,93.7,0.67
2025-01-24 00:00:00,219.795,2.44,93.9,6.66
2025-01-24 01:00:00,220.24,4.74,95.3,3.8
2025-01-24 02:00:00,224.094,1.05,100.0,3.5
2025-01-24 03:00:00,240.519,0.59,100.0,6.18
2025-01-24 04:00:00,239.215,-0.02,100.0,5.02
2025-01-24 05:00:00,243.503,-0.17,100.0,1.06
2025-01-24 06:00:00,244.489,-0.03,100.0,1.34
2025-01-24 07:00:00,258.817,1.16,87.4,0.47
2025-01-24 08:00:00,285.054,3.19,100.0,3.38
2025-01-24 09:00:00,311.901,4.62,85.7,1.18
2025-01-24 10:00:00,340.166,4.94,88.0,1.71
2025-01-24 11:00:00,365.071,4.36,94.2,5.69
2025-01-24 12:00:00,379.366,7.65,100.0,3.72
2025-01-24 13:00:00,382.117,7.86,100.0,3.79
2025-01-24 14:00:00,389.397,6.73,98.2,9.76
2025-01-24 15:00:00,386.194,6.04,97.1,0.06
2025-01-24 16:00:00,364.066,7.86,81.2,1.24
2025-01-24 17:00:00,335.403,6.98,94.6,1.98
2025-01-24 18:00:00,319.194,3.89,94.7,1.31
2025-01-24 19:00:00,283.453,5.48,90.8,4.75
2025-01-24 20:00:00,237.438,5.28,96.9,2.17
2025-01-24 21:00:00,227.946,2.64,96.9,0.95
2025-01-24 22:00:00,228.386,3.61,100.0,3.17
2025-01-24 23:00:00,238.894,0.26,91.4,3.57
2025-01-25 00:00:00,219.544,4.12,98.1,1.03
2025-01-25 01:00:00,216.522,3.5,93.2,2.26
2025-01-25 02:00:00,232.028,0.8,99.8,3.63
2025-01-25 03:00:00,228.553,1.68,100.0,5.91
2025-01-25 04:00:00,247.636,-2.65,100.0,1.43
2025-01-25 05:00:00,253.607,-0.34,100.0,3.93
2025-01-25 06:00:00,242.201,1.51,100.0,1.63
2025-01-25 07:00:00,234.792,0.89,98.2,2.75
2025-01-25 08:00:00,223.843,4.47,94.3,1.12
2025-01-25 09:00:00,223.846,7.3,92.3,3.84
2025-01-25 10:00:00,242.729,3.0,94.6,5.24
2025-01-25 11:00:00,252.634,4.26,97.5,2.34
2025-01-25 12:00:00,247.429,6.6,92.5,2.11
2025-01-25 13:00:00,238.148,9.28,86.7,1.95
2025-01-25 14:00:00,253.328,5.05,100.0,0.85
2025-01-25 15:00:00,242.15,7.5,95.4,4.39
2025-01-25 16:00:00,216.215,9.92,87.2,5.8
2025-01-25 17:00:00,224.667,4.06,98.6,1.36
2025-01-25 18:00:00,222.265,4.18,91.4,3.03
2025-01-25 19:00:00,222.305,4.93,93.9,3.77
2025-01-25 20:00:00,226.648,4.05,95.8,1.6
2025-01-25 21:00:00,219.838,5.4,88.4,6.78
2025-01-25 22:00:00,223.322,3.71,100.0,3.07
2025-01-25 23:00:00,234.336,-0.24,100.0,0.67
2025-01-26 00:00:00,231.895,2.83,97.3,5.43
2025-01-26 01:00:00,234.541,0.6,99.1,2.41
2025-01-26 02:00:00,228.943,3.27,100.0,1.84
2025-01-26 03:00:00,233.51,0.12,99.3,4.16
2025-01-26 04:00:00,245.222,0.21,90.7,1.65
2025-01-26 05:00:00,226.668,2.39,90.5,6.5
2025-01-26 06:00:00,228.494,3.22,100.0,5.56
2025-01-26 07:00:00,228.519,3.34,100.0,7.1
2025-01-26 08:00:00,238.73,0.65,98.4,9.4
2025-01-26 09:00:00,228.066,4.99,100.0,3.73
2025-01-26 10:00:00,234.859,3.25,100.0,2.59
2025-01-26 11:00:00,243.904,6.0,93.9,1.59
2025-01-26 12:00:00,262.517,3.97,96.3,3.99
2025-01-26 13:00:00,257.721,7.44,94.1,9.23
2025-01-26 14:00:00,258.47,5.73,100.0,0.86
2025-01-26 15:00:00,252.749,5.07,98.7,3.27
2025-01-26 16:00:00,236.015,8.17,87.9,0.66
2025-01-26 17:00:00,228.6,7.11,92.4,0.63
2025-01-26 18:00:00,219.0,5.26,100.0,5.93
2025-01-26 19:00:00,212.298,7.95,93.8,5.3
2025-01-26 20:00:00,208.337,4.2,100.0,1.52
2025-01-26 21:00:00,210.862,4.18,100.0,1.01
2025-01-26 22:00:00,221.065,3.78,99.7,7.29
2025-01-26 23:00:00,234.946,1.63,100.0,1.08
2025-01-27 00:00:00,228.637,2.78,100.0,0.79
2025-01-27 01:00:00,228.746,0.7,100.0,1.11
2025-01-27 02:00:00,242.529,0.59,100.0,3.52
2025-01-27 03:00:00,233.826,3.33,94.6,10.27
2025-01-27 04:00:00,241.863,-0.41,100.0,1.61
2025-01-27 05:00:00,249.186,-2.31,100.0,5.88
2025-01-27 06:00:00,229.844,4.6,95.1,2.85
2025-01-27 07:00:00,236.306,6.73,100.0,0.34
2025-01-27 08:00:00,288.674,2.72,90.4,1.66
2025-01-27 09:00:00,334.048,1.05,100.0,5.34
2025-01-27 10:00:00,361.428,4.43,92.0,5.14
2025-01-27 11:00:00,370.941,5.19,96.9,1.46
2025-01-27 12:00:00,377.665,5.97,100.0,4.38
2025-01-27 13:00:00,391.989,4.97,90.7,2.37
2025-01-27 14:00:00,397.235,7.97,87.9,3.42
2025-01-27 15:00:00,380.225,7.99,92.1,6.11
2025-01-27 16:00:00,374.398,4.66,91.8,1.51
2025-01-27 17:00:00,334.893,7.87,97.7,1.91
2025-01-27 18:00:00,294.778,9.55,86.8,6.19
2025-01-27 19:00:00,271.387,5.92,99.0,9.57
2025-01-27 20:00:00,248.689,4.39,89.3,4.89
2025-01-27 21:00:00,236.124,3.92,87.1,3.27
2025-01-27 22:00:00,217.18,4.36,95.9,4.86
2025-01-27 23:00:00,234.261,-0.12,94.2,1.65
2025-01-28 00:00:00,225.945,2.32,100.0,2.73
2025-01-28 01:00:00,228.073,0.95,92.9,0.62
2025-01-28 02:00:00,223.61,4.23,91.2,1.68
2025-01-28 03:00:00,237.479,0.9,100.0,3.58
2025-01-28 04:00:00,232.494,3.95,94.4,3.03
2025-01-28 05:00:00,238.52,-0.19,94.6,0.22
2025-01-28 06:00:00,231.418,2.99,100.0,2.16
2025-01-28 07:00:00,257.91,3.19,92.9,2.99
2025-01-28 08:00:00,284.26,2.01,99.4,3.07
2025-01-28 09:00:00,321.514,4.46,95.9,0.77
2025-01-28 10:00:00,337.432,6.89,98.0,4.44
2025-01-28 11:00:00,369.33,5.16,99.0,8.68
2025-01-28 12:00:00,390.659,3.59,93.4,4.82
2025-01-28 13:00:00,387.862,6.74,92.0,2.73
2025-01-28 14:00:00,396.606,5.63,94.2,7.4
2025-01-28 15:00:00,384.671,6.63,98.6,1.65
2025-01-28 16:00:00,364.984,6.94,86.7,4.04
2025-01-28 17:00:00,347.691,4.04,100.0,2.51
2025-01-28 18:00:00,329.683,3.71,93.6,7.46
2025-01-28 19:00:00,289.134,6.45,94.3,1.16
2025-01-28 20:00:00,251.291,4.11,90.7,1.15
2025-01-28 21:00:00,247.864,0.07,95.5,6.28
2025-01-28 22:00:00,222.149,4.65,91.6,3.83
2025-01-28 23:00:00,227.814,3.11,93.2,6.63
2025-01-29 00:00:00,234.852,0.94,99.6,1.26
2025-01-29 01:00:00,242.948,-0.5,98.2,1.48
2025-01-29 02:00:00,228.682,2.64,100.0,3.36
2025-01-29 03:00:00,232.943,1.76,96.2,0.65
2025-01-29 04:00:00,227.781,5.12,90.9,3.19
2025-01-29 05:00:00,223.778,2.28,97.9,1.89
2025-01-29 06:00:00,228.072,2.7,100.0,2.5
2025-01-29 07:00:00,250.671,2.44,100.0,4.42
2025-01-29 08:00:00,279.273,4.73,96.2,4.58
2025-01-29 09:00:00,309.065,5.2,87.5,8.4
2025-01-29 10:00:00,334.351,6.98,86.8,5.64
2025-01-29 11:00:00,362.515,4.87,88.9,0.35
2025-01-29 12:00:00,383.308,5.63,100.0,1.25
2025-01-29 13:00:00,395.196,6.03,98.1,1.34
2025-01-29 14:00:00,392.642,8.37,86.5,5.25
2025-01-29 15:00:00,372.4,9.6,86.6,7.6
2025-01-29 16:00:00,362.414,6.37,89.5,0.88
2025-01-29 17:00:00,337.197,6.12,89.5,5.34
2025-01-29 18:00:00,306.063,6.83,96.6,2.73
2025-01-29 19:00:00,275.024,5.31,94.2,2.44
2025-01-29 20:00:00,228.861,6.5,100.0,1.63
2025-01-29 21:00:00,236.361,0.6,100.0,2.18
2025-01-29 22:00:00,231.886,2.1,100.0,3.2
2025-01-29 23:00:00,232.879,1.45,100.0,1.8
2025-01-30 00:00:00,248.753,-1.6,100.0,3.69
2025-01-30 01:00:00,241.977,0.09,100.0,2.45
2025-01-30 02:00:00,245.266,-0.13,100.0,2.24
2025-01-30 03:00:00,246.581,0.91,100.0,4.2
2025-01-30 04:00:00,239.202,3.12,100.0,3.43
2025-01-30 05:00:00,234.305,1.24,100.0,0.23
2025-01-30 06:00:00,233.342,0.46,100.0,3.81
2025-01-30 07:00:00,251.986,2.64,100.0,3.29
2025-01-30 08:00:00,272.878,5.13,87.6,5.89
2025-01-30 09:00:00,319.324,2.67,100.0,3.39
2025-01-30 10:00:00,352.679,3.55,97.3,2.08
2025-01-30 11:00:00,366.568,6.63,85.7,1.58
2025-01-30 12:00:00,375.848,6.0,90.5,0.53
2025-01-30 13:00:00,381.545,7.87,82.5,2.7
2025-01-30 14:00:00,390.152,7.11,97.4,1.36
2025-01-30 15:00:00,380.283,8.35,85.5,6.5
2025-01-30 16:00:00,371.209,5.47,96.7,2.79
2025-01-30 17:00:00,354.876,6.81,100.0,1.04
2025-01-30 18:00:00,316.521,6.02,90.9,0.38
2025-01-30 19:00:00,274.085,3.79,96.5,0.57
2025-01-30 20:00:00,241.856,2.51,92.1,3.58
2025-01-30 21:00:00,227.206,5.33,93.6,7.01
2025-01-30 22:00:00,226.795,2.89,100.0,4.13
2025-01-30 23:00:00,230.974,1.1,100.0,2.49
2025-01-31 00:00:00,233.231,1.99,99.0,9.69
2025-01-31 01:00:00,224.242,3.47,94.9,4.79
2025-01-31 02:00:00,243.838,-2.28,100.0,3.41
2025-01-31 03:00:00,251.501,-1.13,100.0,2.04
2025-01-31 04:00:00,255.125,-0.11,100.0,7.26
2025-01-31 05:00:00,240.45,4.0,100.0,2.2
2025-01-31 06:00:00,227.652,2.59,94.0,1.35
2025-01-31 07:00:00,247.808,3.99,92.1,2.58
2025-01-31 08:00:00,286.613,1.66,100.0,2.99
2025-01-31 09:00:00,325.888,2.47,92.9,5.08
2025-01-31 10:00:00,344.175,5.76,99.7,1.33
2025-01-31 11:00:00,364.249,5.86,95.1,1.55
2025-01-31 12:00:00,383.162,7.26,82.3,1.62
2025-01-31 13:00:00,390.611,6.56,94.9,2.47
2025-01-31 14:00:00,386.713,7.61,82.6,1.06
2025-01-31 15:00:00,380.822,7.52,97.0,6.45
2025-01-31 16:00:00,360.233,8.41,90.1,0.57
2025-01-31 17:00:00,338.082,8.15,100.0,7.4
2025-01-31 18:00:00,324.367,3.79,100.0,4.73
2025-01-31 19:00:00,286.561,2.17,94.0,1.25
2025-01-31 20:00:00,238.576,6.64,82.0,2.32
2025-01-31 21:00:00,218.75,6.16,90.2,1.44
2025-01-31 22:00:00,225.815,1.85,93.5,4.79
2025-01-31 23:00:00,240.914,-0.21,100.0,6.89
2025-02-01 00:00:00,245.003,2.33,100.0,15.62
2025-02-01 01:00:00,230.287,3.19,100.0,3.95
2025-02-01 02:00:00,228.773,4.28,95.7,0.59
2025-02-01 03:00:00,222.447,2.12,99.3,1.17
2025-02-01 04:00:00,234.028,0.81,100.0,3.8
2025-02-01 05:00:00,233.527,0.27,100.0,2.4
2025-02-01 06:00:00,229.122,2.19,100.0,4.68
2025-02-01 07:00:00,229.308,2.32,93.8,3.46
2025-02-01 08:00:00,227.797,1.9,100.0,1.27
2025-02-01 09:00:00,207.309,7.58,91.0,2.1
2025-02-01 10:00:00,221.799,7.93,89.6,4.84
2025-02-01 11:00:00,235.05,7.62,75.8,3.6
2025-02-01 12:00:00,249.795,4.95,100.0,4.72
2025-02-01 13:00:00,243.933,8.26,92.4,0.82
2025-02-01 14:00:00,240.039,8.22,92.5,1.35
2025-02-01 15:00:00,231.81,8.01,89.8,6.13
2025-02-01 16:00:00,215.308,9.19,87.1,0.85
2025-02-01 17:00:00,217.767,7.91,90.1,4.52
2025-02-01 18:00:00,210.251,7.6,95.5,0.75
2025-02-01 19:00:00,208.929,6.82,97.7,2.95
2025-02-01 20:00:00,210.912,5.62,94.1,1.86
2025-02-01 21:00:00,226.889,1.44,100.0,1.25
2025-02-01 22:00:00,226.606,3.65,97.8,3.13
2025-02-01 23:00:00,227.295,1.91,97.7,5.93
2025-02-02 00:00:00,235.44,0.16,100.0,1.52
2025-02-02 01:00:00,221.867,4.43,89.0,0.29
2025-02-02 02:00:00,218.268,4.2,98.9,2.45
2025-02-02 03:00:00,224.515,3.51,89.2,1.24
2025-02-02 04:00:00,236.094,1.84,94.7,4.92
2025-02-02 05:00:00,216.015,3.9,85.8,1.85
2025-02-02 06:00:00,222.125,2.23,99.2,1.57
2025-02-02 07:00:00,221.511,3.16,100.0,2.03
2025-02-02 08:00:00,233.763,1.81,100.0,5.93
2025-02-02 09:00:00,225.018,4.97,100.0,3.74
2025-02-02 10:00:00,220.939,5.21,100.0,1.08
2025-02-02 11:00:00,246.3,3.75,100.0,0.81
2025-02-02 12:00:00,255.558,6.37,89.9,7.33
2025-02-02 13:00:00,244.916,6.8,90.1,1.54
2025-02-02 14:00:00,237.499,10.11,89.3,6.05
2025-02-02 15:00:00,240.101,8.76,87.3,2.37
2025-02-02 16:00:00,228.399,7.25,89.9,1.37
2025-02-02 17:00:00,220.508,7.33,99.1,1.47
2025-02-02 18:00:00,213.385,6.53,100.0,2.46
2025-02-02 19:00:00,204.711,5.51,85.8,0.28
2025-02-02 20:00:00,212.447,3.38,93.8,1.41
2025-02-02 21:00:00,212.174,4.09,94.9,9.17
2025-02-02 22:00:00,225.062,2.36,100.0,11.0
2025-02-02 23:00:00,228.095,0.83,100.0,1.54
2025-02-03 00:00:00,227.478,3.07,100.0,4.36
2025-02-03 01:00:00,230.898,2.4,97.2,3.66
2025-02-03 02:00:00,246.611,-1.39,100.0,0.93
2025-02-03 03:00:00,250.079,1.17,100.0,4.41
2025-02-03 04:00:00,235.14,3.07,95.0,1.99
2025-02-03 05:00:00,226.055,3.47,97.7,2.86
2025-02-03 06:00:00,221.832,3.89,95.5,5.05
2025-02-03 07:00:00,244.776,2.93,83.6,2.1
2025-02-03 08:00:00,286.254,2.24,100.0,2.08
2025-02-03 09:00:00,320.151,2.64,98.6,4.07
2025-02-03 10:00:00,346.923,5.7,100.0,6.17
2025-02-03 11:00:00,361.457,6.48,94.4,3.9
2025-02-03 12:00:00,369.985,8.55,83.9,2.17
2025-02-03 13:00:00,381.153,8.73,89.6,5.73
2025-02-03 14:00:00,384.894,7.06,81.0,3.55
2025-02-03 15:00:00,377.654,5.38,88.6,7.1
2025-02-03 16:00:00,365.258,6.76,97.8,8.4
2025-02-03 17:00:00,334.92,7.32,91.7,3.86
2025-02-03 18:00:00,314.678,6.17,100.0,6.76
2025-02-03 19:00:00,285.704,4.95,84.7,6.9
2025-02-03 20:00:00,231.005,5.55,94.2,2.57
2025-02-03 21:00:00,230.714,3.56,95.6,6.89
2025-02-03 22:00:00,230.196,2.59,100.0,2.96
2025-02-03 23:00:00,220.39,3.37,100.0,4.72
2025-02-04 00:00:00,231.127,1.65,100.0,2.74
2025-02-04 01:00:00,223.531,2.2,100.0,0.68
2025-02-04 02:00:00,236.012,1.95,98.5,10.05
2025-02-04 03:00:00,238.651,-0.41,100.0,4.58
2025-02-04 04:00:00,232.372,0.74,96.1,4.87
2025-02-04 05:00:00,233.212,4.11,91.2,3.19
2025-02-04 06:00:00,232.064,0.43,100.0,6.86
2025-02-04 07:00:00,260.99,-0.48,95.0,2.52
2025-02-04 08:00:00,293.811,0.66,100.0,2.66
2025-02-04 09:00:00,315.903,4.46,97.8,1.09
2025-02-04 10:00:00,346.195,5.24,100.0,3.44
2025-02-04 11:00:00,369.126,5.72,95.0,6.62
2025-02-04 12:00:00,379.667,8.47,91.9,2.55
2025-02-04 13:00:00,402.27,2.73,100.0,0.95
2025-02-04 14:00:00,384.946,7.94,88.3,5.69
2025-02-04 15:00:00,371.665,9.91,85.3,4.1
2025-02-04 16:00:00,368.461,5.5,98.5,9.27
2025-02-04 17:00:00,338.82,6.4,94.3,1.47
2025-02-04 18:00:00,321.725,5.33,93.5,4.59
2025-02-04 19:00:00,285.667,4.48,96.6,0.91
2025-02-04 20:00:00,247.571,4.67,100.0,2.8
2025-02-04 21:00:00,225.987,6.69,91.4,3.23
2025-02-04 22:00:00,210.624,6.57,91.4,0.6
2025-02-04 23:00:00,225.498,2.37,89.8,6.29
2025-02-05 00:00:00,219.642,5.38,95.6,5.14
2025-02-05 01:00:00,224.576,1.91,100.0,4.1
2025-02-05 02:00:00,214.177,4.36,100.0,0.97
2025-02-05 03:00:00,225.64,1.3,100.0,1.6
2025-02-05 04:00:00,232.97,1.76,100.0,5.57
2025-02-05 05:00:00,229.941,2.44,100.0,2.78
2025-02-05 06:00:00,211.266,7.42,99.7,2.36
2025-02-05 07:00:00,242.392,4.31,100.0,6.75
2025-02-05 08:00:00,281.724,2.54,100.0,3.14
2025-02-05 09:00:00,314.373,6.0,94.0,1.06
2025-02-05 10:00:00,346.717,4.65,88.9,5.52
2025-02-05 11:00:00,366.143,5.17,100.0,0.93
2025-02-05 12:00:00,368.257,8.03,96.8,2.8
2025-02-05 13:00:00,382.114,7.1,100.0,3.48
2025-02-05 14:00:00,381.504,7.8,100.0,4.72
2025-02-05 15:00:00,371.816,7.47,100.0,0.73
2025-02-05 16:00:00,359.285,7.89,96.1,0.22
2025-02-05 17:00:00,333.126,7.73,94.0,0.23
2025-02-05 18:00:00,311.104,3.47,90.2,7.34
2025-02-05 19:00:00,272.935,7.02,95.4,0.6
2025-02-05 20:00:00,238.009,3.66,95.0,8.65
2025-02-05 21:00:00,237.289,2.14,100.0,5.94
2025-02-05 22:00:00,225.094,3.58,98.7,1.24
2025-02-05 23:00:00,223.779,3.09,100.0,0.34
2025-02-06 00:00:00,230.056,1.27,100.0,2.97
2025-02-06 01:00:00,225.024,3.23,100.0,1.82
2025-02-06 02:00:00,239.38,-0.55,87.8,6.83
2025-02-06 03:00:00,238.366,0.84,100.0,3.45
2025-02-06 04:00:00,245.768,0.66,100.0,2.82
2025-02-06 05:00:00,237.768,1.82,100.0,2.37
2025-02-06 06:00:00,232.498,2.82,100.0,4.71
2025-02-06 07:00:00,255.48,1.38,100.0,2.62
2025-02-06 08:00:00,285.268,4.88,97.6,9.82
2025-02-06 09:00:00,309.395,4.6,97.0,0.58
2025-02-06 10:00:00,354.748,2.25,100.0,2.17
2025-02-06 11:00:00,374.363,2.86,99.4,4.24
2025-02-06 12:00:00,380.815,6.6,89.5,3.84
2025-02-06 13:00:00,385.343,6.74,90.9,9.8
2025-02-06 14:00:00,387.305,7.23,86.6,1.49
2025-02-06 15:00:00,374.706,7.45,96.1,0.09
2025-02-06 16:00:00,362.4,7.75,92.6,5.62
2025-02-06 17:00:00,328.526,8.61,89.2,3.33
2025-02-06 18:00:00,313.25,4.84,93.2,5.66
2025-02-06 19:00:00,284.681,4.12,100.0,3.7
2025-02-06 20:00:00,246.619,3.52,100.0,0.17
2025-02-06 21:00:00,227.677,4.96,89.7,3.88
2025-02-06 22:00:00,216.911,5.71,87.7,1.48
2025-02-06 23:00:00,219.772,2.31,100.0,2.17
2025-02-07 00:00:00,233.24,-1.58,97.4,2.55
2025-02-07 01:00:00,242.01,-0.78,100.0,0.93
2025-02-07 02:00:00,238.319,0.31,100.0,1.44
2025-02-07 03:00:00,240.863,0.65,100.0,4.95
2025-02-07 04:00:00,245.362,0.99,100.0,4.94
2025-02-07 05:00:00,233.25,2.01,100.0,0.51
2025-02-07 06:00:00,229.452,1.92,100.0,3.36
2025-02-07 07:00:00,246.17,4.72,82.8,5.34
2025-02-07 08:00:00,284.129,2.68,96.9,3.1
2025-02-07 09:00:00,321.959,3.16,100.0,3.51
2025-02-07 10:00:00,341.38,6.08,92.9,0.55
2025-02-07 11:00:00,382.755,3.58,100.0,6.65
2025-02-07 12:00:00,385.853,7.29,93.0,1.01
2025-02-07 13:00:00,391.916,7.3,94.0,2.08
2025-02-07 14:00:00,389.96,7.2,91.7,5.37
2025-02-07 15:00:00,377.053,10.08,86.1,8.3
2025-02-07 16:00:00,362.29,6.44,91.1,2.22
2025-02-07 17:00:00,327.75,10.44,90.4,11.46
2025-02-07 18:00:00,308.499,6.3,89.9,3.19
2025-02-07 19:00:00,280.132,4.0,100.0,2.92
2025-02-07 20:00:00,239.123,5.43,99.7,1.16
2025-02-07 21:00:00,234.884,2.82,100.0,2.12
2025-02-07 22:00:00,231.117,2.56,93.0,3.41
2025-02-07 23:00:00,225.14,3.68,88.1,4.28
2025-02-08 00:00:00,222.114,3.36,98.7,4.13
2025-02-08 01:00:00,234.346,1.0,100.0,1.93
2025-02-08 02:00:00,228.41,3.27,100.0,7.29
2025-02-08 03:00:00,224.631,3.44,95.3,2.99
2025-02-08 04:00:00,222.657,3.99,100.0,2.84
2025-02-08 05:00:00,224.807,2.84,100.0,1.09
2025-02-08 06:00:00,224.446,4.65,88.7,4.6
2025-02-08 07:00:00,233.926,0.08,100.0,2.72
2025-02-08 08:00:00,232.928,3.3,97.8,2.25
2025-02-08 09:00:00,234.14,3.2,98.4,0.78
2025-02-08 10:00:00,237.419,5.56,95.8,0.81
2025-02-08 11:00:00,245.343,5.17,100.0,3.68
2025-02-08 12:00:00,260.026,6.44,89.8,8.04
2025-02-08 13:00:00,241.931,10.2,78.9,2.39
2025-02-08 14:00:00,243.517,7.22,95.2,2.38
2025-02-08 15:00:00,239.345,8.25,79.6,4.64
2025-02-08 16:00:00,234.402,7.12,91.6,6.48
2025-02-08 17:00:00,224.026,7.31,100.0,1.78
2025-02-08 18:00:00,216.527,6.72,97.5,1.1
2025-02-08 19:00:00,209.444,6.81,100.0,2.66
2025-02-08 20:00:00,206.056,7.23,97.0,4.09
2025-02-08 21:00:00,201.129,7.22,100.0,0.23
2025-02-08 22:00:00,208.473,4.31,93.8,2.0
2025-02-08 23:00:00,215.063,4.03,100.0,2.45
2025-02-09 00:00:00,228.28,0.68,99.8,2.19
2025-02-09 01:00:00,233.707,1.9,100.0,0.7
2025-02-09 02:00:00,223.108,3.24,98.5,2.0
2025-02-09 03:00:00,229.964,3.02,100.0,2.48
2025-02-09 04:00:00,228.522,2.08,97.3,1.28
2025-02-09 05:00:00,225.664,3.46,100.0,3.43
2025-02-09 06:00:00,220.764,3.3,100.0,5.14
2025-02-09 07:00:00,219.903,5.06,96.1,5.27
2025-02-09 08:00:00,213.811,4.32,100.0,1.57
2025-02-09 09:00:00,227.807,4.07,99.3,4.03
2025-02-09 10:00:00,234.608,5.95,97.2,3.79
2025-02-09 11:00:00,258.597,1.45,100.0,9.26
2025-02-09 12:00:00,242.884,7.37,88.9,4.05
2025-02-09 13:00:00,275.541,1.4,99.4,4.23
2025-02-09 14:00:00,263.349,4.78,86.6,5.88
2025-02-09 15:00:00,245.778,8.36,96.7,0.89
2025-02-09 16:00:00,229.415,8.3,84.4,2.93
2025-02-09 17:00:00,234.656,5.38,94.6,8.38
2025-02-09 18:00:00,221.202,5.62,99.4,8.5
2025-02-09 19:00:00,202.191,8.33,96.8,2.0
2025-02-09 20:00:00,215.413,4.64,86.3,8.23
2025-02-09 21:00:00,198.157,8.23,91.3,2.26
2025-02-09 22:00:00,209.882,3.86,100.0,3.52
2025-02-09 23:00:00,218.021,3.79,98.4,0.58
2025-02-10 00:00:00,223.317,5.16,100.0,7.07
2025-02-10 01:00:00,222.131,2.3,95.2,2.17
2025-02-10 02:00:00,229.411,0.19,90.8,0.72
2025-02-10 03:00:00,232.861,1.51,100.0,2.53
2025-02-10 04:00:00,222.503,1.73,97.7,0.15
2025-02-10 05:00:00,240.566,-0.09,93.0,4.5
2025-02-10 06:00:00,231.276,2.16,99.4,6.19
2025-02-10 07:00:00,253.379,2.0,100.0,1.14
2025-02-10 08:00:00,278.043,5.39,88.3,1.1
2025-02-10 09:00:00,312.299,4.74,100.0,4.26
2025-02-10 10:00:00,339.086,5.01,91.4,4.64
2025-02-10 11:00:00,369.897,6.02,95.5,1.64
2025-02-10 12:00:00,368.648,7.17,86.1,1.29
2025-02-10 13:00:00,375.456,8.27,92.1,5.45
2025-02-10 14:00:00,382.602,5.99,94.2,0.65
2025-02-10 15:00:00,376.204,6.02,86.0,1.91
2025-02-10 16:00:00,357.865,9.35,100.0,1.26
2025-02-10 17:00:00,330.811,6.63,91.1,4.22
2025-02-10 18:00:00,317.381,4.54,94.1,1.35
2025-02-10 19:00:00,274.644,6.9,99.6,5.96
2025-02-10 20:00:00,227.946,6.21,100.0,1.85
2025-02-10 21:00:00,220.13,2.24,100.0,3.68
2025-02-10 22:00:00,217.083,4.28,90.2,1.37
2025-02-10 23:00:00,214.403,4.37,98.6,3.18
2025-02-11 00:00:00,220.263,3.22,87.6,1.53
2025-02-11 01:00:00,219.698,3.16,100.0,1.04
2025-02-11 02:00:00,238.841,-0.4,94.2,4.63
2025-02-11 03:00:00,231.481,2.27,95.4,1.34
2025-02-11 04:00:00,230.375,1.36,100.0,1.36
2025-02-11 05:00:00,236.538,1.37,100.0,2.97
2025-02-11 06:00:00,227.348,4.01,96.2,3.38
2025-02-11 07:00:00,244.93,5.61,100.0,1.0
2025-02-11 08:00:00,275.004,6.84,98.2,3.97
2025-02-11 09:00:00,301.344,6.85,97.7,1.44
2025-02-11 10:00:00,335.961,5.34,88.5,0.77
2025-02-11 11:00:00,362.602,6.81,100.0,2.14
2025-02-11 12:00:00,363.603,8.09,87.3,2.11
2025-02-11 13:00:00,379.344,7.53,100.0,3.74
2025-02-11 14:00:00,383.99,7.85,100.0,9.5
2025-02-11 15:00:00,372.786,9.06,93.8,2.94
2025-02-11 16:00:00,355.356,7.55,99.0,4.12
2025-02-11 17:00:00,341.119,6.17,76.3,0.57
2025-02-11 18:00:00,308.705,6.2,93.5,6.16
2025-02-11 19:00:00,267.54,7.26,99.9,2.43
2025-02-11 20:00:00,229.797,5.52,100.0,0.83
2025-02-11 21:00:00,225.915,5.29,88.7,5.99
2025-02-11 22:00:00,209.587,5.04,94.6,2.51
2025-02-11 23:00:00,228.576,2.64,84.5,5.33
2025-02-12 00:00:00,233.086,3.89,100.0,10.19
2025-02-12 01:00:00,225.308,2.81,88.2,0.64
2025-02-12 02:00:00,238.753,-0.08,100.0,1.39
2025-02-12 03:00:00,228.146,4.11,100.0,4.68
2025-02-12 04:00:00,239.247,1.1,99.0,2.65
2025-02-12 05:00:00,244.656,-0.45,100.0,0.17
2025-02-12 06:00:00,248.095,1.0,100.0,1.95
2025-02-12 07:00:00,257.017,1.66,100.0,2.22
2025-02-12 08:00:00,284.136,4.1,90.8,2.52
2025-02-12 09:00:00,307.149,4.36,100.0,1.34
2025-02-12 10:00:00,340.074,5.04,86.5,7.25
2025-02-12 11:00:00,367.807,7.29,82.2,0.57
2025-02-12 12:00:00,380.704,7.46,92.2,3.54
2025-02-12 13:00:00,388.536,7.9,91.1,1.65
2025-02-12 14:00:00,385.301,8.35,93.3,1.55
2025-02-12 15:00:00,376.306,8.78,87.2,6.6
2025-02-12 16:00:00,367.611,4.32,100.0,2.12
2025-02-12 17:00:00,337.771,6.81,94.8,3.56
2025-02-12 18:00:00,316.699,3.43,100.0,4.91
2025-02-12 19:00:00,264.325,6.36,95.7,2.75
2025-02-12 20:00:00,233.614,5.57,100.0,6.66
2025-02-12 21:00:00,216.86,6.47,97.8,0.75
2025-02-12 22:00:00,209.788,5.92,97.8,3.72
2025-02-12 23:00:00,219.405,3.62,100.0,9.57
2025-02-13 00:00:00,228.665,1.93,89.7,3.49
2025-02-13 01:00:00,228.781,3.03,88.4,0.43
2025-02-13 02:00:00,228.044,1.11,100.0,3.82
2025-02-13 03:00:00,228.745,1.85,99.6,7.45
2025-02-13 04:00:00,227.342,3.53,100.0,1.97
2025-02-13 05:00:00,233.246,1.36,100.0,1.95
2025-02-13 06:00:00,231.253,4.02,100.0,4.54
2025-02-13 07:00:00,253.998,4.44,89.7,3.96
2025-02-13 08:00:00,297.545,2.55,99.8,2.83
2025-02-13 09:00:00,311.791,6.41,86.4,1.43
2025-02-13 10:00:00,342.465,6.75,96.3,1.79
2025-02-13 11:00:00,358.24,6.52,83.0,1.07
2025-02-13 12:00:00,389.078,5.76,97.4,0.37
2025-02-13 13:00:00,397.842,6.08,86.1,6.16
2025-02-13 14:00:00,395.479,6.89,91.5,4.72
2025-02-13 15:00:00,381.782,8.72,96.6,4.39
2025-02-13 16:00:00,361.091,6.22,96.1,4.33
2025-02-13 17:00:00,328.589,8.15,82.1,2.27
2025-02-13 18:00:00,309.296,4.99,92.4,2.03
2025-02-13 19:00:00,274.451,6.03,86.0,0.84
2025-02-13 20:00:00,245.171,5.81,85.1,5.01
2025-02-13 21:00:00,214.996,8.77,91.8,13.42
2025-02-13 22:00:00,231.457,1.87,100.0,3.7
2025-02-13 23:00:00,218.68,5.71,98.1,5.53
2025-02-14 00:00:00,222.356,3.03,100.0,5.54
2025-02-14 01:00:00,225.582,2.97,99.2,7.79
2025-02-14 02:00:00,225.683,2.2,98.7,1.27
2025-02-14 03:00:00,227.333,2.62,93.3,0.58
2025-02-14 04:00:00,228.352,1.77,98.3,3.16
2025-02-14 05:00:00,214.675,4.64,89.0,2.45
2025-02-14 06:00:00,227.423,2.06,95.4,12.67
2025-02-14 07:00:00,244.936,5.22,96.6,1.09
2025-02-14 08:00:00,279.245,3.11,98.3,9.47
2025-02-14 09:00:00,313.909,4.82,100.0,2.47
2025-02-14 10:00:00,350.4,3.97,89.8,0.97
2025-02-14 11:00:00,372.905,7.14,92.7,8.3
2025-02-14 12:00:00,374.895,9.35,81.8,1.28
2025-02-14 13:00:00,378.066,7.39,90.7,5.55
2025-02-14 14:00:00,385.302,7.5,90.8,3.23
2025-02-14 15:00:00,388.601,6.13,99.9,9.45
2025-02-14 16:00:00,363.558,7.44,90.3,6.41
2025-02-14 17:00:00,344.379,4.96,95.3,2.42
2025-02-14 18:00:00,318.251,5.57,93.0,8.33
2025-02-14 19:00:00,283.155,6.78,85.5,4.04
2025-02-14 20:00:00,231.233,7.8,88.6,2.89
2025-02-14 21:00:00,210.115,9.41,87.9,3.17
2025-02-14 22:00:00,220.962,3.2,99.4,5.71
2025-02-14 23:00:00,214.893,5.71,98.8,2.32
2025-02-15 00:00:00,225.113,3.24,97.5,1.8
2025-02-15 01:00:00,223.614,2.13,98.9,1.46
2025-02-15 02:00:00,226.435,2.77,89.2,3.66
2025-02-15 03:00:00,227.995,2.07,100.0,1.55
2025-02-15 04:00:00,223.606,2.25,96.1,5.77
2025-02-15 05:00:00,233.427,1.72,100.0,2.27
2025-02-15 06:00:00,240.277,0.61,100.0,4.28
2025-02-15 07:00:00,239.544,1.0,100.0,6.67
2025-02-15 08:00:00,224.635,5.24,89.9,7.95
2025-02-15 09:00:00,228.732,4.53,97.0,3.38
2025-02-15 10:00:00,238.94,4.8,98.8,0.31
2025-02-15 11:00:00,241.011,6.49,92.4,0.34
2025-02-15 12:00:00,239.213,8.37,88.3,5.66
2025-02-15 13:00:00,240.053,7.86,95.8,1.2
2025-02-15 14:00:00,245.013,6.82,96.8,2.18
2025-02-15 15:00:00,230.765,9.94,87.4,6.26
2025-02-15 16:00:00,220.421,10.4,78.9,1.83
2025-02-15 17:00:00,209.854,8.36,94.4,0.85
2025-02-15 18:00:00,195.857,8.65,86.7,2.24
2025-02-15 19:00:00,209.589,8.46,92.8,4.91
2025-02-15 20:00:00,211.303,7.56,93.7,1.79
2025-02-15 21:00:00,210.996,5.96,83.7,4.43
2025-02-15 22:00:00,214.783,5.15,96.7,0.87
2025-02-15 23:00:00,220.077,4.3,100.0,1.42
2025-02-16 00:00:00,228.381,1.16,100.0,2.27
2025-02-16 01:00:00,227.483,3.56,99.1,6.85
2025-02-16 02:00:00,234.354,-0.03,91.6,2.0
2025-02-16 03:00:00,240.737,0.76,100.0,1.76
2025-02-16 04:00:00,231.935,4.22,100.0,1.76
2025-02-16 05:00:00,232.377,3.78,90.9,4.42
2025-02-16 06:00:00,222.519,5.29,91.3,5.25
2025-02-16 07:00:00,234.466,3.1,100.0,6.64
2025-02-16 08:00:00,233.919,2.42,100.0,10.47
2025-02-16 09:00:00,240.788,4.65,94.0,3.68
2025-02-16 10:00:00,235.558,5.98,100.0,1.57
2025-02-16 11:00:00,234.464,6.66,83.3,2.54
2025-02-16 12:00:00,243.809,8.97,84.6,1.26
2025-02-16 13:00:00,250.443,7.06,81.1,3.19
2025-02-16 14:00:00,245.526,8.5,86.1,1.46
2025-02-16 15:00:00,245.029,6.45,100.0,6.61
2025-02-16 16:00:00,227.72,8.65,100.0,3.47
2025-02-16 17:00:00,218.824,7.64,94.1,8.1
2025-02-16 18:00:00,214.31,5.96,91.2,5.12
2025-02-16 19:00:00,210.471,6.16,93.4,4.79
2025-02-16 20:00:00,201.634,5.52,98.5,0.84
2025-02-16 21:00:00,218.097,4.6,87.6,4.42
2025-02-16 22:00:00,210.421,7.09,90.0,10.32
2025-02-16 23:00:00,222.604,3.38,100.0,2.05
2025-02-17 00:00:00,223.781,2.59,93.5,5.92
2025-02-17 01:00:00,236.675,-0.85,100.0,0.61
2025-02-17 02:00:00,240.135,0.77,100.0,1.09
2025-02-17 03:00:00,238.705,1.68,100.0,2.68
2025-02-17 04:00:00,234.967,1.1,98.1,1.78
2025-02-17 05:00:00,224.669,4.71,97.3,1.44
2025-02-17 06:00:00,228.008,2.71,100.0,1.79
2025-02-17 07:00:00,242.622,5.66,100.0,4.07
2025-02-17 08:00:00,273.51,4.42,96.5,5.97
2025-02-17 09:00:00,306.31,5.16,95.9,4.32
2025-02-17 10:00:00,336.702,5.73,100.0,4.51
2025-02-17 11:00:00,360.433,6.61,90.9,2.77
2025-02-17 12:00:00,373.01,9.97,81.5,1.06
2025-02-17 13:00:00,398.511,3.99,99.3,2.6
2025-02-17 14:00:00,396.255,4.79,100.0,3.25
2025-02-17 15:00:00,391.422,7.23,95.4,6.16
2025-02-17 16:00:00,366.605,8.02,91.6,8.97
2025-02-17 17:00:00,336.734,8.8,82.4,3.83
2025-02-17 18:00:00,300.035,7.98,91.9,5.73
2025-02-17 19:00:00,267.246,5.98,100.0,0.24
2025-02-17 20:00:00,230.962,7.51,85.5,2.24
2025-02-17 21:00:00,211.151,6.75,92.5,2.76
2025-02-17 22:00:00,214.892,4.62,94.6,4.24
2025-02-17 23:00:00,218.749,5.14,92.0,9.11
2025-02-18 00:00:00,216.875,3.48,100.0,3.66
2025-02-18 01:00:00,217.429,1.67,100.0,0.52
2025-02-18 02:00:00,225.198,3.38,100.0,4.55
2025-02-18 03:00:00,238.787,2.34,94.3,2.11
2025-02-18 04:00:00,235.384,2.27,90.3,4.23
2025-02-18 05:00:00,226.35,4.92,98.1,4.82
2025-02-18 06:00:00,233.354,-0.88,100.0,0.48
2025-02-18 07:00:00,264.943,1.4,100.0,2.65
2025-02-18 08:00:00,290.351,2.49,100.0,2.73
2025-02-18 09:00:00,322.119,4.58,100.0,3.62
2025-02-18 10:00:00,346.405,5.53,90.0,1.54
2025-02-18 11:00:00,373.857,4.25,100.0,1.18
2025-02-18 12:00:00,392.06,5.71,100.0,9.01
2025-02-18 13:00:00,397.119,6.39,99.0,3.35
2025-02-18 14:00:00,375.621,11.99,84.5,1.3
2025-02-18 15:00:00,364.847,11.05,95.6,1.82
2025-02-18 16:00:00,355.447,7.4,93.0,9.3
2025-02-18 17:00:00,335.31,7.18,94.1,6.99
2025-02-18 18:00:00,315.971,5.45,86.5,1.66
2025-02-18 19:00:00,284.48,3.61,100.0,1.08
2025-02-18 20:00:00,237.389,5.75,93.8,1.16
2025-02-18 21:00:00,234.039,3.57,100.0,6.49
2025-02-18 22:00:00,227.453,4.25,98.9,1.99
2025-02-18 23:00:00,225.607,1.1,100.0,0.69
2025-02-19 00:00:00,231.364,1.89,100.0,1.87
2025-02-19 01:00:00,228.77,2.87,100.0,3.6
2025-02-19 02:00:00,229.513,2.92,98.1,2.61
2025-02-19 03:00:00,229.073,2.9,90.6,7.07
2025-02-19 04:00:00,237.989,0.22,100.0,3.63
2025-02-19 05:00:00,219.622,4.0,92.9,4.01
2025-02-19 06:00:00,224.081,1.83,92.9,5.49
2025-02-19 07:00:00,248.385,4.75,90.6,5.28
2025-02-19 08:00:00,289.473,4.44,98.9,1.87
2025-02-19 09:00:00,322.337,3.03,98.6,1.1
2025-02-19 10:00:00,342.033,5.5,82.9,3.41
2025-02-19 11:00:00,360.818,7.32,90.9,3.07
2025-02-19 12:00:00,369.364,8.33,98.7,3.65
2025-02-19 13:00:00,387.161,7.61,90.0,3.88
2025-02-19 14:00:00,378.798,10.58,87.6,8.56
2025-02-19 15:00:00,370.673,9.84,95.9,2.31
2025-02-19 16:00:00,356.596,7.72,97.4,4.0
2025-02-19 17:00:00,332.636,9.03,96.9,1.09
2025-02-19 18:00:00,285.311,10.45,72.1,1.44
2025-02-19 19:00:00,251.828,9.87,100.0,2.92
2025-02-19 20:00:00,233.655,4.04,100.0,1.26
2025-02-19 21:00:00,225.572,3.75,100.0,4.61
2025-02-19 22:00:00,214.572,6.83,89.1,4.12
2025-02-19 23:00:00,224.743,2.04,90.0,1.68
2025-02-20 00:00:00,235.363,1.06,100.0,2.44
2025-02-20 01:00:00,236.936,1.93,99.1,6.53
2025-02-20 02:00:00,231.298,3.08,100.0,3.38
2025-02-20 03:00:00,238.313,2.14,100.0,11.99
2025-02-20 04:00:00,229.718,1.36,100.0,2.45
2025-02-20 05:00:00,228.05,1.62,99.7,2.68
2025-02-20 06:00:00,223.47,2.04,100.0,2.92
2025-02-20 07:00:00,252.845,2.39,98.5,0.6
2025-02-20 08:00:00,269.997,8.18,89.9,2.58
2025-02-20 09:00:00,310.433,5.78,100.0,2.51
2025-02-20 10:00:00,335.797,7.5,100.0,4.91
2025-02-20 11:00:00,361.136,6.02,100.0,6.71
2025-02-20 12:00:00,377.139,7.13,92.4,2.28
2025-02-20 13:00:00,378.226,6.76,81.1,0.31
2025-02-20 14:00:00,392.632,3.96,97.0,3.27
2025-02-20 15:00:00,373.783,6.1,90.3,1.24
2025-02-20 16:00:00,367.602,5.3,95.2,3.5
2025-02-20 17:00:00,347.801,4.3,93.4,3.43
2025-02-20 18:00:00,313.996,5.51,95.6,1.57
2025-02-20 19:00:00,262.594,8.92,84.7,3.3
2025-02-20 20:00:00,226.148,6.01,87.3,0.71
2025-02-20 21:00:00,214.215,7.37,100.0,3.66
2025-02-20 22:00:00,208.468,5.18,90.3,5.24
2025-02-20 23:00:00,214.277,5.05,96.3,4.26
2025-02-21 00:00:00,220.644,1.81,100.0,1.9
2025-02-21 01:00:00,215.061,3.61,100.0,4.97
2025-02-21 02:00:00,224.757,3.64,100.0,4.57
2025-02-21 03:00:00,236.368,1.45,100.0,4.72
2025-02-21 04:00:00,228.052,3.37,100.0,7.27
2025-02-21 05:00:00,222.05,3.68,100.0,3.92
2025-02-21 06:00:00,223.881,2.37,100.0,1.13
2025-02-21 07:00:00,248.698,2.08,89.5,1.32
2025-02-21 08:00:00,282.647,2.7,96.4,3.92
2025-02-21 09:00:00,312.464,5.51,99.9,2.55
2025-02-21 10:00:00,345.254,6.67,90.3,2.18
2025-02-21 11:00:00,366.378,5.6,100.0,4.48
2025-02-21 12:00:00,380.97,7.54,92.5,0.94
2025-02-21 13:00:00,384.136,8.88,91.5,4.54
2025-02-21 14:00:00,371.783,9.26,97.2,2.43
2025-02-21 15:00:00,360.69,10.86,87.1,3.73
2025-02-21 16:00:00,342.63,10.31,90.0,1.02
2025-02-21 17:00:00,338.907,6.37,99.9,4.67
2025-02-21 18:00:00,303.96,10.19,80.3,5.9
2025-02-21 19:00:00,281.093,6.02,93.3,18.82
2025-02-21 20:00:00,236.835,7.82,97.4,3.55
2025-02-21 21:00:00,222.193,5.48,96.1,5.76
2025-02-21 22:00:00,224.59,3.94,100.0,1.25
2025-02-21 23:00:00,233.787,0.98,92.6,7.01
2025-02-22 00:00:00,231.832,3.05,89.0,0.77
2025-02-22 01:00:00,244.295,0.35,100.0,8.93
2025-02-22 02:00:00,232.196,4.09,100.0,3.3
2025-02-22 03:00:00,217.492,4.87,95.4,0.85
2025-02-22 04:00:00,225.503,1.27,100.0,2.23
2025-02-22 05:00:00,228.514,3.33,100.0,5.71
2025-02-22 06:00:00,232.662,2.16,95.5,2.59
2025-02-22 07:00:00,228.658,2.94,95.0,2.56
2025-02-22 08:00:00,216.625,5.91,96.3,5.35
2025-02-22 09:00:00,223.219,5.38,100.0,2.76
2025-02-22 10:00:00,221.775,9.0,83.8,6.71
2025-02-22 11:00:00,234.537,6.17,93.6,1.85
2025-02-22 12:00:00,242.568,9.17,89.1,0.54
2025-02-22 13:00:00,241.258,8.2,94.4,2.88
2025-02-22 14:00:00,238.921,9.62,89.9,3.15
2025-02-22 15:00:00,238.02,7.73,89.3,1.79
2025-02-22 16:00:00,224.694,8.26,99.3,3.66
2025-02-22 17:00:00,211.167,7.86,89.2,0.65
2025-02-22 18:00:00,208.764,6.23,92.9,3.73
2025-02-22 19:00:00,192.807,8.0,82.6,1.08
2025-02-22 20:00:00,204.651,7.26,89.0,0.84
2025-02-22 21:00:00,204.12,6.39,97.5,3.09
2025-02-22 22:00:00,200.038,7.13,95.3,0.78
2025-02-22 23:00:00,208.054,6.26,98.2,0.36
2025-02-23 00:00:00,218.766,2.8,100.0,4.1
2025-02-23 01:00:00,222.605,3.52,100.0,1.2
2025-02-23 02:00:00,226.796,1.62,96.6,4.41
2025-02-23 03:00:00,227.003,2.56,90.1,2.36
2025-02-23 04:00:00,234.265,1.66,94.8,3.08
2025-02-23 05:00:00,218.065,5.51,91.5,5.78
2025-02-23 06:00:00,221.601,3.98,92.0,3.94
2025-02-23 07:00:00,211.928,3.67,98.8,4.48
2025-02-23 08:00:00,213.627,6.65,100.0,4.36
2025-02-23 09:00:00,229.362,2.05,100.0,1.65
2025-02-23 10:00:00,243.227,3.07,100.0,3.81
2025-02-23 11:00:00,236.613,8.29,100.0,1.34
2025-02-23 12:00:00,237.357,7.74,90.4,3.82
2025-02-23 13:00:00,235.405,8.52,81.7,2.27
2025-02-23 14:00:00,247.356,6.29,100.0,2.65
2025-02-23 15:00:00,243.763,8.48,80.5,8.26
2025-02-23 16:00:00,217.616,11.62,82.6,4.23
2025-02-23 17:00:00,211.233,9.44,93.3,1.76
2025-02-23 18:00:00,204.436,7.91,91.7,0.64
2025-02-23 19:00:00,204.257,6.32,93.4,3.16
2025-02-23 20:00:00,201.331,5.66,88.4,0.73
2025-02-23 21:00:00,221.11,2.11,100.0,8.97
2025-02-23 22:00:00,217.666,5.15,100.0,2.71
2025-02-23 23:00:00,215.076,5.37,96.0,5.38
2025-02-24 00:00:00,224.229,0.95,97.1,0.9
2025-02-24 01:00:00,230.65,1.94,93.2,4.16
2025-02-24 02:00:00,241.147,0.85,97.4,6.17
2025-02-24 03:00:00,235.269,1.05,100.0,4.4
2025-02-24 04:00:00,229.524,2.78,100.0,5.11
2025-02-24 05:00:00,249.713,-0.34,99.1,3.89
2025-02-24 06:00:00,230.812,4.46,83.9,2.11
2025-02-24 07:00:00,238.943,5.3,98.5,1.39
2025-02-24 08:00:00,272.621,4.42,91.8,1.59
2025-02-24 09:00:00,319.357,1.63,100.0,9.11
2025-02-24 10:00:00,347.741,4.78,92.2,3.41
2025-02-24 11:00:00,359.729,9.07,84.8,6.57
2025-02-24 12:00:00,385.853,3.27,99.7,1.85
2025-02-24 13:00:00,396.686,7.64,100.0,4.9
2025-02-24 14:00:00,392.403,6.6,98.6,1.3
2025-02-24 15:00:00,369.701,9.88,90.4,2.41
2025-02-24 16:00:00,351.793,7.41,95.2,2.03
2025-02-24 17:00:00,326.315,8.84,80.5,8.43
2025-02-24 18:00:00,290.428,8.62,84.6,1.5
2025-02-24 19:00:00,253.2,10.03,74.3,4.52
2025-02-24 20:00:00,222.91,6.05,100.0,3.96
2025-02-24 21:00:00,215.878,6.2,100.0,0.98
2025-02-24 22:00:00,222.413,2.44,100.0,6.62
2025-02-24 23:00:00,219.524,6.0,95.8,7.14
2025-02-25 00:00:00,227.212,2.33,90.8,3.42
2025-02-25 01:00:00,231.257,2.18,99.0,3.01
2025-02-25 02:00:00,230.886,2.74,100.0,0.53
2025-02-25 03:00:00,243.965,0.17,100.0,0.84
2025-02-25 04:00:00,228.187,3.14,95.6,2.36
2025-02-25 05:00:00,223.617,4.62,86.4,1.34
2025-02-25 06:00:00,223.841,4.02,100.0,5.39
2025-02-25 07:00:00,257.78,1.63,100.0,0.81
2025-02-25 08:00:00,281.293,4.7,86.3,0.74
2025-02-25 09:00:00,311.333,6.86,88.3,4.24
2025-02-25 10:00:00,342.081,3.44,90.9,3.77
2025-02-25 11:00:00,362.286,5.45,95.0,3.24
2025-02-25 12:00:00,369.075,9.2,91.8,4.91
2025-02-25 13:00:00,376.825,8.7,88.2,1.72
2025-02-25 14:00:00,376.02,9.23,95.1,2.1
2025-02-25 15:00:00,356.742,11.65,87.6,3.68
2025-02-25 16:00:00,341.942,9.32,96.7,3.4
2025-02-25 17:00:00,318.428,9.32,88.2,1.44
2025-02-25 18:00:00,275.903,12.13,100.0,6.0
2025-02-25 19:00:00,255.861,6.83,90.5,1.01
2025-02-25 20:00:00,229.508,5.17,90.7,2.24
2025-02-25 21:00:00,216.594,6.36,88.3,1.08
2025-02-25 22:00:00,217.886,5.6,94.3,11.71
2025-02-25 23:00:00,228.574,3.33,88.4,3.07
2025-02-26 00:00:00,232.321,1.98,100.0,1.26
2025-02-26 01:00:00,217.804,6.85,82.4,2.04
2025-02-26 02:00:00,222.66,3.38,99.6,3.64
2025-02-26 03:00:00,232.075,1.58,93.1,5.36
2025-02-26 04:00:00,221.712,4.32,95.1,1.38
2025-02-26 05:00:00,226.221,2.98,100.0,7.39
2025-02-26 06:00:00,232.748,3.23,100.0,2.98
2025-02-26 07:00:00,246.623,5.15,89.7,4.27
2025-02-26 08:00:00,277.242,2.91,98.4,1.92
2025-02-26 09:00:00,309.305,6.32,90.2,3.84
2025-02-26 10:00:00,329.15,9.59,84.8,1.8
2025-02-26 11:00:00,353.053,8.0,87.9,2.13
2025-02-26 12:00:00,366.522,7.27,98.2,5.5
2025-02-26 13:00:00,386.506,7.54,89.9,4.1
2025-02-26 14:00:00,384.843,7.99,100.0,2.31
2025-02-26 15:00:00,373.749,8.34,94.2,5.3
2025-02-26 16:00:00,362.179,8.04,86.1,3.56
2025-02-26 17:00:00,318.665,9.82,87.5,0.44
2025-02-26 18:00:00,305.247,5.1,91.4,2.66
2025-02-26 19:00:00,262.716,8.63,96.1,5.42
2025-02-26 20:00:00,239.503,5.92,85.3,8.93
2025-02-26 21:00:00,219.807,6.35,86.5,1.16
2025-02-26 22:00:00,219.71,3.17,95.4,5.18
2025-02-26 23:00:00,216.445,6.38,98.6,2.97
2025-02-27 00:00:00,201.298,5.7,100.0,0.98
2025-02-27 01:00:00,210.824,4.77,100.0,1.06
2025-02-27 02:00:00,221.314,0.51,100.0,1.2
2025-02-27 03:00:00,216.598,4.16,97.1,0.7
2025-02-27 04:00:00,217.638,3.58,100.0,0.89
2025-02-27 05:00:00,233.55,0.67,95.6,3.06
2025-02-27 06:00:00,234.163,3.67,87.2,0.43
2025-02-27 07:00:00,239.41,4.91,99.1,1.4
2025-02-27 08:00:00,271.915,5.94,89.0,2.15
2025-02-27 09:00:00,312.988,6.12,94.4,1.4
2025-02-27 10:00:00,332.356,7.07,94.2,0.8
2025-02-27 11:00:00,345.8,9.69,91.3,2.9
2025-02-27 12:00:00,361.796,9.91,95.1,1.38
2025-02-27 13:00:00,393.629,3.84,100.0,1.48
2025-02-27 14:00:00,388.854,8.22,93.1,2.56
2025-02-27 15:00:00,374.03,8.57,88.8,4.5
2025-02-27 16:00:00,360.023,5.93,95.7,1.69
2025-02-27 17:00:00,336.544,8.58,87.8,1.76
2025-02-27 18:00:00,291.841,9.95,88.3,0.94
2025-02-27 19:00:00,261.579,5.59,100.0,5.38
2025-02-27 20:00:00,219.753,7.15,94.5,2.93
2025-02-27 21:00:00,216.941,4.37,100.0,5.14
2025-02-27 22:00:00,226.059,3.98,93.6,5.73
2025-02-27 23:00:00,207.537,6.7,100.0,1.67
2025-02-28 00:00:00,225.497,2.92,100.0,4.88
2025-02-28 01:00:00,227.221,4.06,100.0,3.16
2025-02-28 02:00:00,236.023,0.02,100.0,1.8
2025-02-28 03:00:00,208.406,5.89,100.0,1.57
2025-02-28 04:00:00,210.033,3.98,100.0,2.87
2025-02-28 05:00:00,216.41,3.02,100.0,3.41
2025-02-28 06:00:00,221.827,4.71,96.1,0.31
2025-02-28 07:00:00,248.953,2.16,100.0,2.02
2025-02-28 08:00:00,267.585,7.03,88.1,3.3
2025-02-28 09:00:00,306.366,5.4,91.5,3.89
2025-02-28 10:00:00,329.378,6.36,94.2,2.55
2025-02-28 11:00:00,357.716,6.63,83.7,3.81
2025-02-28 12:00:00,371.577,7.11,98.4,1.57
2025-02-28 13:00:00,387.356,9.62,84.1,3.74
2025-02-28 14:00:00,376.822,9.22,87.7,3.38
2025-02-28 15:00:00,374.807,9.96,88.2,5.66
2025-02-28 16:00:00,352.302,8.8,91.3,7.65
2025-02-28 17:00:00,328.468,9.33,88.3,5.76
2025-02-28 18:00:00,303.155,7.36,92.7,2.31
2025-02-28 19:00:00,254.864,10.98,87.7,0.99
2025-02-28 20:00:00,232.554,4.18,94.9,1.4
2025-02-28 21:00:00,217.47,7.93,87.7,7.51
2025-02-28 22:00:00,209.399,7.33,99.6,2.99
2025-02-28 23:00:00,218.036,3.05,86.5,3.48
2025-03-01 00:00:00,205.687,7.44,91.7,5.14
2025-03-01 01:00:00,209.874,4.99,93.6,2.85
2025-03-01 02:00:00,214.3,4.65,99.4,6.36
2025-03-01 03:00:00,218.674,3.04,90.4,0.88
2025-03-01 04:00:00,224.039,2.75,96.5,4.02
2025-03-01 05:00:00,221.351,3.06,98.5,9.1
2025-03-01 06:00:00,215.994,4.5,100.0,6.71
2025-03-01 07:00:00,214.403,6.74,96.0,6.98
2025-03-01 08:00:00,201.906,5.51,88.6,0.8
2025-03-01 09:00:00,224.62,4.54,94.1,3.34
2025-03-01 10:00:00,222.189,8.09,97.4,2.59
2025-03-01 11:00:00,233.406,8.97,83.6,1.39
2025-03-01 12:00:00,240.39,9.17,90.1,3.38
2025-03-01 13:00:00,234.862,9.79,89.6,1.0
2025-03-01 14:00:00,237.411,8.46,89.2,3.8
2025-03-01 15:00:00,243.951,7.51,100.0,1.3
2025-03-01 16:00:00,240.069,7.51,90.4,3.66
2025-03-01 17:00:00,233.285,5.98,97.7,1.45
2025-03-01 18:00:00,214.535,8.5,86.9,2.2
2025-03-01 19:00:00,201.326,7.36,96.3,2.04
2025-03-01 20:00:00,205.986,6.07,100.0,2.55
2025-03-01 21:00:00,219.694,1.27,98.1,2.75
2025-03-01 22:00:00,216.942,3.23,98.6,2.05
2025-03-01 23:00:00,210.672,6.29,89.2,1.18
2025-03-02 00:00:00,219.213,2.9,92.5,5.93
2025-03-02 01:00:00,218.349,4.06,100.0,2.84
2025-03-02 02:00:00,227.12,0.96,98.7,3.43
2025-03-02 03:00:00,212.195,5.38,81.4,2.05
2025-03-02 04:00:00,231.39,2.95,100.0,11.95
2025-03-02 05:00:00,225.035,3.95,93.1,3.03
2025-03-02 06:00:00,204.95,7.68,91.2,6.13
2025-03-02 07:00:00,204.087,7.01,100.0,2.23
2025-03-02 08:00:00,217.521,4.82,95.8,4.14
2025-03-02 09:00:00,227.487,5.13,95.2,2.47
2025-03-02 10:00:00,230.68,6.34,87.2,5.47
2025-03-02 11:00:00,229.839,8.4,81.8,1.88
2025-03-02 12:00:00,232.411,8.04,91.2,1.06
2025-03-02 13:00:00,236.832,8.05,94.3,3.42
2025-03-02 14:00:00,227.83,11.33,89.4,5.73
2025-03-02 15:00:00,223.266,8.9,88.1,2.53
2025-03-02 16:00:00,206.699,12.66,85.8,1.84
2025-03-02 17:00:00,207.631,8.83,80.0,0.88
2025-03-02 18:00:00,190.991,11.06,90.7,5.78
2025-03-02 19:00:00,194.447,8.15,93.0,1.35
2025-03-02 20:00:00,201.246,8.4,100.0,2.03
2025-03-02 21:00:00,216.318,4.92,96.6,1.99
2025-03-02 22:00:00,217.929,3.94,92.2,2.68
2025-03-02 23:00:00,218.695,5.32,95.7,4.12
2025-03-03 00:00:00,216.265,5.63,93.6,9.72
2025-03-03 01:00:00,217.556,3.64,100.0,3.53
2025-03-03 02:00:00,222.156,1.21,100.0,0.89
2025-03-03 03:00:00,230.59,0.99,94.5,2.58
2025-03-03 04:00:00,238.645,0.99,92.2,3.57
2025-03-03 05:00:00,234.143,0.74,100.0,6.43
2025-03-03 06:00:00,224.766,4.22,100.0,5.94
2025-03-03 07:00:00,237.12,6.47,94.8,2.5
2025-03-03 08:00:00,272.448,5.37,100.0,2.97
2025-03-03 09:00:00,317.717,2.55,100.0,3.29
2025-03-03 10:00:00,341.389,6.64,95.7,2.98
2025-03-03 11:00:00,367.423,7.41,88.1,2.58
2025-03-03 12:00:00,363.168,11.64,88.3,7.79
2025-03-03 13:00:00,378.303,6.44,100.0,1.58
2025-03-03 14:00:00,381.561,8.44,94.8,5.24
2025-03-03 15:00:00,367.777,11.9,91.2,4.59
2025-03-03 16:00:00,342.403,9.79,86.9,2.5
2025-03-03 17:00:00,321.645,9.67,88.7,1.5
2025-03-03 18:00:00,294.072,8.47,90.8,2.83
2025-03-03 19:00:00,264.971,8.2,91.6,4.24
2025-03-03 20:00:00,225.053,8.19,98.9,0.11
2025-03-03 21:00:00,218.02,4.87,82.5,1.0
2025-03-03 22:00:00,210.331,6.8,94.1,0.22
2025-03-03 23:00:00,218.27,2.47,99.5,3.46
2025-03-04 00:00:00,220.293,4.66,88.6,3.34
2025-03-04 01:00:00,224.854,3.94,100.0,1.11
2025-03-04 02:00:00,226.604,2.37,95.7,1.4
2025-03-04 03:00:00,223.241,3.22,96.7,3.21
2025-03-04 04:00:00,224.591,2.36,100.0,0.63
2025-03-04 05:00:00,232.261,1.94,100.0,4.42
2025-03-04 06:00:00,225.447,3.57,100.0,2.29
2025-03-04 07:00:00,245.331,2.99,100.0,2.69
2025-03-04 08:00:00,276.581,6.0,94.0,2.87
2025-03-04 09:00:00,306.841,4.42,100.0,0.9
2025-03-04 10:00:00,331.461,8.17,96.8,2.88
2025-03-04 11:00:00,353.446,5.87,90.7,4.06
2025-03-04 12:00:00,372.448,7.47,84.5,1.52
2025-03-04 13:00:00,380.831,7.86,95.8,1.38
2025-03-04 14:00:00,365.88,11.27,87.3,9.32
2025-03-04 15:00:00,362.173,9.79,81.1,1.26
2025-03-04 16:00:00,344.613,8.82,93.6,1.94
2025-03-04 17:00:00,324.126,9.65,88.3,6.88
2025-03-04 18:00:00,304.543,5.01,99.6,0.58
2025-03-04 19:00:00,260.173,7.69,95.3,2.45
2025-03-04 20:00:00,211.24,10.23,85.4,4.0
2025-03-04 21:00:00,203.728,6.47,98.1,2.57
2025-03-04 22:00:00,210.81,5.59,92.6,0.49
2025-03-04 23:00:00,213.121,5.63,92.9,1.0
2025-03-05 00:00:00,219.392,5.66,92.3,0.41
2025-03-05 01:00:00,228.301,0.55,100.0,2.32
2025-03-05 02:00:00,231.657,0.76,100.0,3.58
2025-03-05 03:00:00,225.203,3.68,100.0,1.51
2025-03-05 04:00:00,225.372,2.3,100.0,2.06
2025-03-05 05:00:00,212.79,5.85,90.8,2.05
2025-03-05 06:00:00,219.41,3.72,80.7,6.13
2025-03-05 07:00:00,255.232,1.75,100.0,3.17
2025-03-05 08:00:00,275.778,3.54,96.4,2.87
2025-03-05 09:00:00,318.589,1.95,95.5,5.47
2025-03-05 10:00:00,332.162,6.75,90.4,0.74
2025-03-05 11:00:00,354.94,7.54,90.3,3.14
2025-03-05 12:00:00,373.465,7.79,100.0,1.73
2025-03-05 13:00:00,379.484,10.67,89.4,6.71
2025-03-05 14:00:00,370.323,11.16,95.5,5.5
2025-03-05 15:00:00,365.574,9.07,93.7,1.73
2025-03-05 16:00:00,353.497,5.83,93.4,2.16
2025-03-05 17:00:00,320.059,9.93,87.2,1.19
2025-03-05 18:00:00,293.24,9.36,93.7,4.91
2025-03-05 19:00:00,254.841,8.34,96.6,4.19
2025-03-05 20:00:00,222.928,8.69,97.2,2.26
2025-03-05 21:00:00,221.052,4.48,95.6,2.24
2025-03-05 22:00:00,199.924,8.78,92.2,1.85
2025-03-05 23:00:00,209.303,3.31,100.0,6.43
2025-03-06 00:00:00,207.063,5.51,93.4,2.41
2025-03-06 01:00:00,219.606,1.14,95.0,1.91
2025-03-06 02:00:00,221.563,2.05,95.7,4.58
2025-03-06 03:00:00,206.864,5.86,93.7,0.2
2025-03-06 04:00:00,215.899,3.12,100.0,2.13
2025-03-06 05:00:00,218.146,5.18,100.0,5.03
2025-03-06 06:00:00,215.745,4.69,88.7,7.43
2025-03-06 07:00:00,241.95,4.77,93.1,1.57
2025-03-06 08:00:00,264.234,7.84,90.3,3.85
2025-03-06 09:00:00,303.5,6.06,99.7,1.56
2025-03-06 10:00:00,340.952,4.36,94.1,9.85
2025-03-06 11:00:00,363.163,6.65,91.5,3.0
2025-03-06 12:00:00,371.16,9.44,81.7,4.17
2025-03-06 13:00:00,379.808,9.67,92.8,0.26
2025-03-06 14:00:00,387.162,6.83,92.9,1.83
2025-03-06 15:00:00,376.94,8.28,87.9,4.6
2025-03-06 16:00:00,349.753,8.4,90.1,0.74
2025-03-06 17:00:00,325.727,8.45,98.3,3.0
2025-03-06 18:00:00,302.49,6.36,88.5,7.65
2025-03-06 19:00:00,265.729,6.93,88.6,4.78
2025-03-06 20:00:00,231.696,6.05,100.0,3.95
2025-03-06 21:00:00,212.698,7.67,93.1,1.92
2025-03-06 22:00:00,207.158,6.95,97.7,0.95
2025-03-06 23:00:00,217.267,4.7,99.2,2.56
2025-03-07 00:00:00,221.922,3.78,97.9,4.29
2025-03-07 01:00:00,213.873,4.15,95.5,1.19
2025-03-07 02:00:00,224.407,2.32,100.0,4.75
2025-03-07 03:00:00,231.527,1.69,100.0,3.12
2025-03-07 04:00:00,234.958,2.13,100.0,1.38
2025-03-07 05:00:00,227.385,2.91,92.2,0.56
2025-03-07 06:00:00,225.693,2.55,100.0,0.72
2025-03-07 07:00:00,247.317,5.29,93.8,2.48
2025-03-07 08:00:00,272.514,6.92,89.2,5.85
2025-03-07 09:00:00,304.278,3.99,96.8,1.4
2025-03-07 10:00:00,325.453,7.35,98.1,6.39
2025-03-07 11:00:00,358.924,7.68,95.9,0.49
2025-03-07 12:00:00,361.916,9.2,89.0,2.81
2025-03-07 13:00:00,372.663,9.11,95.7,2.6
2025-03-07 14:00:00,385.612,7.1,94.3,3.6
2025-03-07 15:00:00,369.645,7.51,89.4,3.08
2025-03-07 16:00:00,345.495,9.47,85.9,1.9
2025-03-07 17:00:00,312.808,10.77,90.8,1.92
2025-03-07 18:00:00,311.158,5.11,95.8,5.13
2025-03-07 19:00:00,274.792,8.58,83.1,2.93
2025-03-07 20:00:00,219.962,9.21,95.6,0.24
2025-03-07 21:00:00,214.071,6.28,91.7,2.06
2025-03-07 22:00:00,209.496,6.63,100.0,2.21
2025-03-07 23:00:00,214.192,3.9,89.5,2.2
2025-03-08 00:00:00,210.24,4.31,96.3,4.62
2025-03-08 01:00:00,233.272,1.43,97.2,1.68
2025-03-08 02:00:00,230.743,-0.03,97.6,3.28
2025-03-08 03:00:00,223.374,5.13,93.3,7.74
2025-03-08 04:00:00,225.764,2.15,100.0,5.88
2025-03-08 05:00:00,227.811,3.3,99.6,1.55
2025-03-08 06:00:00,231.981,2.28,95.5,2.99
2025-03-08 07:00:00,222.674,2.87,88.4,0.1
2025-03-08 08:00:00,212.755,5.57,85.3,4.12
2025-03-08 09:00:00,213.22,5.45,92.5,0.88
2025-03-08 10:00:00,221.136,8.0,88.4,2.69
2025-03-08 11:00:00,229.864,8.85,89.7,2.42
2025-03-08 12:00:00,232.773,9.26,76.8,5.68
2025-03-08 13:00:00,233.877,9.6,89.4,3.3
2025-03-08 14:00:00,233.475,12.04,92.7,2.4
2025-03-08 15:00:00,239.737,7.91,100.0,4.32
2025-03-08 16:00:00,233.612,9.43,78.8,6.31
2025-03-08 17:00:00,199.907,11.03,83.1,0.16
2025-03-08 18:00:00,190.914,10.77,83.2,1.63
2025-03-08 19:00:00,205.315,5.85,96.1,7.89
2025-03-08 20:00:00,202.54,6.9,86.4,10.5
2025-03-08 21:00:00,191.668,8.8,100.0,1.38
2025-03-08 22:00:00,199.609,6.66,94.3,5.07
2025-03-08 23:00:00,200.332,5.43,95.1,1.37
2025-03-09 00:00:00,206.667,4.25,100.0,1.05
2025-03-09 01:00:00,213.751,3.5,98.4,2.48
2025-03-09 02:00:00,219.818,4.28,99.8,5.49
2025-03-09 03:00:00,218.499,3.31,94.3,2.24
2025-03-09 04:00:00,219.152,3.75,89.9,5.44
2025-03-09 05:00:00,224.135,4.24,93.8,5.79
2025-03-09 06:00:00,214.946,3.51,100.0,1.85
2025-03-09 07:00:00,211.173,6.07,98.7,1.8
2025-03-09 08:00:00,195.611,10.6,90.2,2.28
2025-03-09 09:00:00,220.746,3.87,92.1,2.76
2025-03-09 10:00:00,221.112,8.01,97.7,2.51
2025-03-09 11:00:00,228.75,7.0,85.5,2.96
2025-03-09 12:00:00,237.114,9.76,80.3,1.96
2025-03-09 13:00:00,232.624,9.39,86.9,0.96
2025-03-09 14:00:00,227.499,10.83,100.0,9.14
2025-03-09 15:00:00,220.052,11.6,98.6,1.63
2025-03-09 16:00:00,212.584,9.92,86.8,0.54
2025-03-09 17:00:00,207.127,11.13,83.8,4.56
2025-03-09 18:00:00,208.895,5.09,86.4,1.14
2025-03-09 19:00:00,198.441,10.76,88.8,4.25
2025-03-09 20:00:00,198.707,8.09,93.0,1.57
2025-03-09 21:00:00,198.345,8.44,96.3,10.31
2025-03-09 22:00:00,217.613,3.99,100.0,7.0
2025-03-09 23:00:00,216.019,3.89,96.8,2.37
2025-03-10 00:00:00,214.109,4.92,99.8,3.96
2025-03-10 01:00:00,219.079,4.19,93.3,3.4
2025-03-10 02:00:00,218.3,4.37,100.0,1.52
2025-03-10 03:00:00,211.717,5.55,92.6,4.45
2025-03-10 04:00:00,219.448,1.09,100.0,2.94
2025-03-10 05:00:00,213.617,5.77,97.6,3.26
2025-03-10 06:00:00,212.279,4.7,97.2,4.19
2025-03-10 07:00:00,238.58,4.99,100.0,2.57
2025-03-10 08:00:00,275.026,3.68,88.8,1.36
2025-03-10 09:00:00,298.235,7.62,86.3,3.96
2025-03-10 10:00:00,340.667,3.73,96.6,4.73
2025-03-10 11:00:00,353.49,9.35,81.7,4.74
2025-03-10 12:00:00,379.564,6.55,91.8,4.81
2025-03-10 13:00:00,381.395,9.5,87.9,3.6
2025-03-10 14:00:00,384.756,9.52,97.9,0.57
2025-03-10 15:00:00,367.147,11.68,87.9,10.62
2025-03-10 16:00:00,347.717,9.42,96.4,4.7
2025-03-10 17:00:00,326.461,8.3,93.6,2.05
2025-03-10 18:00:00,301.521,8.12,88.8,5.2
2025-03-10 19:00:00,259.927,10.35,89.7,1.02
2025-03-10 20:00:00,227.176,8.45,96.0,4.26
2025-03-10 21:00:00,210.622,6.2,100.0,2.23
2025-03-10 22:00:00,214.873,5.66,94.7,1.08
2025-03-10 23:00:00,220.407,2.81,89.6,1.06
2025-03-11 00:00:00,211.641,5.41,85.5,3.8
2025-03-11 01:00:00,224.248,1.5,99.3,4.13
2025-03-11 02:00:00,221.589,5.22,82.1,1.28
2025-03-11 03:00:00,221.456,4.12,100.0,2.25
2025-03-11 04:00:00,202.745,7.83,96.0,3.53
2025-03-11 05:00:00,211.89,2.55,96.0,1.82
2025-03-11 06:00:00,212.263,4.62,90.3,9.46
2025-03-11 07:00:00,225.094,8.29,98.0,3.84
2025-03-11 08:00:00,257.929,8.04,85.5,2.57
2025-03-11 09:00:00,296.55,5.8,89.2,5.74
2025-03-11 10:00:00,324.756,8.04,87.5,4.07
2025-03-11 11:00:00,355.846,8.41,92.3,3.56
2025-03-11 12:00:00,374.25,9.48,93.8,3.89
2025-03-11 13:00:00,388.221,8.39,98.8,4.78
2025-03-11 14:00:00,371.203,9.66,96.1,1.68
2025-03-11 15:00:00,377.562,7.35,93.1,0.43
2025-03-11 16:00:00,353.776,10.02,95.5,6.07
2025-03-11 17:00:00,323.98,10.23,85.1,2.95
2025-03-11 18:00:00,299.11,8.67,80.3,1.95
2025-03-11 19:00:00,272.79,5.83,91.2,1.35
2025-03-11 20:00:00,214.659,9.27,85.6,1.2
2025-03-11 21:00:00,203.496,7.49,89.1,3.19
2025-03-11 22:00:00,208.171,4.97,90.7,2.74
2025-03-11 23:00:00,207.492,4.96,93.7,5.8
2025-03-12 00:00:00,224.4,2.49,100.0,4.21
2025-03-12 01:00:00,232.333,2.77,100.0,4.73
2025-03-12 02:00:00,228.248,3.25,88.5,5.59
2025-03-12 03:00:00,217.832,5.97,87.3,3.32
2025-03-12 04:00:00,223.957,3.09,94.3,7.63
2025-03-12 05:00:00,216.236,5.43,100.0,1.6
2025-03-12 06:00:00,223.95,4.03,96.5,5.51
2025-03-12 07:00:00,231.648,5.91,90.8,0.42
2025-03-12 08:00:00,267.959,6.01,99.3,0.45
2025-03-12 09:00:00,294.452,8.41,97.4,1.0
2025-03-12 10:00:00,325.686,6.93,93.6,2.58
2025-03-12 11:00:00,354.673,5.99,90.1,0.37
2025-03-12 12:00:00,382.483,6.92,95.3,2.52
2025-03-12 13:00:00,376.905,8.76,89.7,2.04
2025-03-12 14:00:00,383.307,7.91,90.9,10.01
2025-03-12 15:00:00,371.449,10.66,85.4,0.76
2025-03-12 16:00:00,347.026,9.16,96.1,3.09
2025-03-12 17:00:00,309.119,13.41,86.1,4.14
2025-03-12 18:00:00,299.232,6.35,100.0,7.28
2025-03-12 19:00:00,263.274,8.83,99.1,4.65
2025-03-12 20:00:00,231.578,5.98,97.8,6.12
2025-03-12 21:00:00,213.388,6.22,91.7,3.42
2025-03-12 22:00:00,210.026,6.46,100.0,1.47
2025-03-12 23:00:00,221.416,1.79,100.0,0.68
2025-03-13 00:00:00,219.273,5.37,100.0,4.95
2025-03-13 01:00:00,211.001,7.55,94.7,1.96
2025-03-13 02:00:00,210.205,3.48,100.0,0.3
2025-03-13 03:00:00,217.912,4.52,98.8,2.12
2025-03-13 04:00:00,211.501,5.85,94.6,2.73
2025-03-13 05:00:00,220.688,4.25,95.9,6.75
2025-03-13 06:00:00,221.453,4.06,99.5,2.27
2025-03-13 07:00:00,259.964,1.97,100.0,2.75
2025-03-13 08:00:00,273.931,7.36,100.0,2.78
2025-03-13 09:00:00,302.102,6.93,95.6,5.43
2025-03-13 10:00:00,331.264,6.26,91.9,1.5
2025-03-13 11:00:00,346.985,8.81,89.1,3.75
2025-03-13 12:00:00,370.228,8.3,83.8,1.82
2025-03-13 13:00:00,374.814,8.86,100.0,6.64
2025-03-13 14:00:00,375.296,10.98,84.8,7.69
2025-03-13 15:00:00,370.489,7.97,98.1,3.1
2025-03-13 16:00:00,336.478,11.68,88.7,3.56
2025-03-13 17:00:00,331.782,7.47,94.8,2.32
2025-03-13 18:00:00,284.653,8.17,91.3,0.44
2025-03-13 19:00:00,245.07,11.68,82.3,2.8
2025-03-13 20:00:00,211.69,9.69,84.0,2.6
2025-03-13 21:00:00,195.418,7.26,100.0,2.08
2025-03-13 22:00:00,208.588,4.83,97.3,2.28
2025-03-13 23:00:00,210.127,4.76,100.0,3.78
2025-03-14 00:00:00,210.943,5.2,100.0,3.56
2025-03-14 01:00:00,219.123,4.67,94.4,2.33
2025-03-14 02:00:00,221.287,4.17,100.0,7.05
2025-03-14 03:00:00,216.893,4.16,97.8,0.37
2025-03-14 04:00:00,217.099,3.97,90.9,1.57
2025-03-14 05:00:00,232.472,2.3,99.1,4.94
2025-03-14 06:00:00,224.282,4.26,100.0,0.53
2025-03-14 07:00:00,231.273,7.17,90.4,0.36
2025-03-14 08:00:00,270.063,4.24,95.5,1.55
2025-03-14 09:00:00,295.98,6.91,92.7,2.63
2025-03-14 10:00:00,327.901,6.67,100.0,1.87
2025-03-14 11:00:00,356.228,8.89,80.0,3.19
2025-03-14 12:00:00,367.788,8.71,94.2,0.4
2025-03-14 13:00:00,359.417,12.17,84.8,1.42
2025-03-14 14:00:00,366.21,10.92,84.3,4.41
2025-03-14 15:00:00,365.989,8.11,90.4,3.76
2025-03-14 16:00:00,345.185,11.18,91.8,1.66
2025-03-14 17:00:00,324.713,8.57,95.8,3.02
2025-03-14 18:00:00,302.318,8.41,92.7,2.59
2025-03-14 19:00:00,256.745,9.21,97.1,2.65
2025-03-14 20:00:00,219.073,7.2,100.0,3.38
2025-03-14 21:00:00,210.306,8.64,96.2,8.0
2025-03-14 22:00:00,205.869,5.19,92.9,8.12
2025-03-14 23:00:00,209.716,4.72,99.8,0.54
2025-03-15 00:00:00,218.06,4.14,100.0,2.23
2025-03-15 01:00:00,209.298,3.81,93.2,0.95
2025-03-15 02:00:00,208.75,6.17,85.3,3.59
2025-03-15 03:00:00,204.19,5.32,83.8,2.33
2025-03-15 04:00:00,196.413,7.15,93.8,5.57
2025-03-15 05:00:00,191.277,8.34,93.5,2.74
2025-03-15 06:00:00,210.943,3.54,91.4,7.26
2025-03-15 07:00:00,209.269,5.92,100.0,8.34
2025-03-15 08:00:00,219.803,4.65,97.8,7.08
2025-03-15 09:00:00,220.576,6.07,100.0,0.25
2025-03-15 10:00:00,224.578,7.08,95.7,3.35
2025-03-15 11:00:00,228.286,7.12,87.0,2.07
2025-03-15 12:00:00,238.309,7.75,95.3,2.33
2025-03-15 13:00:00,246.309,9.68,93.9,4.95
2025-03-15 14:00:00,239.862,8.26,88.5,2.18
2025-03-15 15:00:00,222.848,11.66,78.4,2.87
2025-03-15 16:00:00,217.431,8.74,91.8,2.99
2025-03-15 17:00:00,196.796,14.4,77.2,0.37
2025-03-15 18:00:00,198.195,8.71,97.9,1.93
2025-03-15 19:00:00,194.155,8.93,88.5,5.85
2025-03-15 20:00:00,198.842,6.01,100.0,0.3
2025-03-15 21:00:00,187.804,10.04,76.6,4.09
2025-03-15 22:00:00,190.451,8.33,92.6,1.29
2025-03-15 23:00:00,204.095,6.29,100.0,2.03
2025-03-16 00:00:00,217.104,3.14,93.7,4.67
2025-03-16 01:00:00,219.137,5.15,95.2,1.02
2025-03-16 02:00:00,220.094,2.72,97.2,2.18
2025-03-16 03:00:00,199.701,6.75,89.8,0.55
2025-03-16 04:00:00,216.824,5.81,96.7,3.7
2025-03-16 05:00:00,215.322,4.97,88.7,1.43
2025-03-16 06:00:00,228.542,1.39,100.0,0.72
2025-03-16 07:00:00,218.501,4.34,100.0,2.74
2025-03-16 08:00:00,199.794,7.74,91.3,0.52
2025-03-16 09:00:00,202.857,9.35,84.3,1.98
2025-03-16 10:00:00,200.678,9.96,95.6,1.32
2025-03-16 11:00:00,226.137,6.37,98.9,3.21
2025-03-16 12:00:00,233.761,10.02,83.1,3.26
2025-03-16 13:00:00,229.622,11.64,79.3,1.53
2025-03-16 14:00:00,241.58,7.66,87.0,7.14
2025-03-16 15:00:00,238.801,10.4,92.1,5.65
2025-03-16 16:00:00,222.327,10.75,90.0,1.15
2025-03-16 17:00:00,207.169,9.53,94.8,11.42
2025-03-16 18:00:00,206.126,6.57,92.2,4.52
2025-03-16 19:00:00,207.909,8.39,86.1,3.47
2025-03-16 20:00:00,201.715,7.67,98.2,3.64
2025-03-16 21:00:00,208.653,7.18,90.0,0.88
2025-03-16 22:00:00,215.252,5.74,96.5,6.29
2025-03-16 23:00:00,210.788,5.2,86.8,0.37
2025-03-17 00:00:00,207.321,5.33,92.5,3.63
2025-03-17 01:00:00,211.922,5.63,100.0,5.7
2025-03-17 02:00:00,220.461,4.13,93.3,1.24
2025-03-17 03:00:00,214.489,3.86,100.0,4.75
2025-03-17 04:00:00,215.38,4.77,82.7,2.94
2025-03-17 05:00:00,217.269,1.85,97.5,4.96
2025-03-17 06:00:00,211.205,6.16,93.7,5.52
2025-03-17 07:00:00,230.084,6.02,100.0,7.58
2025-03-17 08:00:00,267.915,6.8,86.9,6.48
2025-03-17 09:00:00,289.079,9.05,94.7,0.44
2025-03-17 10:00:00,336.529,5.17,100.0,1.17
2025-03-17 11:00:00,360.994,5.86,90.9,3.91
2025-03-17 12:00:00,365.708,10.08,87.1,5.57
2025-03-17 13:00:00,364.049,10.1,90.1,1.03
2025-03-17 14:00:00,368.674,10.69,79.5,4.45
2025-03-17 15:00:00,366.644,9.78,87.0,6.8
2025-03-17 16:00:00,347.859,11.48,95.0,5.42
2025-03-17 17:00:00,320.183,11.61,90.3,4.41
2025-03-17 18:00:00,289.501,10.41,87.9,2.59
2025-03-17 19:00:00,259.886,8.6,92.0,2.49
2025-03-17 20:00:00,238.939,4.92,100.0,10.21
2025-03-17 21:00:00,214.776,8.75,95.8,1.79
2025-03-17 22:00:00,194.763,8.7,87.9,1.17
2025-03-17 23:00:00,196.446,7.05,100.0,0.71
2025-03-18 00:00:00,203.675,4.09,100.0,4.21
2025-03-18 01:00:00,207.953,6.1,98.9,3.8
2025-03-18 02:00:00,214.626,6.1,89.8,2.78
2025-03-18 03:00:00,211.356,7.12,87.3,3.8
2025-03-18 04:00:00,216.807,3.32,96.8,4.96
2025-03-18 05:00:00,217.967,4.66,97.2,2.31
2025-03-18 06:00:00,211.874,6.7,83.4,4.0
2025-03-18 07:00:00,235.016,6.21,97.7,2.14
2025-03-18 08:00:00,266.67,5.06,100.0,4.1
2025-03-18 09:00:00,302.606,8.29,95.3,6.83
2025-03-18 10:00:00,320.402,9.32,86.3,5.31
2025-03-18 11:00:00,346.24,9.26,85.7,8.49
2025-03-18 12:00:00,364.613,10.1,91.1,1.79
2025-03-18 13:00:00,370.017,9.81,88.8,1.46
2025-03-18 14:00:00,362.156,12.89,88.0,3.74
2025-03-18 15:00:00,362.061,9.18,94.2,1.84
2025-03-18 16:00:00,348.044,9.58,96.5,4.23
2025-03-18 17:00:00,321.931,10.24,82.3,3.2
2025-03-18 18:00:00,286.31,11.15,89.1,1.19
2025-03-18 19:00:00,263.263,6.73,91.8,3.87
2025-03-18 20:00:00,224.756,6.3,94.0,1.27
2025-03-18 21:00:00,215.837,4.36,100.0,7.17
2025-03-18 22:00:00,212.288,6.9,99.6,2.34
2025-03-18 23:00:00,219.095,4.33,100.0,1.45
2025-03-19 00:00:00,217.556,4.99,99.0,3.28
2025-03-19 01:00:00,213.087,6.19,94.1,3.55
2025-03-19 02:00:00,213.074,3.8,96.6,1.74
2025-03-19 03:00:00,202.366,5.1,85.9,1.67
2025-03-19 04:00:00,209.187,4.35,100.0,0.51
2025-03-19 05:00:00,201.083,6.21,92.8,5.12
2025-03-19 06:00:00,206.97,6.37,97.5,7.03
2025-03-19 07:00:00,242.858,5.12,100.0,5.68
2025-03-19 08:00:00,266.043,6.68,86.6,1.41
2025-03-19 09:00:00,289.354,9.4,84.7,3.79
2025-03-19 10:00:00,315.495,9.13,99.9,3.32
2025-03-19 11:00:00,349.741,6.99,95.4,0.68
2025-03-19 12:00:00,359.164,10.9,84.7,1.73
2025-03-19 13:00:00,370.162,8.59,90.6,3.6
2025-03-19 14:00:00,364.058,12.89,91.9,0.3
2025-03-19 15:00:00,362.761,12.37,91.7,1.02
2025-03-19 16:00:00,348.29,11.09,79.1,4.7
2025-03-19 17:00:00,319.077,10.58,98.4,1.37
2025-03-19 18:00:00,288.908,9.52,95.9,0.69
2025-03-19 19:00:00,250.765,10.31,88.0,5.47
2025-03-19 20:00:00,216.01,7.91,85.2,1.37
2025-03-19 21:00:00,209.349,8.11,98.4,4.73
2025-03-19 22:00:00,207.815,8.35,94.6,8.36
2025-03-19 23:00:00,204.5,5.33,87.2,0.99
2025-03-20 00:00:00,212.293,4.73,95.4,2.41
2025-03-20 01:00:00,223.611,3.33,100.0,3.34
2025-03-20 02:00:00,223.294,3.23,99.0,5.41
2025-03-20 03:00:00,226.355,1.91,96.3,1.73
2025-03-20 04:00:00,216.774,6.11,88.8,0.12
2025-03-20 05:00:00,206.791,8.13,100.0,0.99
2025-03-20 06:00:00,202.511,7.99,97.3,2.03
2025-03-20 07:00:00,240.784,3.73,100.0,4.72
2025-03-20 08:00:00,264.854,8.22,93.4,2.43
2025-03-20 09:00:00,288.047,10.11,96.8,4.5
2025-03-20 10:00:00,317.992,7.88,87.3,1.97
2025-03-20 11:00:00,336.918,9.5,91.1,3.11
2025-03-20 12:00:00,371.943,6.74,95.7,4.97
2025-03-20 13:00:00,373.637,10.86,96.5,5.93
2025-03-20 14:00:00,380.729,9.03,92.7,9.63
2025-03-20 15:00:00,359.758,11.15,84.0,3.43
2025-03-20 16:00:00,349.874,8.24,92.3,0.39
2025-03-20 17:00:00,319.327,11.3,77.5,3.89
2025-03-20 18:00:00,287.871,11.6,73.2,0.36
2025-03-20 19:00:00,262.854,8.08,97.1,4.23
2025-03-20 20:00:00,224.469,6.79,91.6,3.02
2025-03-20 21:00:00,223.572,4.39,95.7,5.71
2025-03-20 22:00:00,208.745,6.63,99.1,1.96
2025-03-20 23:00:00,199.592,5.4,100.0,3.14
2025-03-21 00:00:00,221.352,3.34,100.0,3.94
2025-03-21 01:00:00,210.415,6.07,100.0,0.17
2025-03-21 02:00:00,219.484,4.33,100.0,3.81
2025-03-21 03:00:00,218.479,3.22,100.0,1.45
2025-03-21 04:00:00,215.368,4.16,99.0,3.52
2025-03-21 05:00:00,204.088,7.06,85.8,0.28
2025-03-21 06:00:00,205.802,6.79,99.6,4.38
2025-03-21 07:00:00,233.228,6.24,80.0,4.12
2025-03-21 08:00:00,263.981,8.16,88.5,5.53
2025-03-21 09:00:00,298.147,6.09,95.0,0.51
2025-03-21 10:00:00,327.546,8.77,86.4,9.45
2025-03-21 11:00:00,342.038,9.68,87.1,0.82
2025-03-21 12:00:00,368.292,9.31,100.0,3.12
2025-03-21 13:00:00,363.103,11.24,94.3,2.06
2025-03-21 14:00:00,365.868,9.59,85.9,2.48
2025-03-21 15:00:00,355.971,11.76,84.1,8.54
2025-03-21 16:00:00,346.715,11.72,79.3,0.95
2025-03-21 17:00:00,340.675,5.87,99.4,7.66
2025-03-21 18:00:00,288.371,11.97,85.1,4.84
2025-03-21 19:00:00,273.798,4.57,85.2,2.71
2025-03-21 20:00:00,230.854,7.73,93.2,2.69
2025-03-21 21:00:00,207.247,9.58,92.6,4.13
2025-03-21 22:00:00,208.177,6.66,99.9,1.94
2025-03-21 23:00:00,214.483,4.1,97.2,2.27
2025-03-22 00:00:00,217.604,4.18,95.3,3.11
2025-03-22 01:00:00,203.893,7.1,100.0,7.07
2025-03-22 02:00:00,225.333,2.08,100.0,2.46
2025-03-22 03:00:00,209.232,6.86,98.1,0.44
2025-03-22 04:00:00,206.716,5.07,93.1,3.21
2025-03-22 05:00:00,213.502,3.55,100.0,2.58
2025-03-22 06:00:00,211.114,5.0,87.7,1.57
2025-03-22 07:00:00,209.954,4.92,93.7,3.59
2025-03-22 08:00:00,202.843,8.66,84.0,1.62
2025-03-22 09:00:00,208.151,9.22,86.9,2.41
2025-03-22 10:00:00,216.622,6.08,100.0,3.12
2025-03-22 11:00:00,223.163,8.91,87.3,3.36
2025-03-22 12:00:00,230.724,8.79,95.4,3.81
2025-03-22 13:00:00,223.514,12.72,94.7,4.22
2025-03-22 14:00:00,239.542,8.79,90.9,3.07
2025-03-22 15:00:00,214.19,13.62,90.3,0.57
2025-03-22 16:00:00,218.086,10.9,91.3,3.45
2025-03-22 17:00:00,212.422,8.79,91.8,5.43
2025-03-22 18:00:00,205.178,9.09,95.2,0.43
2025-03-22 19:00:00,197.154,8.27,100.0,0.58
2025-03-22 20:00:00,198.729,6.79,90.1,1.4
2025-03-22 21:00:00,198.216,8.2,86.2,5.19
2025-03-22 22:00:00,211.221,5.31,89.9,1.32
2025-03-22 23:00:00,220.961,3.06,100.0,5.25
2025-03-23 00:00:00,216.314,5.43,100.0,3.29
2025-03-23 01:00:00,224.567,2.68,96.4,1.69
2025-03-23 02:00:00,223.315,4.06,84.9,14.97
2025-03-23 03:00:00,222.305,3.71,94.2,0.83
2025-03-23 04:00:00,218.258,3.87,100.0,2.81
2025-03-23 05:00:00,208.521,8.77,90.7,1.18
2025-03-23 06:00:00,210.048,6.13,95.9,3.57
2025-03-23 07:00:00,207.638,7.05,90.4,1.23
2025-03-23 08:00:00,203.809,4.54,100.0,1.9
2025-03-23 09:00:00,213.916,7.12,95.5,1.46
2025-03-23 10:00:00,215.404,9.28,93.9,2.22
2025-03-23 11:00:00,222.696,8.02,93.1,5.39
2025-03-23 12:00:00,221.593,11.74,90.1,0.71
2025-03-23 13:00:00,225.647,8.84,93.8,1.34
2025-03-23 14:00:00,229.291,10.6,83.0,1.97
2025-03-23 15:00:00,231.557,10.22,91.3,2.29
2025-03-23 16:00:00,211.13,11.32,92.3,6.75
2025-03-23 17:00:00,205.079,9.74,96.7,1.4
2025-03-23 18:00:00,194.744,9.85,92.1,5.23
2025-03-23 19:00:00,185.83,9.28,84.6,7.35
2025-03-23 20:00:00,197.121,7.76,87.7,2.41
2025-03-23 21:00:00,195.909,8.94,88.3,1.1
2025-03-23 22:00:00,207.601,7.77,93.7,6.16
2025-03-23 23:00:00,209.366,6.52,93.5,4.91
2025-03-24 00:00:00,205.908,5.46,89.0,1.0
2025-03-24 01:00:00,208.898,6.95,86.9,8.14
2025-03-24 02:00:00,216.594,5.0,83.8,1.52
2025-03-24 03:00:00,213.45,4.78,78.0,2.39
2025-03-24 04:00:00,216.157,5.54,94.9,4.35
2025-03-24 05:00:00,195.878,8.39,100.0,7.48
2025-03-24 06:00:00,216.365,4.01,100.0,3.42
2025-03-24 07:00:00,233.311,8.0,86.3,2.19
2025-03-24 08:00:00,261.688,4.47,98.0,1.93
2025-03-24 09:00:00,293.363,8.62,82.5,2.19
2025-03-24 10:00:00,308.765,11.57,79.3,11.28
2025-03-24 11:00:00,334.034,10.55,81.4,3.78
2025-03-24 12:00:00,357.282,10.67,87.1,3.07
2025-03-24 13:00:00,369.203,9.97,88.3,4.95
2025-03-24 14:00:00,371.585,11.22,89.2,2.31
2025-03-24 15:00:00,362.605,10.87,92.2,7.21
2025-03-24 16:00:00,346.628,9.91,87.5,4.01
2025-03-24 17:00:00,324.429,10.41,89.0,2.14
2025-03-24 18:00:00,286.731,10.71,81.8,1.8
2025-03-24 19:00:00,255.394,8.55,83.4,0.5
2025-03-24 20:00:00,222.985,7.76,83.5,5.38
2025-03-24 21:00:00,212.529,6.1,98.8,0.7
2025-03-24 22:00:00,209.811,8.12,90.0,6.93
2025-03-24 23:00:00,199.924,7.65,81.5,1.31
2025-03-25 00:00:00,198.695,6.63,93.7,1.46
2025-03-25 01:00:00,198.767,7.33,85.6,9.45
2025-03-25 02:00:00,197.791,5.63,100.0,5.1
2025-03-25 03:00:00,210.358,6.01,91.5,3.01
2025-03-25 04:00:00,208.302,5.97,99.1,8.86
2025-03-25 05:00:00,208.354,5.64,100.0,2.59
2025-03-25 06:00:00,216.321,5.41,90.1,1.87
2025-03-25 07:00:00,221.844,10.43,89.3,3.23
2025-03-25 08:00:00,263.753,6.88,97.1,5.65
2025-03-25 09:00:00,290.282,7.32,93.8,0.88
2025-03-25 10:00:00,322.682,9.85,91.8,1.43
2025-03-25 11:00:00,341.266,10.29,81.0,1.13
2025-03-25 12:00:00,359.98,8.26,95.2,0.96
2025-03-25 13:00:00,356.088,12.78,82.6,2.38
2025-03-25 14:00:00,367.792,11.13,89.9,0.94
2025-03-25 15:00:00,359.268,9.61,95.5,0.42
2025-03-25 16:00:00,329.227,13.18,89.0,1.42
2025-03-25 17:00:00,305.449,11.98,88.7,1.34
2025-03-25 18:00:00,289.089,8.48,95.4,3.85
2025-03-25 19:00:00,245.586,12.73,89.7,5.3
2025-03-25 20:00:00,210.572,10.21,98.1,1.62
2025-03-25 21:00:00,201.697,8.37,91.5,1.45
2025-03-25 22:00:00,197.664,10.15,90.2,9.1
2025-03-25 23:00:00,200.243,7.14,99.0,5.17
2025-03-26 00:00:00,213.01,6.33,91.6,3.54
2025-03-26 01:00:00,211.578,4.84,88.6,2.09
2025-03-26 02:00:00,214.607,6.53,97.2,5.09
2025-03-26 03:00:00,206.571,6.26,93.4,1.04
2025-03-26 04:00:00,204.0,5.62,88.3,5.25
2025-03-26 05:00:00,204.619,4.63,99.9,3.99
2025-03-26 06:00:00,206.984,6.58,100.0,4.55
2025-03-26 07:00:00,235.182,6.88,84.0,3.04
2025-03-26 08:00:00,264.033,5.59,100.0,0.76
2025-03-26 09:00:00,296.651,6.14,79.6,1.07
2025-03-26 10:00:00,321.216,10.18,86.8,4.14
2025-03-26 11:00:00,357.179,5.83,100.0,3.84
2025-03-26 12:00:00,359.684,10.95,86.1,1.78
2025-03-26 13:00:00,362.652,10.33,89.5,1.74
2025-03-26 14:00:00,359.4,13.49,89.1,6.26
2025-03-26 15:00:00,358.6,10.71,78.1,2.75
2025-03-26 16:00:00,337.603,12.45,86.4,1.36
2025-03-26 17:00:00,318.459,10.46,89.1,6.97
2025-03-26 18:00:00,283.308,10.8,99.5,6.53
2025-03-26 19:00:00,247.851,11.18,80.3,2.74
2025-03-26 20:00:00,216.923,8.53,89.2,3.19
2025-03-26 21:00:00,193.842,10.09,83.7,5.18
2025-03-26 22:00:00,201.531,6.13,88.6,4.36
2025-03-26 23:00:00,201.262,7.47,99.7,0.74
2025-03-27 00:00:00,200.714,7.96,92.4,7.12
2025-03-27 01:00:00,192.415,7.07,90.2,0.59
2025-03-27 02:00:00,190.54,8.78,88.0,3.81
2025-03-27 03:00:00,202.604,4.39,93.9,0.91
2025-03-27 04:00:00,217.315,3.5,95.7,4.35
2025-03-27 05:00:00,227.37,4.42,89.6,1.49
2025-03-27 06:00:00,210.776,7.54,91.3,1.59
2025-03-27 07:00:00,224.345,7.91,90.2,4.98
2025-03-27 08:00:00,255.975,8.0,87.7,0.91
2025-03-27 09:00:00,295.283,6.81,94.8,1.77
2025-03-27 10:00:00,319.251,10.61,90.0,0.94
2025-03-27 11:00:00,353.583,8.15,88.7,3.02
2025-03-27 12:00:00,360.732,12.58,84.9,0.93
2025-03-27 13:00:00,353.595,15.78,94.3,3.58
2025-03-27 14:00:00,359.175,12.09,99.2,6.47
2025-03-27 15:00:00,354.771,12.54,79.5,0.31
2025-03-27 16:00:00,338.328,10.72,82.9,1.5
2025-03-27 17:00:00,323.107,8.31,85.4,1.03
2025-03-27 18:00:00,289.215,9.77,96.1,0.75
2025-03-27 19:00:00,249.596,8.36,89.3,3.51
2025-03-27 20:00:00,226.787,7.07,94.9,3.21
2025-03-27 21:00:00,202.852,11.36,99.5,7.09
2025-03-27 22:00:00,189.509,8.27,91.8,4.6
2025-03-27 23:00:00,199.319,7.72,96.8,2.86
2025-03-28 00:00:00,203.327,6.11,98.0,3.39
2025-03-28 01:00:00,210.434,5.85,91.7,1.77
2025-03-28 02:00:00,205.245,7.37,99.4,3.47
2025-03-28 03:00:00,201.371,5.67,90.4,0.6
2025-03-28 04:00:00,203.211,6.67,100.0,2.45
2025-03-28 05:00:00,203.604,5.81,91.7,3.89
2025-03-28 06:00:00,200.855,6.05,92.1,2.35
2025-03-28 07:00:00,237.09,4.97,89.9,1.55
2025-03-28 08:00:00,274.984,4.78,91.2,2.96
2025-03-28 09:00:00,304.007,8.3,89.2,1.35
2025-03-28 10:00:00,321.902,9.59,75.4,2.23
2025-03-28 11:00:00,346.248,8.16,90.6,4.93
2025-03-28 12:00:00,362.592,10.79,85.2,5.15
2025-03-28 13:00:00,362.858,11.41,92.2,3.26
2025-03-28 14:00:00,371.957,8.17,94.5,1.12
2025-03-28 15:00:00,364.235,10.26,84.8,2.06
2025-03-28 16:00:00,338.636,12.27,83.5,3.0
2025-03-28 17:00:00,309.192,11.94,85.3,1.49
2025-03-28 18:00:00,284.997,9.0,99.7,8.42
2025-03-28 19:00:00,252.858,10.48,83.8,1.52
2025-03-28 20:00:00,207.617,11.13,83.5,2.85
2025-03-28 21:00:00,198.737,9.97,82.7,5.38
2025-03-28 22:00:00,202.828,7.79,83.6,7.52
2025-03-28 23:00:00,208.279,6.47,96.2,1.1
2025-03-29 00:00:00,207.181,5.71,96.6,0.62
2025-03-29 01:00:00,203.304,6.99,100.0,3.23
2025-03-29 02:00:00,203.807,6.25,100.0,9.1
2025-03-29 03:00:00,200.409,6.84,100.0,0.73
2025-03-29 04:00:00,205.721,6.15,94.3,2.12
2025-03-29 05:00:00,198.998,7.55,91.3,3.44
2025-03-29 06:00:00,203.079,6.87,86.0,2.95
2025-03-29 07:00:00,204.286,8.59,95.6,3.85
2025-03-29 08:00:00,195.314,9.45,90.9,6.81
2025-03-29 09:00:00,202.516,7.55,96.7,5.45
2025-03-29 10:00:00,218.246,6.72,87.2,2.09
2025-03-29 11:00:00,205.864,12.81,87.6,0.72
2025-03-29 12:00:00,223.694,11.37,88.7,5.74
2025-03-29 13:00:00,234.068,8.69,92.1,2.12
2025-03-29 14:00:00,227.517,10.59,84.5,2.92
2025-03-29 15:00:00,214.408,13.07,92.2,5.07
2025-03-29 16:00:00,206.4,11.29,99.9,5.62
2025-03-29 17:00:00,206.317,10.62,81.9,4.86
2025-03-29 18:00:00,193.977,13.2,89.2,8.11
2025-03-29 19:00:00,187.419,8.66,74.0,2.68
2025-03-29 20:00:00,196.008,8.34,95.7,1.6
2025-03-29 21:00:00,191.079,9.18,79.3,1.22
2025-03-29 22:00:00,197.3,8.69,88.1,1.68
2025-03-29 23:00:00,188.62,8.13,84.1,1.74
2025-03-30 00:00:00,194.011,8.29,90.5,3.27
2025-03-30 01:00:00,199.261,6.67,99.1,4.14
2025-03-30 02:00:00,203.822,6.84,82.7,1.07
2025-03-30 03:00:00,209.351,5.54,93.5,5.08
2025-03-30 04:00:00,209.529,6.15,91.7,5.43
2025-03-30 05:00:00,207.252,6.53,100.0,4.21
2025-03-30 06:00:00,210.093,7.17,95.9,1.89
2025-03-30 07:00:00,201.219,8.69,84.2,6.64
2025-03-30 08:00:00,198.875,9.06,87.9,2.64
2025-03-30 09:00:00,205.31,9.02,100.0,1.43
2025-03-30 10:00:00,218.685,8.43,95.9,1.06
2025-03-30 11:00:00,216.294,10.56,83.1,3.07
2025-03-30 12:00:00,224.52,11.03,86.4,1.92
2025-03-30 13:00:00,224.373,11.86,85.4,0.8
2025-03-30 14:00:00,204.785,15.38,78.6,0.58
2025-03-30 15:00:00,212.447,11.11,77.6,3.42
2025-03-30 16:00:00,213.762,12.53,81.8,0.69
2025-03-30 17:00:00,192.407,13.26,93.2,0.2
2025-03-30 18:00:00,184.39,11.23,85.4,5.48
2025-03-30 19:00:00,172.783,14.19,82.9,1.18
2025-03-30 20:00:00,181.973,9.12,91.5,3.83
2025-03-30 21:00:00,186.977,9.47,100.0,3.02
2025-03-30 22:00:00,194.298,6.9,93.8,1.57
2025-03-30 23:00:00,203.506,6.89,100.0,7.15
2025-03-31 00:00:00,202.36,7.34,89.5,4.28
2025-03-31 01:00:00,207.932,7.82,90.9,2.51
2025-03-31 02:00:00,205.339,6.68,94.1,1.29
2025-03-31 03:00:00,199.869,8.08,87.4,4.04
2025-03-31 04:00:00,209.971,6.02,93.8,4.5
2025-03-31 05:00:00,203.304,5.94,100.0,2.82
2025-03-31 06:00:00,195.859,11.27,82.8,2.56
2025-03-31 07:00:00,217.955,8.2,91.9,4.27
2025-03-31 08:00:00,262.677,7.14,97.7,2.47
2025-03-31 09:00:00,300.087,7.96,87.3,1.41
2025-03-31 10:00:00,323.203,8.34,98.3,0.74
2025-03-31 11:00:00,334.962,12.07,86.9,2.48
2025-03-31 12:00:00,353.413,10.61,87.6,0.72
2025-03-31 13:00:00,364.384,11.87,74.7,4.54
2025-03-31 14:00:00,358.146,11.86,84.5,2.48
2025-03-31 15:00:00,347.641,13.24,87.1,5.03
2025-03-31 16:00:00,336.788,10.61,99.0,3.2
2025-03-31 17:00:00,313.385,9.94,92.9,3.84
2025-03-31 18:00:00,276.453,11.55,94.0,1.52
2025-03-31 19:00:00,242.973,11.53,80.0,2.36
2025-03-31 20:00:00,208.331,10.38,88.1,3.16
2025-03-31 21:00:00,199.267,7.77,99.8,2.9
2025-03-31 22:00:00,193.849,9.37,84.9,2.81
2025-03-31 23:00:00,197.679,6.38,100.0,1.04
2025-04-01 00:00:00,207.619,6.23,99.1,0.44
2025-04-01 01:00:00,209.736,5.08,97.9,0.98
2025-04-01 02:00:00,204.355,8.37,89.7,0.13
2025-04-01 03:00:00,194.529,7.2,87.4,0.51
2025-04-01 04:00:00,200.23,7.25,100.0,3.33
2025-04-01 05:00:00,198.698,8.58,95.2,2.12
2025-04-01 06:00:00,184.786,11.56,89.3,1.34
2025-04-01 07:00:00,225.091,4.95,94.0,2.09
2025-04-01 08:00:00,258.569,7.23,93.5,0.33
2025-04-01 09:00:00,295.141,8.2,92.9,2.44
2025-04-01 10:00:00,317.507,8.6,93.8,0.79
2025-04-01 11:00:00,349.372,8.96,95.3,6.01
2025-04-01 12:00:00,361.81,10.83,83.5,3.97
2025-04-01 13:00:00,370.363,9.83,80.8,3.73
2025-04-01 14:00:00,361.507,12.62,86.2,2.86
2025-04-01 15:00:00,352.518,12.27,75.7,4.22
2025-04-01 16:00:00,339.269,12.85,83.5,2.45
2025-04-01 17:00:00,310.713,12.59,82.7,1.3
2025-04-01 18:00:00,274.511,12.27,89.2,3.78
2025-04-01 19:00:00,245.968,10.09,100.0,5.22
2025-04-01 20:00:00,193.441,13.35,73.0,1.1
2025-04-01 21:00:00,181.58,9.56,100.0,0.59
2025-04-01 22:00:00,197.375,5.43,94.4,8.61
2025-04-01 23:00:00,205.925,6.08,97.0,6.53
2025-04-02 00:00:00,217.894,4.39,88.8,2.65
2025-04-02 01:00:00,212.65,6.73,100.0,0.25
2025-04-02 02:00:00,204.648,6.21,95.0,3.18
2025-04-02 03:00:00,209.204,5.55,95.3,11.69
2025-04-02 04:00:00,193.406,9.62,78.3,4.19
2025-04-02 05:00:00,186.799,7.58,93.2,3.95
2025-04-02 06:00:00,191.093,8.34,96.8,2.5
2025-04-02 07:00:00,229.527,6.31,93.1,3.69
2025-04-02 08:00:00,262.766,6.92,100.0,4.18
2025-04-02 09:00:00,284.806,9.36,97.1,2.98
2025-04-02 10:00:00,309.806,10.35,85.1,2.23
2025-04-02 11:00:00,344.262,7.83,100.0,3.02
2025-04-02 12:00:00,360.142,11.13,88.1,2.91
2025-04-02 13:00:00,361.5,11.92,87.0,0.31
2025-04-02 14:00:00,367.609,11.85,87.4,10.24
2025-04-02 15:00:00,358.412,11.0,88.4,3.95
2025-04-02 16:00:00,342.289,11.33,71.8,5.84
2025-04-02 17:00:00,310.678,11.62,86.0,3.26
2025-04-02 18:00:00,276.907,11.57,79.0,1.72
2025-04-02 19:00:00,237.829,11.77,96.7,5.01
2025-04-02 20:00:00,202.365,11.81,96.4,0.55
2025-04-02 21:00:00,195.938,8.83,96.2,4.06
2025-04-02 22:00:00,183.333,7.79,91.1,4.97
2025-04-02 23:00:00,191.888,8.5,85.5,2.47
2025-04-03 00:00:00,198.763,8.27,87.9,3.79
2025-04-03 01:00:00,199.438,6.12,100.0,0.32
2025-04-03 02:00:00,201.381,7.78,88.3,3.91
2025-04-03 03:00:00,197.679,7.98,78.1,1.99
2025-04-03 04:00:00,187.067,8.59,97.6,3.8
2025-04-03 05:00:00,195.763,9.66,98.9,2.55
2025-04-03 06:00:00,202.562,5.91,100.0,2.53
2025-04-03 07:00:00,226.304,7.94,98.5,3.89
2025-04-03 08:00:00,253.182,8.66,98.5,2.07
2025-04-03 09:00:00,285.13,9.26,90.8,2.46
2025-04-03 10:00:00,321.302,9.15,78.1,8.86
2025-04-03 11:00:00,345.003,8.54,91.6,6.11
2025-04-03 12:00:00,362.161,11.69,90.8,2.23
2025-04-03 13:00:00,371.435,10.79,87.5,2.59
2025-04-03 14:00:00,364.969,12.45,84.9,1.62
2025-04-03 15:00:00,355.678,11.15,82.0,2.0
2025-04-03 16:00:00,337.766,10.56,82.6,2.07
2025-04-03 17:00:00,314.402,12.39,97.1,2.87
2025-04-03 18:00:00,282.492,11.78,98.2,0.37
2025-04-03 19:00:00,241.94,11.84,86.8,1.95
2025-04-03 20:00:00,191.257,13.69,85.9,1.7
2025-04-03 21:00:00,183.942,9.86,83.7,6.66
2025-04-03 22:00:00,187.255,9.42,94.1,2.57
2025-04-03 23:00:00,198.34,6.19,100.0,3.17
2025-04-04 00:00:00,210.963,5.35,86.7,1.91
2025-04-04 01:00:00,201.945,9.47,92.9,2.59
2025-04-04 02:00:00,208.274,5.16,99.4,2.0
2025-04-04 03:00:00,211.711,4.86,99.8,2.91
2025-04-04 04:00:00,203.365,6.57,100.0,3.78
2025-04-04 05:00:00,207.186,6.79,100.0,0.83
2025-04-04 06:00:00,208.336,5.97,93.6,4.16
2025-04-04 07:00:00,230.317,7.55,96.9,1.2
2025-04-04 08:00:00,258.891,10.73,88.9,9.07
2025-04-04 09:00:00,289.822,8.25,88.1,2.86
2025-04-04 10:00:00,319.817,8.08,93.7,3.14
2025-04-04 11:00:00,344.563,12.54,89.9,3.23
2025-04-04 12:00:00,355.108,12.44,87.3,2.73
2025-04-04 13:00:00,362.226,11.14,82.5,1.49
2025-04-04 14:00:00,373.474,9.9,86.8,3.14
2025-04-04 15:00:00,358.219,11.34,84.8,3.01
2025-04-04 16:00:00,337.091,12.35,81.1,1.35
2025-04-04 17:00:00,301.137,14.0,85.7,0.84
2025-04-04 18:00:00,282.65,10.0,91.9,4.99
2025-04-04 19:00:00,245.645,10.9,94.0,1.95
2025-04-04 20:00:00,202.028,11.39,82.3,2.33
2025-04-04 21:00:00,207.791,5.72,91.9,3.02
2025-04-04 22:00:00,190.172,10.41,98.2,1.46
2025-04-04 23:00:00,203.22,6.14,93.8,3.34
2025-04-05 00:00:00,197.963,8.06,92.3,2.42
2025-04-05 01:00:00,192.022,7.45,91.9,2.59
2025-04-05 02:00:00,197.519,8.49,98.3,5.67
2025-04-05 03:00:00,201.635,7.53,99.9,2.94
2025-04-05 04:00:00,224.858,2.95,100.0,2.25
2025-04-05 05:00:00,214.814,5.8,95.4,1.11
2025-04-05 06:00:00,206.056,7.75,87.3,3.22
2025-04-05 07:00:00,204.287,7.84,100.0,4.85
2025-04-05 08:00:00,198.676,9.64,95.0,2.28
2025-04-05 09:00:00,201.992,10.92,85.4,4.83
2025-04-05 10:00:00,206.217,11.4,96.0,3.25
2025-04-05 11:00:00,214.465,10.81,85.1,2.78
2025-04-05 12:00:00,232.421,8.82,99.5,3.53
2025-04-05 13:00:00,226.95,11.52,96.1,0.87
2025-04-05 14:00:00,213.204,13.22,79.4,1.98
2025-04-05 15:00:00,210.414,10.91,91.6,2.04
2025-04-05 16:00:00,199.464,13.56,89.1,2.35
2025-04-05 17:00:00,191.166,13.7,99.9,8.11
2025-04-05 18:00:00,192.089,11.98,82.2,2.84
2025-04-05 19:00:00,199.463,6.25,100.0,0.75
2025-04-05 20:00:00,196.49,8.38,91.8,1.62
2025-04-05 21:00:00,179.729,12.67,78.2,2.59
2025-04-05 22:00:00,192.893,8.0,91.5,2.93
2025-04-05 23:00:00,205.366,4.98,96.4,0.12
2025-04-06 00:00:00,192.901,9.63,83.6,3.76
2025-04-06 01:00:00,194.428,7.19,95.2,3.87
2025-04-06 02:00:00,191.477,8.64,97.0,1.07
2025-04-06 03:00:00,194.926,7.21,94.7,4.76
2025-04-06 04:00:00,196.382,7.61,89.5,2.26
2025-04-06 05:00:00,197.563,7.75,91.7,1.26
2025-04-06 06:00:00,191.873,8.77,91.1,1.0
2025-04-06 07:00:00,188.714,11.92,88.0,3.7
2025-04-06 08:00:00,189.765,10.55,95.3,1.71
2025-04-06 09:00:00,204.765,7.24,94.9,3.16
2025-04-06 10:00:00,201.31,11.26,79.2,0.97
2025-04-06 11:00:00,204.62,13.1,81.7,2.05
2025-04-06 12:00:00,207.891,13.82,85.1,3.53
2025-04-06 13:00:00,218.891,11.69,93.8,5.55
2025-04-06 14:00:00,211.291,14.53,90.8,5.96
2025-04-06 15:00:00,202.151,14.26,94.1,5.48
2025-04-06 16:00:00,191.598,16.79,80.7,12.15
2025-04-06 17:00:00,192.048,11.17,92.3,3.2
2025-04-06 18:00:00,183.007,11.08,79.2,0.95
2025-04-06 19:00:00,182.211,10.78,90.9,1.65
2025-04-06 20:00:00,186.582,9.76,83.3,5.85
2025-04-06 21:00:00,191.499,8.35,91.3,1.48
2025-04-06 22:00:00,203.273,4.57,100.0,0.08
2025-04-06 23:00:00,202.237,7.58,94.6,2.12
2025-04-07 00:00:00,195.945,8.36,86.5,4.69
2025-04-07 01:00:00,196.529,6.5,96.7,1.62
2025-04-07 02:00:00,187.883,10.09,86.2,6.05
2025-04-07 03:00:00,197.05,6.91,88.0,8.64
2025-04-07 04:00:00,188.428,9.06,100.0,3.14
2025-04-07 05:00:00,190.853,7.71,99.0,9.66
2025-04-07 06:00:00,195.326,9.09,92.7,7.23
2025-04-07 07:00:00,225.39,8.84,88.7,4.8
2025-04-07 08:00:00,249.716,11.3,85.7,3.45
2025-04-07 09:00:00,280.955,9.98,98.7,3.23
2025-04-07 10:00:00,301.072,11.46,89.2,2.48
2025-04-07 11:00:00,329.727,11.98,68.1,3.97
2025-04-07 12:00:00,341.736,11.55,100.0,0.35
2025-04-07 13:00:00,353.956,13.14,86.1,7.45
2025-04-07 14:00:00,343.457,16.36,82.6,9.77
2025-04-07 15:00:00,332.96,12.46,92.5,0.32
2025-04-07 16:00:00,329.721,13.46,87.3,4.59
2025-04-07 17:00:00,296.624,14.5,87.6,7.05
2025-04-07 18:00:00,265.761,13.84,81.5,2.92
2025-04-07 19:00:00,238.024,11.41,80.0,2.38
2025-04-07 20:00:00,214.972,6.85,95.5,1.99
2025-04-07 21:00:00,196.786,10.72,97.0,1.69
2025-04-07 22:00:00,202.25,5.56,91.7,3.34
2025-04-07 23:00:00,193.342,10.74,84.0,6.01
2025-04-08 00:00:00,195.343,8.16,99.3,0.4
2025-04-08 01:00:00,186.569,9.01,88.0,1.15
2025-04-08 02:00:00,201.078,5.67,93.0,1.59
2025-04-08 03:00:00,204.781,4.53,94.8,0.65
2025-04-08 04:00:00,197.61,7.53,92.5,4.25
2025-04-08 05:00:00,201.233,7.36,83.7,3.85
2025-04-08 06:00:00,201.144,7.1,90.2,5.0
2025-04-08 07:00:00,222.385,8.64,92.7,0.25
2025-04-08 08:00:00,240.541,13.66,85.6,4.59
2025-04-08 09:00:00,270.135,11.34,94.5,5.99
2025-04-08 10:00:00,304.626,12.46,97.0,4.31
2025-04-08 11:00:00,328.038,12.86,94.5,2.74
2025-04-08 12:00:00,336.629,14.5,88.6,2.45
2025-04-08 13:00:00,352.603,12.3,85.3,3.59
2025-04-08 14:00:00,368.647,9.62,86.2,3.29
2025-04-08 15:00:00,351.076,12.71,85.7,1.63
2025-04-08 16:00:00,335.1,14.21,87.0,0.28
2025-04-08 17:00:00,319.177,11.06,92.9,1.84
2025-04-08 18:00:00,286.256,11.85,90.6,9.02
2025-04-08 19:00:00,248.148,10.4,88.1,0.34
2025-04-08 20:00:00,199.918,13.19,89.7,3.25
2025-04-08 21:00:00,187.518,11.21,95.3,7.63
2025-04-08 22:00:00,187.466,10.28,94.3,5.09
2025-04-08 23:00:00,192.62,9.5,89.9,5.64
2025-04-09 00:00:00,191.053,7.95,87.3,5.21
2025-04-09 01:00:00,196.941,7.85,87.3,0.65
2025-04-09 02:00:00,211.719,5.33,91.8,6.72
2025-04-09 03:00:00,222.049,3.63,99.9,7.37
2025-04-09 04:00:00,207.442,7.47,96.1,0.88
2025-04-09 05:00:00,202.99,8.05,83.6,1.97
2025-04-09 06:00:00,198.661,9.94,86.5,2.95
2025-04-09 07:00:00,212.172,11.14,89.3,1.99
2025-04-09 08:00:00,239.405,11.86,81.4,1.51
2025-04-09 09:00:00,291.782,8.53,94.1,1.54
2025-04-09 10:00:00,318.602,10.34,87.1,4.58
2025-04-09 11:00:00,331.062,12.4,81.7,5.53
2025-04-09 12:00:00,337.583,16.3,80.9,1.55
2025-04-09 13:00:00,346.948,15.09,84.6,5.5
2025-04-09 14:00:00,342.623,14.82,77.6,1.98
2025-04-09 15:00:00,337.697,12.51,84.4,0.94
2025-04-09 16:00:00,331.977,11.61,89.9,3.52
2025-04-09 17:00:00,302.221,13.99,79.2,2.85
2025-04-09 18:00:00,275.65,10.49,78.8,3.62
2025-04-09 19:00:00,243.258,11.25,78.4,3.58
2025-04-09 20:00:00,206.275,10.72,85.9,3.31
2025-04-09 21:00:00,185.062,12.68,77.7,2.6
2025-04-09 22:00:00,193.1,8.78,89.0,5.42
2025-04-09 23:00:00,199.725,4.73,100.0,4.33
2025-04-10 00:00:00,190.116,8.93,82.6,2.04
2025-04-10 01:00:00,196.807,6.53,92.6,2.0
2025-04-10 02:00:00,203.496,7.42,100.0,0.6
2025-04-10 03:00:00,211.617,7.11,95.9,0.7
2025-04-10 04:00:00,206.437,6.91,91.5,2.46
2025-04-10 05:00:00,199.122,8.91,90.0,4.95
2025-04-10 06:00:00,194.701,5.67,98.0,1.33
2025-04-10 07:00:00,226.454,7.92,100.0,4.47
2025-04-10 08:00:00,252.011,10.57,85.4,3.22
2025-04-10 09:00:00,286.571,9.27,85.9,1.41
2025-04-10 10:00:00,315.443,8.45,83.3,2.93
2025-04-10 11:00:00,339.67,12.82,86.1,2.85
2025-04-10 12:00:00,350.749,14.17,75.1,1.46
2025-04-10 13:00:00,358.828,12.77,82.7,4.27
2025-04-10 14:00:00,371.746,10.01,83.9,5.28
2025-04-10 15:00:00,348.628,14.38,89.7,2.19
2025-04-10 16:00:00,341.303,10.49,85.7,1.03
2025-04-10 17:00:00,304.105,13.34,87.1,5.46
2025-04-10 18:00:00,269.135,10.95,78.4,0.65
2025-04-10 19:00:00,240.091,9.89,90.3,3.43
2025-04-10 20:00:00,202.64,10.32,81.7,1.33
2025-04-10 21:00:00,189.356,9.96,86.9,0.95
2025-04-10 22:00:00,194.033,8.44,100.0,1.8
2025-04-10 23:00:00,189.319,9.69,95.4,2.84
2025-04-11 00:00:00,194.697,7.53,92.1,1.14
2025-04-11 01:00:00,185.871,9.34,100.0,0.8
2025-04-11 02:00:00,186.494,7.92,86.8,0.46
2025-04-11 03:00:00,201.201,6.25,100.0,7.63
2025-04-11 04:00:00,203.268,6.08,85.7,3.63
2025-04-11 05:00:00,208.464,5.13,94.7,1.42
2025-04-11 06:00:00,202.13,8.71,83.1,3.77
2025-04-11 07:00:00,230.467,8.3,93.3,2.82
2025-04-11 08:00:00,268.036,5.8,95.6,4.58
2025-04-11 09:00:00,299.041,9.51,88.2,2.33
2025-04-11 10:00:00,324.309,9.7,96.4,5.16
2025-04-11 11:00:00,332.013,14.39,79.9,1.6
2025-04-11 12:00:00,361.082,9.77,91.7,3.2
2025-04-11 13:00:00,372.049,10.66,93.4,4.94
2025-04-11 14:00:00,351.95,15.04,73.4,3.32
2025-04-11 15:00:00,344.586,15.54,77.2,9.22
2025-04-11 16:00:00,331.119,12.07,86.8,4.52
2025-04-11 17:00:00,310.527,11.95,90.4,3.72
2025-04-11 18:00:00,274.158,13.48,93.1,2.07
2025-04-11 19:00:00,257.919,8.14,90.7,3.25
2025-04-11 20:00:00,224.245,8.17,90.1,6.2
2025-04-11 21:00:00,195.439,9.92,84.3,1.87
2025-04-11 22:00:00,191.144,12.07,88.5,1.29
2025-04-11 23:00:00,197.3,8.17,90.2,1.87
2025-04-12 00:00:00,192.725,8.53,89.8,1.79
2025-04-12 01:00:00,185.653,9.7,89.3,4.09
2025-04-12 02:00:00,189.561,10.96,91.4,8.51
2025-04-12 03:00:00,193.608,6.57,90.8,0.69
2025-04-12 04:00:00,200.63,7.56,88.2,2.88
2025-04-12 05:00:00,193.035,10.81,90.9,1.15
2025-04-12 06:00:00,200.009,5.93,76.9,3.54
2025-04-12 07:00:00,187.058,10.63,84.9,3.84
2025-04-12 08:00:00,190.44,8.08,85.2,1.8
2025-04-12 09:00:00,191.08,10.65,95.7,4.17
2025-04-12 10:00:00,202.404,10.88,85.5,1.56
2025-04-12 11:00:00,215.227,10.46,85.4,1.56
2025-04-12 12:00:00,223.883,11.04,87.7,1.36
2025-04-12 13:00:00,214.217,13.53,80.9,1.89
2025-04-12 14:00:00,211.572,14.98,80.0,2.67
2025-04-12 15:00:00,204.288,13.28,85.4,2.45
2025-04-12 16:00:00,202.327,13.5,82.0,3.08
2025-04-12 17:00:00,182.624,14.0,81.2,4.02
2025-04-12 18:00:00,188.046,11.06,81.9,3.11
2025-04-12 19:00:00,176.576,13.17,78.0,7.53
2025-04-12 20:00:00,176.401,12.58,86.2,2.82
2025-04-12 21:00:00,170.703,14.65,84.7,4.69
2025-04-12 22:00:00,176.571,9.11,82.1,0.59
2025-04-12 23:00:00,191.772,8.26,96.4,3.08
2025-04-13 00:00:00,186.894,9.72,94.4,2.43
2025-04-13 01:00:00,187.198,9.32,96.2,2.26
2025-04-13 02:00:00,195.78,6.85,95.6,6.12
2025-04-13 03:00:00,210.051,6.96,97.5,9.46
2025-04-13 04:00:00,196.149,8.58,100.0,4.05
2025-04-13 05:00:00,201.82,6.69,92.2,0.45
2025-04-13 06:00:00,196.496,7.83,86.2,1.72
2025-04-13 07:00:00,196.389,9.25,81.2,0.71
2025-04-13 08:00:00,195.451,11.43,97.9,3.02
2025-04-13 09:00:00,197.695,9.64,100.0,3.69
2025-04-13 10:00:00,212.235,8.44,86.0,0.54
2025-04-13 11:00:00,223.186,9.04,86.4,6.86
2025-04-13 12:00:00,229.228,10.71,86.5,0.93
2025-04-13 13:00:00,227.61,11.11,95.2,3.57
2025-04-13 14:00:00,224.841,13.26,77.1,6.76
2025-04-13 15:00:00,217.564,11.71,75.2,3.07
2025-04-13 16:00:00,216.45,12.38,99.1,1.48
2025-04-13 17:00:00,190.761,11.97,88.5,1.4
2025-04-13 18:00:00,183.106,12.03,89.3,3.13
2025-04-13 19:00:00,171.912,14.22,82.3,4.7
2025-04-13 20:00:00,172.571,12.44,88.8,3.48
2025-04-13 21:00:00,179.194,10.63,79.4,1.38
2025-04-13 22:00:00,186.456,9.09,85.6,2.38
2025-04-13 23:00:00,191.714,8.42,92.2,1.21
2025-04-14 00:00:00,192.241,9.13,77.0,1.2
2025-04-14 01:00:00,198.275,9.07,88.9,1.14
2025-04-14 02:00:00,190.997,6.38,92.3,1.99
2025-04-14 03:00:00,203.099,7.79,90.7,2.58
2025-04-14 04:00:00,221.629,4.58,93.7,2.82
2025-04-14 05:00:00,198.351,8.47,85.6,3.34
2025-04-14 06:00:00,191.206,9.83,78.7,1.45
2025-04-14 07:00:00,223.293,8.78,92.0,2.63
2025-04-14 08:00:00,244.985,12.86,83.6,2.88
2025-04-14 09:00:00,291.52,9.32,82.1,5.75
2025-04-14 10:00:00,311.852,11.85,87.2,0.56
2025-04-14 11:00:00,322.502,12.17,84.6,0.74
2025-04-14 12:00:00,349.022,12.69,82.9,3.91
2025-04-14 13:00:00,358.32,13.14,72.1,4.2
2025-04-14 14:00:00,360.376,13.8,88.2,3.92
2025-04-14 15:00:00,335.903,15.09,74.9,3.89
2025-04-14 16:00:00,309.839,15.83,81.6,0.62
2025-04-14 17:00:00,298.606,13.32,79.9,8.52
2025-04-14 18:00:00,273.745,14.15,81.3,5.32
2025-04-14 19:00:00,248.687,11.11,94.8,0.63
2025-04-14 20:00:00,198.844,12.73,88.8,2.14
2025-04-14 21:00:00,190.832,9.51,96.9,2.05
2025-04-14 22:00:00,194.365,11.7,89.0,2.44
2025-04-14 23:00:00,177.583,12.77,87.9,1.85
2025-04-15 00:00:00,189.592,8.53,80.8,1.0
2025-04-15 01:00:00,203.087,4.74,94.9,2.92
2025-04-15 02:00:00,206.166,7.07,92.1,6.01
2025-04-15 03:00:00,190.685,9.82,97.0,1.8
2025-04-15 04:00:00,188.589,8.84,88.0,3.32
2025-04-15 05:00:00,189.933,8.65,92.9,2.5
2025-04-15 06:00:00,184.822,10.34,90.3,3.89
2025-04-15 07:00:00,209.126,10.12,96.2,2.33
2025-04-15 08:00:00,239.815,12.02,85.8,1.59
2025-04-15 09:00:00,278.59,12.32,91.1,1.88
2025-04-15 10:00:00,297.893,14.06,73.5,5.85
2025-04-15 11:00:00,319.784,12.92,75.6,2.74
2025-04-15 12:00:00,336.195,14.42,69.5,2.67
2025-04-15 13:00:00,348.297,12.96,90.0,5.73
2025-04-15 14:00:00,347.9,12.78,89.5,6.45
2025-04-15 15:00:00,335.144,16.58,85.6,0.25
2025-04-15 16:00:00,320.781,14.09,79.6,0.76
2025-04-15 17:00:00,297.136,14.74,79.4,4.63
2025-04-15 18:00:00,261.528,13.17,84.2,2.84
2025-04-15 19:00:00,236.371,11.41,96.1,6.47
2025-04-15 20:00:00,193.849,11.64,97.3,0.56
2025-04-15 21:00:00,178.979,13.15,89.8,3.15
2025-04-15 22:00:00,181.319,10.96,90.0,4.03
2025-04-15 23:00:00,195.669,6.61,100.0,2.08
2025-04-16 00:00:00,192.937,8.5,90.0,4.45
2025-04-16 01:00:00,182.207,11.22,85.3,4.69
2025-04-16 02:00:00,191.171,7.73,91.8,2.52
2025-04-16 03:00:00,205.721,5.09,90.4,2.39
2025-04-16 04:00:00,189.027,11.1,86.8,5.01
2025-04-16 05:00:00,185.333,9.46,83.4,3.1
2025-04-16 06:00:00,186.788,8.74,97.3,3.84
2025-04-16 07:00:00,212.911,8.88,94.2,3.09
2025-04-16 08:00:00,238.202,11.93,95.3,2.98
2025-04-16 09:00:00,272.952,10.1,79.5,2.38
2025-04-16 10:00:00,296.943,13.58,95.8,4.02
2025-04-16 11:00:00,326.709,13.34,75.3,1.34
2025-04-16 12:00:00,339.78,13.48,77.3,0.59
2025-04-16 13:00:00,343.848,13.8,80.4,2.67
2025-04-16 14:00:00,340.892,13.59,92.2,6.53
2025-04-16 15:00:00,340.049,15.64,82.9,3.11
2025-04-16 16:00:00,333.204,12.48,84.5,2.22
2025-04-16 17:00:00,313.705,10.97,83.3,2.0
2025-04-16 18:00:00,277.693,14.07,75.4,1.9
2025-04-16 19:00:00,237.63,13.48,91.3,0.11
2025-04-16 20:00:00,199.686,12.51,90.7,5.94
2025-04-16 21:00:00,180.549,11.62,95.2,1.74
2025-04-16 22:00:00,192.989,9.68,92.2,2.71
2025-04-16 23:00:00,184.367,10.73,72.5,2.12
2025-04-17 00:00:00,186.908,8.9,83.5,1.51
2025-04-17 01:00:00,195.816,7.71,95.4,6.14
2025-04-17 02:00:00,197.068,7.69,90.4,1.04
2025-04-17 03:00:00,189.251,11.32,84.2,4.12
2025-04-17 04:00:00,203.487,5.42,89.2,0.69
2025-04-17 05:00:00,192.861,9.29,96.1,2.4
2025-04-17 06:00:00,202.596,6.28,97.3,5.57
2025-04-17 07:00:00,221.89,9.42,93.2,1.83
2025-04-17 08:00:00,248.947,9.62,86.1,3.87
2025-04-17 09:00:00,295.391,7.75,93.6,1.77
2025-04-17 10:00:00,310.38,12.49,77.9,2.07
2025-04-17 11:00:00,339.598,11.98,85.8,4.51
2025-04-17 12:00:00,353.904,9.85,74.4,3.93
2025-04-17 13:00:00,355.266,15.03,72.9,6.58
2025-04-17 14:00:00,340.047,16.28,78.7,1.83
2025-04-17 15:00:00,326.741,16.47,94.6,3.42
2025-04-17 16:00:00,320.325,14.56,72.2,2.82
2025-04-17 17:00:00,297.909,13.76,76.7,3.49
2025-04-17 18:00:00,274.861,15.34,83.2,5.29
2025-04-17 19:00:00,231.211,15.28,92.6,1.57
2025-04-17 20:00:00,189.412,13.68,85.5,3.32
2025-04-17 21:00:00,192.647,9.58,94.2,6.09
2025-04-17 22:00:00,185.72,10.64,86.5,2.83
2025-04-17 23:00:00,189.367,10.29,85.9,4.49
2025-04-18 00:00:00,197.656,6.19,95.2,0.4
2025-04-18 01:00:00,194.672,9.36,86.3,2.92
2025-04-18 02:00:00,183.586,11.95,91.0,1.91
2025-04-18 03:00:00,188.554,9.23,80.8,3.88
2025-04-18 04:00:00,189.588,10.67,93.8,3.34
2025-04-18 05:00:00,182.923,8.91,91.2,1.35
2025-04-18 06:00:00,187.74,8.97,89.6,0.77
2025-04-18 07:00:00,211.046,10.32,79.1,8.72
2025-04-18 08:00:00,243.187,9.13,84.7,3.53
2025-04-18 09:00:00,277.994,9.67,97.1,3.47
2025-04-18 10:00:00,295.616,14.01,82.5,1.54
2025-04-18 11:00:00,315.195,14.91,84.2,2.12
2025-04-18 12:00:00,346.22,11.75,81.7,6.14
2025-04-18 13:00:00,348.862,15.36,81.7,2.87
2025-04-18 14:00:00,349.284,13.97,75.6,6.28
2025-04-18 15:00:00,345.49,14.75,83.3,3.54
2025-04-18 16:00:00,322.762,14.84,84.8,5.39
2025-04-18 17:00:00,284.765,15.4,83.8,0.37
2025-04-18 18:00:00,261.592,13.46,79.1,1.47
2025-04-18 19:00:00,225.569,14.97,80.4,2.83
2025-04-18 20:00:00,179.775,12.48,89.1,2.26
2025-04-18 21:00:00,181.962,12.21,85.0,3.9
2025-04-18 22:00:00,186.106,9.1,88.9,0.77
2025-04-18 23:00:00,169.938,13.16,96.4,0.79
2025-04-19 00:00:00,176.293,9.96,83.7,3.8
2025-04-19 01:00:00,187.043,9.87,96.1,5.23
2025-04-19 02:00:00,203.605,5.86,88.3,2.11
2025-04-19 03:00:00,202.189,7.01,97.5,6.71
2025-04-19 04:00:00,187.942,10.41,93.1,7.76
2025-04-19 05:00:00,190.051,9.19,87.5,2.62
2025-04-19 06:00:00,201.439,6.15,87.5,2.05
2025-04-19 07:00:00,189.239,11.49,75.5,1.7
2025-04-19 08:00:00,185.47,9.68,86.2,1.46
2025-04-19 09:00:00,183.116,13.59,87.5,4.33
2025-04-19 10:00:00,194.617,11.97,80.2,1.3
2025-04-19 11:00:00,205.473,13.16,85.6,1.11
2025-04-19 12:00:00,208.331,15.34,73.1,1.4
2025-04-19 13:00:00,221.995,12.49,84.5,2.64
2025-04-19 14:00:00,224.396,12.64,78.8,2.78
2025-04-19 15:00:00,219.577,14.02,83.3,4.17
2025-04-19 16:00:00,202.096,15.55,78.6,2.46
2025-04-19 17:00:00,191.978,11.8,79.7,0.72
2025-04-19 18:00:00,191.997,10.78,84.3,1.98
2025-04-19 19:00:00,169.017,14.15,78.0,2.69
2025-04-19 20:00:00,184.94,11.14,79.9,1.61
2025-04-19 21:00:00,179.557,10.7,94.9,3.33
2025-04-19 22:00:00,194.024,7.58,90.6,0.21
2025-04-19 23:00:00,199.39,8.74,77.9,2.44
2025-04-20 00:00:00,197.187,9.32,86.6,5.94
2025-04-20 01:00:00,181.998,10.34,94.4,5.13
2025-04-20 02:00:00,189.473,7.32,88.6,2.94
2025-04-20 03:00:00,185.373,11.1,96.8,2.76
2025-04-20 04:00:00,197.37,7.46,87.8,3.67
2025-04-20 05:00:00,196.525,7.76,95.6,1.12
2025-04-20 06:00:00,185.745,11.79,93.1,4.85
2025-04-20 07:00:00,180.73,10.29,91.7,6.58
2025-04-20 08:00:00,191.999,9.79,81.4,2.43
2025-04-20 09:00:00,191.858,11.2,82.1,2.94
2025-04-20 10:00:00,194.731,14.39,90.3,4.21
2025-04-20 11:00:00,200.478,15.3,77.2,1.49
2025-04-20 12:00:00,208.593,12.27,92.1,6.72
2025-04-20 13:00:00,213.859,13.98,81.2,8.59
2025-04-20 14:00:00,211.255,14.49,84.0,3.89
2025-04-20 15:00:00,210.787,12.87,77.1,7.07
2025-04-20 16:00:00,201.78,14.26,79.8,0.99
2025-04-20 17:00:00,185.286,14.06,78.5,3.25
2025-04-20 18:00:00,167.139,15.4,83.2,0.43
2025-04-20 19:00:00,160.534,14.88,83.1,1.98
2025-04-20 20:00:00,179.735,11.7,89.8,2.02
2025-04-20 21:00:00,176.636,11.11,84.9,1.64
2025-04-20 22:00:00,178.933,11.74,81.4,1.01
2025-04-20 23:00:00,194.622,9.02,91.9,3.86
2025-04-21 00:00:00,183.767,10.39,82.7,1.4
2025-04-21 01:00:00,190.012,8.83,97.5,3.86
2025-04-21 02:00:00,192.988,7.12,92.7,2.57
2025-04-21 03:00:00,190.534,7.04,91.6,3.39
2025-04-21 04:00:00,180.901,10.99,90.8,1.77
2025-04-21 05:00:00,185.8,8.72,90.7,2.55
2025-04-21 06:00:00,180.33,12.07,76.5,9.59
2025-04-21 07:00:00,210.705,9.25,84.1,3.31
2025-04-21 08:00:00,243.24,11.26,94.0,6.73
2025-04-21 09:00:00,259.048,15.4,82.3,6.5
2025-04-21 10:00:00,302.866,10.66,78.4,0.85
2025-04-21 11:00:00,342.351,10.04,91.5,6.49
2025-04-21 12:00:00,346.312,15.75,78.0,2.55
2025-04-21 13:00:00,353.405,12.85,80.2,2.02
2025-04-21 14:00:00,352.571,14.44,76.3,1.15
2025-04-21 15:00:00,339.696,13.63,90.3,0.85
2025-04-21 16:00:00,319.617,14.9,70.7,3.79
2025-04-21 17:00:00,302.653,12.65,80.7,0.82
2025-04-21 18:00:00,270.152,13.41,85.4,3.9
2025-04-21 19:00:00,226.137,13.79,93.6,0.27
2025-04-21 20:00:00,202.524,10.73,91.7,1.24
2025-04-21 21:00:00,187.53,10.45,83.7,2.27
2025-04-21 22:00:00,183.77,10.24,98.2,2.78
2025-04-21 23:00:00,196.284,7.79,84.4,1.3
2025-04-22 00:00:00,195.266,8.89,92.5,0.93
2025-04-22 01:00:00,192.608,9.28,93.3,2.08
2025-04-22 02:00:00,188.164,8.15,86.7,1.67
2025-04-22 03:00:00,187.416,8.26,96.0,1.85
2025-04-22 04:00:00,193.058,8.76,88.0,4.04
2025-04-22 05:00:00,199.516,8.04,96.3,5.82
2025-04-22 06:00:00,189.993,10.68,77.4,1.99
2025-04-22 07:00:00,203.499,12.49,87.9,4.04
2025-04-22 08:00:00,239.388,10.17,86.7,1.71
2025-04-22 09:00:00,270.766,12.47,92.8,1.61
2025-04-22 10:00:00,296.692,12.08,86.2,2.07
2025-04-22 11:00:00,322.231,13.78,91.6,5.25
2025-04-22 12:00:00,324.065,16.32,83.6,0.65
2025-04-22 13:00:00,333.034,15.1,81.5,0.56
2025-04-22 14:00:00,353.362,11.75,91.7,7.58
2025-04-22 15:00:00,339.632,15.42,86.6,1.26
2025-04-22 16:00:00,316.265,16.56,83.0,2.3
2025-04-22 17:00:00,291.197,13.94,70.1,1.83
2025-04-22 18:00:00,253.82,15.41,75.9,6.62
2025-04-22 19:00:00,232.876,12.09,94.8,5.22
2025-04-22 20:00:00,195.715,10.09,81.7,0.92
2025-04-22 21:00:00,187.665,11.92,92.0,2.79
2025-04-22 22:00:00,188.784,8.1,96.3,3.35
2025-04-22 23:00:00,197.831,9.81,85.3,3.96
2025-04-23 00:00:00,179.898,11.75,75.0,0.37
2025-04-23 01:00:00,197.253,6.16,91.4,0.56
2025-04-23 02:00:00,198.544,6.87,100.0,4.16
2025-04-23 03:00:00,198.867,7.16,88.2,0.8
2025-04-23 04:00:00,196.225,8.81,86.3,3.3
2025-04-23 05:00:00,197.496,8.63,85.3,0.97
2025-04-23 06:00:00,187.604,11.93,94.0,0.6
2025-04-23 07:00:00,208.385,11.84,85.4,1.23
2025-04-23 08:00:00,242.739,11.83,83.1,2.49
2025-04-23 09:00:00,270.774,12.04,95.0,3.2
2025-04-23 10:00:00,301.617,13.22,88.4,3.48
2025-04-23 11:00:00,328.112,11.93,81.2,4.51
2025-04-23 12:00:00,340.043,15.3,74.6,1.29
2025-04-23 13:00:00,354.302,12.63,92.7,4.33
2025-04-23 14:00:00,347.199,16.05,81.0,2.67
2025-04-23 15:00:00,332.508,16.71,70.7,2.99
2025-04-23 16:00:00,323.953,15.05,71.6,10.17
2025-04-23 17:00:00,295.889,14.13,76.9,3.84
2025-04-23 18:00:00,257.558,14.57,75.6,2.15
2025-04-23 19:00:00,248.029,8.73,78.9,1.88
2025-04-23 20:00:00,206.329,13.07,78.5,2.51
2025-04-23 21:00:00,187.396,11.63,81.6,0.69
2025-04-23 22:00:00,187.201,10.95,85.3,3.3
2025-04-23 23:00:00,174.872,11.44,97.5,2.49
2025-04-24 00:00:00,180.183,9.69,88.2,2.96
2025-04-24 01:00:00,192.317,7.51,91.9,2.66
2025-04-24 02:00:00,184.341,8.81,94.1,0.76
2025-04-24 03:00:00,182.771,9.04,89.3,3.93
2025-04-24 04:00:00,187.51,9.22,92.9,1.57
2025-04-24 05:00:00,186.542,9.59,91.7,4.87
2025-04-24 06:00:00,180.701,11.47,88.1,4.17
2025-04-24 07:00:00,214.161,8.69,100.0,7.31
2025-04-24 08:00:00,236.599,11.44,92.9,2.5
2025-04-24 09:00:00,264.185,13.99,77.3,4.51
2025-04-24 10:00:00,309.137,9.93,91.7,7.85
2025-04-24 11:00:00,322.748,13.72,79.4,1.46
2025-04-24 12:00:00,340.782,13.12,87.7,5.27
2025-04-24 13:00:00,348.688,13.94,75.6,3.79
2025-04-24 14:00:00,353.823,13.38,78.0,1.09
2025-04-24 15:00:00,339.959,14.66,84.9,2.28
2025-04-24 16:00:00,307.144,17.77,84.5,11.21
2025-04-24 17:00:00,293.487,12.51,88.9,5.08
2025-04-24 18:00:00,275.674,12.18,91.5,3.54
2025-04-24 19:00:00,239.427,11.35,89.8,1.5
2025-04-24 20:00:00,187.878,15.47,82.8,0.28
2025-04-24 21:00:00,190.094,11.19,84.7,0.81
2025-04-24 22:00:00,186.654,11.11,92.7,2.58
2025-04-24 23:00:00,177.981,9.79,95.8,2.58
2025-04-25 00:00:00,195.774,8.42,91.2,6.03
2025-04-25 01:00:00,192.967,9.08,90.0,1.21
2025-04-25 02:00:00,179.491,13.09,94.6,1.12
2025-04-25 03:00:00,181.098,11.28,87.5,3.83
2025-04-25 04:00:00,194.894,7.79,93.0,1.91
2025-04-25 05:00:00,187.321,10.49,91.6,1.9
2025-04-25 06:00:00,186.432,8.6,90.8,5.63
2025-04-25 07:00:00,219.77,7.71,87.7,1.06
2025-04-25 08:00:00,234.815,12.91,87.6,5.07
2025-04-25 09:00:00,271.827,13.91,83.7,3.51
2025-04-25 10:00:00,292.731,14.5,94.2,1.76
2025-04-25 11:00:00,321.96,12.8,90.2,2.52
2025-04-25 12:00:00,335.235,13.9,80.4,1.32
2025-04-25 13:00:00,341.681,15.85,85.6,2.21
2025-04-25 14:00:00,345.36,15.57,83.4,7.57
2025-04-25 15:00:00,334.512,14.42,91.1,1.45
2025-04-25 16:00:00,327.692,12.36,83.0,0.49
2025-04-25 17:00:00,298.135,14.83,83.8,2.58
2025-04-25 18:00:00,262.471,15.9,80.5,6.71
2025-04-25 19:00:00,233.66,11.63,87.5,3.03
2025-04-25 20:00:00,201.894,13.85,78.7,2.11
2025-04-25 21:00:00,188.584,12.58,89.2,2.03
2025-04-25 22:00:00,183.211,12.47,88.4,5.17
2025-04-25 23:00:00,183.583,11.95,94.4,3.31
2025-04-26 00:00:00,190.438,8.94,90.8,3.83
2025-04-26 01:00:00,196.427,6.98,91.2,2.85
2025-04-26 02:00:00,185.298,8.42,96.4,4.6
2025-04-26 03:00:00,181.08,10.59,83.8,7.57
2025-04-26 04:00:00,198.412,8.4,98.1,2.54
2025-04-26 05:00:00,201.284,8.46,98.1,3.27
2025-04-26 06:00:00,204.752,7.13,100.0,7.35
2025-04-26 07:00:00,175.576,13.47,86.8,2.84
2025-04-26 08:00:00,176.8,12.71,82.7,5.12
2025-04-26 09:00:00,178.132,13.4,85.3,1.24
2025-04-26 10:00:00,187.181,14.49,85.4,1.41
2025-04-26 11:00:00,192.708,14.59,79.6,8.76
2025-04-26 12:00:00,201.741,13.9,91.9,4.33
2025-04-26 13:00:00,209.55,14.51,86.6,2.3
2025-04-26 14:00:00,215.764,14.38,77.9,1.68
2025-04-26 15:00:00,199.054,19.38,87.6,2.04
2025-04-26 16:00:00,183.324,15.96,81.6,0.85
2025-04-26 17:00:00,185.509,14.03,77.2,4.08
2025-04-26 18:00:00,164.519,15.04,77.4,3.8
2025-04-26 19:00:00,166.241,12.05,95.5,3.74
2025-04-26 20:00:00,163.368,15.35,92.9,6.29
2025-04-26 21:00:00,182.145,11.11,93.9,2.72
2025-04-26 22:00:00,174.139,12.19,94.2,3.52
2025-04-26 23:00:00,170.913,12.37,93.4,0.52
2025-04-27 00:00:00,178.746,10.78,91.6,4.36
2025-04-27 01:00:00,182.293,9.84,91.6,3.87
2025-04-27 02:00:00,178.308,9.41,93.5,0.95
2025-04-27 03:00:00,188.847,9.2,94.9,2.31
2025-04-27 04:00:00,194.523,8.47,87.1,5.72
2025-04-27 05:00:00,194.797,8.97,95.2,3.44
2025-04-27 06:00:00,180.116,12.53,94.6,1.57
2025-04-27 07:00:00,188.634,10.61,87.3,3.87
2025-04-27 08:00:00,186.84,10.25,87.2,8.22
2025-04-27 09:00:00,184.933,11.46,90.2,0.7
2025-04-27 10:00:00,194.233,14.83,78.7,4.26
2025-04-27 11:00:00,187.452,14.87,74.7,3.34
2025-04-27 12:00:00,194.747,15.31,88.9,0.87
2025-04-27 13:00:00,203.376,14.47,80.4,3.45
2025-04-27 14:00:00,199.051,16.1,81.0,1.7
2025-04-27 15:00:00,193.528,14.26,79.8,2.12
2025-04-27 16:00:00,185.711,14.77,90.4,3.89
2025-04-27 17:00:00,178.086,16.44,85.5,3.78
2025-04-27 18:00:00,170.075,15.81,79.8,3.73
2025-04-27 19:00:00,174.725,12.22,79.2,11.17
2025-04-27 20:00:00,171.931,11.7,84.9,2.39
2025-04-27 21:00:00,164.057,12.46,89.4,1.05
2025-04-27 22:00:00,167.93,14.27,84.5,4.29
2025-04-27 23:00:00,190.881,7.72,93.2,3.33
2025-04-28 00:00:00,173.388,10.73,89.6,1.77
2025-04-28 01:00:00,178.277,7.61,97.3,1.67
2025-04-28 02:00:00,190.41,8.49,91.3,6.57
2025-04-28 03:00:00,191.726,8.82,93.7,0.33
2025-04-28 04:00:00,190.498,8.84,85.1,3.27
2025-04-28 05:00:00,190.69,8.95,100.0,1.62
2025-04-28 06:00:00,186.391,10.3,87.3,3.61
2025-04-28 07:00:00,210.95,10.05,90.6,1.41
2025-04-28 08:00:00,244.564,9.29,93.8,3.67
2025-04-28 09:00:00,269.83,13.65,81.8,5.49
2025-04-28 10:00:00,291.02,14.39,83.3,1.81
2025-04-28 11:00:00,309.971,15.26,82.0,2.04
2025-04-28 12:00:00,332.598,12.06,81.0,3.57
2025-04-28 13:00:00,340.793,15.48,84.4,4.55
2025-04-28 14:00:00,344.875,16.39,70.6,9.82
2025-04-28 15:00:00,338.292,13.76,94.7,2.07
2025-04-28 16:00:00,316.787,15.32,86.7,2.04
2025-04-28 17:00:00,298.104,14.82,86.5,1.12
2025-04-28 18:00:00,258.851,17.47,68.5,0.23
2025-04-28 19:00:00,226.194,16.99,74.9,5.53
2025-04-28 20:00:00,209.829,10.52,97.0,2.47
2025-04-28 21:00:00,173.994,16.4,100.0,1.09
2025-04-28 22:00:00,176.973,10.17,96.3,4.96
2025-04-28 23:00:00,172.888,12.48,92.2,4.28
2025-04-29 00:00:00,176.477,11.96,89.8,2.02
2025-04-29 01:00:00,194.158,8.33,86.6,3.37
2025-04-29 02:00:00,182.889,10.42,94.8,1.26
2025-04-29 03:00:00,188.896,9.35,83.7,4.44
2025-04-29 04:00:00,181.766,10.51,81.4,1.73
2025-04-29 05:00:00,184.379,10.3,81.3,5.96
2025-04-29 06:00:00,177.713,12.32,92.0,3.93
2025-04-29 07:00:00,205.105,11.14,87.5,0.89
2025-04-29 08:00:00,248.218,11.48,87.9,5.54
2025-04-29 09:00:00,271.158,14.28,83.3,5.24
2025-04-29 10:00:00,294.519,14.23,76.7,4.77
2025-04-29 11:00:00,313.652,15.19,78.1,4.95
2025-04-29 12:00:00,335.693,13.58,80.7,2.74
2025-04-29 13:00:00,345.229,13.45,76.1,3.33
2025-04-29 14:00:00,346.456,14.51,80.1,2.36
2025-04-29 15:00:00,326.86,14.53,76.6,0.51
2025-04-29 16:00:00,309.206,16.68,83.5,3.88
2025-04-29 17:00:00,282.883,16.68,84.0,0.69
2025-04-29 18:00:00,254.167,14.4,75.5,1.12
2025-04-29 19:00:00,215.789,16.31,78.8,1.66
2025-04-29 20:00:00,184.678,15.49,92.9,2.87
2025-04-29 21:00:00,183.78,12.91,79.4,8.58
2025-04-29 22:00:00,181.034,10.43,91.4,1.64
2025-04-29 23:00:00,177.654,13.54,85.1,9.04
2025-04-30 00:00:00,176.239,10.42,95.4,5.14
2025-04-30 01:00:00,180.546,10.25,90.8,3.55
2025-04-30 02:00:00,186.944,9.2,87.9,1.49
2025-04-30 03:00:00,198.863,8.22,92.3,2.9
2025-04-30 04:00:00,205.031,7.39,93.5,3.08
2025-04-30 05:00:00,191.916,11.06,87.4,4.4
2025-04-30 06:00:00,186.507,9.27,82.5,1.56
2025-04-30 07:00:00,198.672,16.04,88.4,5.24
2025-04-30 08:00:00,238.756,10.13,95.6,2.65
2025-04-30 09:00:00,278.646,10.63,82.3,3.87
2025-04-30 10:00:00,297.696,14.23,81.7,2.49
2025-04-30 11:00:00,321.924,16.59,78.8,6.48
2025-04-30 12:00:00,332.258,14.87,75.6,1.18
2025-04-30 13:00:00,342.47,16.16,69.6,3.4
2025-04-30 14:00:00,350.041,12.59,81.8,0.87
2025-04-30 15:00:00,342.446,14.56,80.9,4.1
2025-04-30 16:00:00,331.226,13.82,75.4,1.09
2025-04-30 17:00:00,299.345,12.21,87.4,2.25
2025-04-30 18:00:00,263.974,14.95,89.4,2.05
2025-04-30 19:00:00,240.826,10.55,93.7,10.52
2025-04-30 20:00:00,205.04,11.3,86.8,1.53
2025-04-30 21:00:00,191.97,11.78,75.9,5.27
2025-04-30 22:00:00,183.55,10.53,92.9,0.21
2025-04-30 23:00:00,177.146,11.78,87.8,2.87
2025-05-01 00:00:00,181.599,11.13,90.4,6.67
2025-05-01 01:00:00,172.707,11.59,98.8,0.55
2025-05-01 02:00:00,179.825,11.06,83.0,5.12
2025-05-01 03:00:00,174.874,11.58,69.9,2.51
2025-05-01 04:00:00,184.053,9.86,83.3,0.32
2025-05-01 05:00:00,179.054,10.65,91.4,5.62
2025-05-01 06:00:00,176.872,11.46,87.5,4.24
2025-05-01 07:00:00,199.11,11.48,80.0,1.35
2025-05-01 08:00:00,235.935,11.35,79.0,4.42
2025-05-01 09:00:00,274.571,12.23,84.2,0.59
2025-05-01 10:00:00,306.398,12.23,78.8,1.74
2025-05-01 11:00:00,318.729,14.93,85.6,2.82
2025-05-01 12:00:00,332.709,14.73,80.3,2.71
2025-05-01 13:00:00,348.847,14.3,79.6,3.79
2025-05-01 14:00:00,345.99,14.6,78.4,10.35
2025-05-01 15:00:00,340.54,13.82,85.6,3.23
2025-05-01 16:00:00,310.95,17.22,79.5,3.3
2025-05-01 17:00:00,289.915,15.48,82.9,5.98
2025-05-01 18:00:00,268.973,13.5,85.6,2.7
2025-05-01 19:00:00,222.441,15.55,81.2,0.45
2025-05-01 20:00:00,196.202,12.64,79.5,3.0
2025-05-01 21:00:00,196.628,10.51,84.3,0.39
2025-05-01 22:00:00,182.344,13.62,82.0,5.6
2025-05-01 23:00:00,183.008,10.4,100.0,2.79
2025-05-02 00:00:00,189.903,10.1,81.2,3.68
2025-05-02 01:00:00,181.15,10.34,86.4,1.2
2025-05-02 02:00:00,183.894,11.81,87.5,1.25
2025-05-02 03:00:00,183.12,9.91,87.7,4.2
2025-05-02 04:00:00,200.241,8.06,98.6,2.25
2025-05-02 05:00:00,184.44,11.15,85.9,1.54
2025-05-02 06:00:00,190.229,9.98,88.0,6.67
2025-05-02 07:00:00,192.271,14.4,88.1,3.06
2025-05-02 08:00:00,229.786,12.1,97.3,1.73
2025-05-02 09:00:00,272.706,9.3,98.8,3.2
2025-05-02 10:00:00,289.575,14.22,82.7,1.99
2025-05-02 11:00:00,311.198,17.49,78.6,3.95
2025-05-02 12:00:00,316.603,17.52,79.2,1.14
2025-05-02 13:00:00,326.445,18.4,78.5,5.66
2025-05-02 14:00:00,335.831,14.14,78.5,1.99
2025-05-02 15:00:00,328.433,17.33,84.8,0.85
2025-05-02 16:00:00,320.394,14.62,84.2,0.95
2025-05-02 17:00:00,296.866,15.83,81.0,2.37
2025-05-02 18:00:00,266.285,12.96,77.6,1.55
2025-05-02 19:00:00,237.248,13.34,85.1,0.69
2025-05-02 20:00:00,193.834,12.57,74.4,0.73
2025-05-02 21:00:00,171.883,14.31,79.9,2.81
2025-05-02 22:00:00,166.665,13.38,81.3,3.33
2025-05-02 23:00:00,169.708,11.82,88.6,2.96
2025-05-03 00:00:00,185.301,8.71,100.0,6.54
2025-05-03 01:00:00,183.115,9.89,93.0,3.68
2025-05-03 02:00:00,189.072,8.9,99.6,1.71
2025-05-03 03:00:00,177.604,11.38,91.3,14.78
2025-05-03 04:00:00,176.499,11.98,93.4,1.3
2025-05-03 05:00:00,169.843,12.08,97.6,0.61
2025-05-03 06:00:00,178.739,9.66,85.5,4.36
2025-05-03 07:00:00,192.864,7.11,88.7,8.61
2025-05-03 08:00:00,195.931,9.39,94.3,5.0
2025-05-03 09:00:00,183.413,15.27,82.0,2.27
2025-05-03 10:00:00,190.196,13.12,86.3,1.43
2025-05-03 11:00:00,197.669,13.29,83.3,4.15
2025-05-03 12:00:00,195.454,17.74,75.0,2.37
2025-05-03 13:00:00,200.538,17.61,88.5,2.17
2025-05-03 14:00:00,201.35,15.93,74.5,6.89
2025-05-03 15:00:00,189.29,15.52,85.8,0.47
2025-05-03 16:00:00,182.885,15.68,84.6,3.55
2025-05-03 17:00:00,175.798,15.95,71.6,1.52
2025-05-03 18:00:00,154.85,17.67,73.7,2.72
2025-05-03 19:00:00,152.293,15.17,78.2,1.27
2025-05-03 20:00:00,152.4,14.93,85.9,2.37
2025-05-03 21:00:00,161.293,14.86,80.4,11.65
2025-05-03 22:00:00,169.591,10.34,88.4,4.68
2025-05-03 23:00:00,171.178,12.7,76.9,4.15
2025-05-04 00:00:00,178.884,10.51,100.0,2.78
2025-05-04 01:00:00,192.922,6.48,94.8,2.6
2025-05-04 02:00:00,195.142,6.8,96.9,2.92
2025-05-04 03:00:00,199.609,8.48,88.3,3.85
2025-05-04 04:00:00,183.43,11.06,84.0,4.74
2025-05-04 05:00:00,186.685,10.69,99.9,9.3
2025-05-04 06:00:00,184.994,11.28,76.1,2.26
2025-05-04 07:00:00,172.721,14.73,84.5,6.78
2025-05-04 08:00:00,188.169,10.3,81.7,9.37
2025-05-04 09:00:00,181.998,13.06,82.7,4.99
2025-05-04 10:00:00,183.441,14.37,79.5,2.56
2025-05-04 11:00:00,195.992,13.43,78.7,5.01
2025-05-04 12:00:00,212.64,15.27,82.2,0.66
2025-05-04 13:00:00,219.715,13.14,69.6,8.33
2025-05-04 14:00:00,205.865,18.26,75.9,5.32
2025-05-04 15:00:00,203.188,15.02,81.8,2.48
2025-05-04 16:00:00,190.253,19.25,68.3,2.34
2025-05-04 17:00:00,181.461,15.65,90.6,0.82
2025-05-04 18:00:00,155.276,16.87,76.2,5.88
2025-05-04 19:00:00,159.9,14.52,81.6,2.38
2025-05-04 20:00:00,167.743,13.83,80.5,8.82
2025-05-04 21:00:00,174.921,12.17,85.9,0.65
2025-05-04 22:00:00,167.818,12.52,93.7,1.29
2025-05-04 23:00:00,166.563,12.11,100.0,1.16
2025-05-05 00:00:00,173.352,9.84,94.1,0.19
2025-05-05 01:00:00,182.641,10.42,95.3,4.37
2025-05-05 02:00:00,188.344,9.35,100.0,0.99
2025-05-05 03:00:00,169.501,13.9,85.4,1.3
2025-05-05 04:00:00,186.154,10.18,98.6,1.05
2025-05-05 05:00:00,176.819,13.09,89.8,2.01
2025-05-05 06:00:00,182.737,10.79,89.2,7.67
2025-05-05 07:00:00,202.792,12.14,88.5,3.85
2025-05-05 08:00:00,245.314,10.33,78.0,3.15
2025-05-05 09:00:00,274.282,12.51,87.6,2.73
2025-05-05 10:00:00,303.723,14.33,74.1,1.76
2025-05-05 11:00:00,306.406,17.26,69.5,1.78
2025-05-05 12:00:00,320.273,15.7,82.6,3.04
2025-05-05 13:00:00,326.589,18.03,71.5,7.11
2025-05-05 14:00:00,331.724,17.14,79.4,1.66
2025-05-05 15:00:00,324.662,18.82,77.9,5.44
2025-05-05 16:00:00,315.38,16.02,82.1,1.09
2025-05-05 17:00:00,290.536,19.64,70.5,4.35
2025-05-05 18:00:00,268.88,14.57,88.4,6.93
2025-05-05 19:00:00,229.533,13.49,84.0,2.57
2025-05-05 20:00:00,201.232,12.06,89.2,1.77
2025-05-05 21:00:00,175.791,16.95,72.5,4.34
2025-05-05 22:00:00,169.905,13.75,83.1,8.23
2025-05-05 23:00:00,179.035,11.19,94.3,5.27
2025-05-06 00:00:00,176.853,13.21,90.7,8.98
2025-05-06 01:00:00,178.577,11.84,82.0,2.76
2025-05-06 02:00:00,176.669,13.58,81.1,2.64
2025-05-06 03:00:00,192.571,7.86,86.5,0.72
2025-05-06 04:00:00,190.369,10.01,85.4,1.71
2025-05-06 05:00:00,190.539,10.0,81.0,2.49
2025-05-06 06:00:00,188.99,8.06,91.3,2.68
2025-05-06 07:00:00,201.595,13.53,88.3,4.28
2025-05-06 08:00:00,229.754,12.13,81.7,1.86
2025-05-06 09:00:00,259.331,14.52,82.5,1.95
2025-05-06 10:00:00,286.73,17.89,77.0,10.01
2025-05-06 11:00:00,313.782,14.27,89.8,0.2
2025-05-06 12:00:00,320.894,14.78,79.0,0.3
2025-05-06 13:00:00,328.761,16.12,77.4,1.26
2025-05-06 14:00:00,329.842,17.81,73.4,0.28
2025-05-06 15:00:00,325.048,15.43,75.0,0.37
2025-05-06 16:00:00,316.59,15.22,85.3,2.05
2025-05-06 17:00:00,279.546,17.62,77.9,3.46
2025-05-06 18:00:00,254.236,16.06,81.2,1.99
2025-05-06 19:00:00,235.853,11.56,94.9,3.61
2025-05-06 20:00:00,203.248,12.15,94.4,4.76
2025-05-06 21:00:00,171.543,15.74,71.5,3.18
2025-05-06 22:00:00,173.46,13.2,88.8,3.61
2025-05-06 23:00:00,185.137,10.61,89.9,2.2
2025-05-07 00:00:00,172.323,11.05,85.2,1.86
2025-05-07 01:00:00,176.792,10.87,90.1,0.25
2025-05-07 02:00:00,170.198,11.73,76.6,4.93
2025-05-07 03:00:00,182.035,8.27,100.0,3.07
2025-05-07 04:00:00,184.208,9.2,93.6,3.41
2025-05-07 05:00:00,179.889,11.29,82.4,0.69
2025-05-07 06:00:00,180.729,11.17,84.3,1.33
2025-05-07 07:00:00,203.423,12.86,75.2,2.1
2025-05-07 08:00:00,240.492,10.7,86.5,0.99
2025-05-07 09:00:00,268.749,14.02,80.9,3.14
2025-05-07 10:00:00,284.227,15.97,73.1,2.98
2025-05-07 11:00:00,313.706,15.73,86.0,2.84
2025-05-07 12:00:00,316.412,15.79,89.0,4.88
2025-05-07 13:00:00,339.467,15.89,81.0,3.2
2025-05-07 14:00:00,349.599,15.01,80.6,6.55
2025-05-07 15:00:00,336.776,16.33,83.1,3.28
2025-05-07 16:00:00,319.902,18.36,77.6,1.57
2025-05-07 17:00:00,283.81,15.86,74.7,2.64
2025-05-07 18:00:00,263.043,14.15,79.7,0.13
2025-05-07 19:00:00,229.476,14.16,81.8,3.44
2025-05-07 20:00:00,188.87,14.55,84.5,1.36
2025-05-07 21:00:00,173.062,12.85,85.5,2.93
2025-05-07 22:00:00,170.65,13.45,85.8,1.55
2025-05-07 23:00:00,171.408,12.78,76.4,0.99
2025-05-08 00:00:00,170.437,12.86,89.4,7.94
2025-05-08 01:00:00,168.327,13.24,84.9,1.52
2025-05-08 02:00:00,165.389,12.26,100.0,1.3
2025-05-08 03:00:00,180.095,9.07,88.4,4.41
2025-05-08 04:00:00,190.043,9.22,92.4,2.05
2025-05-08 05:00:00,188.448,10.84,100.0,1.43
2025-05-08 06:00:00,188.8,10.72,89.6,4.5
2025-05-08 07:00:00,215.774,10.24,88.7,2.58
2025-05-08 08:00:00,245.767,12.08,80.6,4.92
2025-05-08 09:00:00,271.058,12.8,94.6,6.71
2025-05-08 10:00:00,299.579,13.26,77.9,2.01
2025-05-08 11:00:00,324.511,14.55,85.6,4.24
2025-05-08 12:00:00,323.9,17.57,76.0,6.92
2025-05-08 13:00:00,330.686,16.48,79.2,8.16
2025-05-08 14:00:00,335.202,20.41,66.3,1.68
2025-05-08 15:00:00,319.741,16.83,87.9,5.41
2025-05-08 16:00:00,303.378,15.99,79.3,0.3
2025-05-08 17:00:00,281.835,16.16,73.5,3.24
2025-05-08 18:00:00,259.221,16.09,88.4,0.78
2025-05-08 19:00:00,219.587,15.76,78.3,2.01
2025-05-08 20:00:00,171.67,17.66,80.7,10.58
2025-05-08 21:00:00,174.874,12.21,91.4,4.98
2025-05-08 22:00:00,166.218,14.16,86.4,0.8
2025-05-08 23:00:00,166.219,12.39,72.9,1.07
2025-05-09 00:00:00,180.37,9.04,94.9,5.78
2025-05-09 01:00:00,182.131,12.31,85.6,5.65
2025-05-09 02:00:00,170.896,12.8,83.5,5.86
2025-05-09 03:00:00,175.623,9.3,89.7,3.23
2025-05-09 04:00:00,182.488,10.76,78.7,4.97
2025-05-09 05:00:00,187.384,8.31,92.9,2.09
2025-05-09 06:00:00,194.369,9.54,81.9,2.01
2025-05-09 07:00:00,201.655,13.85,82.3,3.1
2025-05-09 08:00:00,233.687,12.15,87.3,1.41
2025-05-09 09:00:00,272.577,11.9,93.2,1.22
2025-05-09 10:00:00,287.591,14.82,77.7,4.05
2025-05-09 11:00:00,317.324,14.34,92.0,4.31
2025-05-09 12:00:00,330.901,15.04,88.0,1.24
2025-05-09 13:00:00,337.291,17.45,76.4,1.69
2025-05-09 14:00:00,339.95,14.71,76.2,3.65
2025-05-09 15:00:00,334.247,15.22,73.4,3.44
2025-05-09 16:00:00,310.78,16.82,81.5,3.24
2025-05-09 17:00:00,282.337,17.82,74.0,1.3
2025-05-09 18:00:00,251.618,17.77,85.7,11.52
2025-05-09 19:00:00,224.859,14.11,79.6,1.87
2025-05-09 20:00:00,189.885,15.95,75.7,3.76
2025-05-09 21:00:00,177.649,12.42,87.4,0.98
2025-05-09 22:00:00,165.195,15.82,77.1,2.58
2025-05-09 23:00:00,185.484,10.36,89.0,1.22
2025-05-10 00:00:00,174.602,13.79,90.0,1.81
2025-05-10 01:00:00,171.148,10.13,89.9,3.28
2025-05-10 02:00:00,165.617,14.11,84.4,6.47
2025-05-10 03:00:00,166.681,11.73,88.2,1.66
2025-05-10 04:00:00,184.908,9.26,80.3,3.16
2025-05-10 05:00:00,184.606,10.35,91.3,3.73
2025-05-10 06:00:00,181.236,12.91,86.3,4.45
2025-05-10 07:00:00,172.577,13.97,89.2,0.43
2025-05-10 08:00:00,174.788,12.89,89.0,4.91
2025-05-10 09:00:00,173.069,13.85,82.8,3.76
2025-05-10 10:00:00,181.002,15.77,87.5,3.23
2025-05-10 11:00:00,194.186,15.49,80.0,1.5
2025-05-10 12:00:00,198.102,13.83,85.5,3.45
2025-05-10 13:00:00,204.624,15.08,80.4,9.54
2025-05-10 14:00:00,200.433,17.06,82.3,5.99
2025-05-10 15:00:00,192.532,18.73,74.9,2.0
2025-05-10 16:00:00,192.17,19.27,86.3,3.2
2025-05-10 17:00:00,175.532,17.63,90.8,3.27
2025-05-10 18:00:00,162.394,16.36,85.7,2.24
2025-05-10 19:00:00,157.802,16.48,89.6,0.83
2025-05-10 20:00:00,166.179,13.49,75.3,2.03
2025-05-10 21:00:00,167.27,13.54,75.9,3.96
2025-05-10 22:00:00,171.205,11.69,85.1,1.99
2025-05-10 23:00:00,183.342,10.28,89.2,2.58
2025-05-11 00:00:00,176.14,12.31,85.0,6.52
2025-05-11 01:00:00,176.546,11.59,77.3,2.6
2025-05-11 02:00:00,170.553,12.1,93.4,2.72
2025-05-11 03:00:00,177.3,11.77,99.9,2.99
2025-05-11 04:00:00,182.819,11.38,95.1,1.85
2025-05-11 05:00:00,174.793,12.19,92.9,5.01
2025-05-11 06:00:00,174.523,11.7,88.4,0.99
2025-05-11 07:00:00,169.001,13.05,80.1,1.84
2025-05-11 08:00:00,177.607,11.95,87.1,3.21
2025-05-11 09:00:00,182.406,14.48,95.8,2.09
2025-05-11 10:00:00,182.845,15.74,79.3,7.67
2025-05-11 11:00:00,180.668,14.32,80.6,2.74
2025-05-11 12:00:00,195.784,16.1,87.5,2.69
2025-05-11 13:00:00,199.87,15.49,88.8,1.24
2025-05-11 14:00:00,199.049,15.95,76.0,2.13
2025-05-11 15:00:00,202.652,15.09,80.7,4.86
2025-05-11 16:00:00,185.438,18.82,74.0,1.56
2025-05-11 17:00:00,165.659,18.2,78.3,0.55
2025-05-11 18:00:00,153.644,16.87,86.4,2.41
2025-05-11 19:00:00,151.837,18.55,72.6,2.84
2025-05-11 20:00:00,161.349,14.37,89.8,1.94
2025-05-11 21:00:00,162.579,18.74,77.8,6.59
2025-05-11 22:00:00,173.114,12.75,99.5,10.56
2025-05-11 23:00:00,171.327,12.8,87.4,3.19
2025-05-12 00:00:00,179.558,11.24,87.1,2.11
2025-05-12 01:00:00,173.445,12.0,90.0,3.96
2025-05-12 02:00:00,180.86,12.44,84.0,6.62
2025-05-12 03:00:00,181.723,10.82,77.5,1.66
2025-05-12 04:00:00,171.353,13.95,82.4,4.69
2025-05-12 05:00:00,170.137,11.79,85.4,2.41
2025-05-12 06:00:00,176.214,12.31,76.6,5.75
2025-05-12 07:00:00,202.212,11.05,87.5,1.24
2025-05-12 08:00:00,230.94,13.9,71.5,7.17
2025-05-12 09:00:00,255.905,13.79,82.0,3.27
2025-05-12 10:00:00,289.403,13.81,85.5,3.95
2025-05-12 11:00:00,312.94,14.26,84.0,1.07
2025-05-12 12:00:00,335.528,20.4,72.4,1.04
2025-05-12 13:00:00,338.783,16.18,80.2,3.51
2025-05-12 14:00:00,332.79,14.57,78.3,4.04
2025-05-12 15:00:00,326.145,15.89,81.2,2.26
2025-05-12 16:00:00,303.461,16.82,80.2,4.34
2025-05-12 17:00:00,274.326,17.47,73.5,1.06
2025-05-12 18:00:00,251.042,17.01,81.2,0.77
2025-05-12 19:00:00,208.803,16.58,81.7,3.01
2025-05-12 20:00:00,183.288,13.75,83.2,1.03
2025-05-12 21:00:00,166.852,14.55,97.6,0.57
2025-05-12 22:00:00,168.819,11.82,86.0,1.33
2025-05-12 23:00:00,170.719,11.51,85.6,3.94
2025-05-13 00:00:00,179.857,10.52,86.1,3.22
2025-05-13 01:00:00,188.644,9.61,84.1,6.68
2025-05-13 02:00:00,170.613,12.92,89.4,3.38
2025-05-13 03:00:00,176.706,12.21,82.2,1.1
2025-05-13 04:00:00,168.92,12.78,82.1,4.12
2025-05-13 05:00:00,175.18,11.58,84.0,1.62
2025-05-13 06:00:00,165.912,13.23,79.0,2.22
2025-05-13 07:00:00,201.68,9.79,79.2,1.65
2025-05-13 08:00:00,220.068,14.72,80.0,0.97
2025-05-13 09:00:00,259.625,14.39,88.5,14.25
2025-05-13 10:00:00,283.778,15.89,82.3,1.42
2025-05-13 11:00:00,301.508,16.22,90.1,0.49
2025-05-13 12:00:00,330.258,14.65,87.4,4.47
2025-05-13 13:00:00,344.316,14.31,86.5,0.36
2025-05-13 14:00:00,352.43,15.87,92.5,2.43
2025-05-13 15:00:00,334.036,18.01,77.6,4.95
2025-05-13 16:00:00,312.701,18.11,78.4,0.85
2025-05-13 17:00:00,285.531,14.52,83.0,2.75
2025-05-13 18:00:00,251.497,14.66,92.1,2.15
2025-05-13 19:00:00,221.094,14.45,83.2,1.4
2025-05-13 20:00:00,195.313,14.32,79.5,6.69
2025-05-13 21:00:00,193.569,11.93,90.2,2.14
2025-05-13 22:00:00,183.561,11.06,83.0,4.41
2025-05-13 23:00:00,179.602,11.3,90.8,5.24
2025-05-14 00:00:00,178.276,12.23,88.8,2.35
2025-05-14 01:00:00,182.309,9.73,88.6,1.12
2025-05-14 02:00:00,181.413,11.14,91.2,5.33
2025-05-14 03:00:00,177.19,12.91,76.4,2.43
2025-05-14 04:00:00,196.464,9.24,91.4,2.64
2025-05-14 05:00:00,191.183,11.29,84.8,2.03
2025-05-14 06:00:00,184.887,13.74,100.0,5.2
2025-05-14 07:00:00,195.696,12.05,87.5,1.0
2025-05-14 08:00:00,235.606,12.52,82.3,2.66
2025-05-14 09:00:00,252.219,16.08,72.6,1.15
2025-05-14 10:00:00,293.564,14.5,90.9,2.02
2025-05-14 11:00:00,314.264,17.49,76.8,5.68
2025-05-14 12:00:00,329.303,17.03,74.8,5.64
2025-05-14 13:00:00,333.411,16.27,82.6,2.28
2025-05-14 14:00:00,328.48,17.88,82.3,3.38
2025-05-14 15:00:00,318.898,17.73,82.4,3.33
2025-05-14 16:00:00,308.489,18.75,77.3,1.15
2025-05-14 17:00:00,288.897,15.94,82.0,4.01
2025-05-14 18:00:00,260.854,16.41,81.8,1.26
2025-05-14 19:00:00,229.256,15.62,83.6,1.93
2025-05-14 20:00:00,178.597,16.12,83.4,0.51
2025-05-14 21:00:00,177.489,12.58,92.4,4.5
2025-05-14 22:00:00,169.115,15.07,82.6,5.21
2025-05-14 23:00:00,167.88,13.46,79.6,3.47
2025-05-15 00:00:00,182.514,10.1,88.4,2.76
2025-05-15 01:00:00,174.277,13.66,88.8,1.85
2025-05-15 02:00:00,163.393,15.0,71.7,4.58
2025-05-15 03:00:00,169.23,12.93,74.6,7.77
2025-05-15 04:00:00,165.064,13.71,89.7,1.42
2025-05-15 05:00:00,168.335,11.86,95.9,2.32
2025-05-15 06:00:00,179.401,9.54,82.4,1.09
2025-05-15 07:00:00,203.826,9.87,90.2,2.77
2025-05-15 08:00:00,231.291,13.96,81.5,2.01
2025-05-15 09:00:00,269.923,13.38,83.1,2.45
2025-05-15 10:00:00,297.925,13.64,86.1,4.62
2025-05-15 11:00:00,320.028,15.72,73.6,5.55
2025-05-15 12:00:00,326.136,17.43,72.4,0.94
2025-05-15 13:00:00,336.974,14.6,81.2,3.31
2025-05-15 14:00:00,346.515,16.5,79.4,6.71
2025-05-15 15:00:00,326.384,19.74,69.0,3.84
2025-05-15 16:00:00,312.533,15.5,86.4,1.17
2025-05-15 17:00:00,281.144,18.31,75.3,5.38
2025-05-15 18:00:00,262.185,15.67,78.9,4.03
2025-05-15 19:00:00,221.248,16.7,81.7,3.76
2025-05-15 20:00:00,188.093,16.86,79.0,2.27
2025-05-15 21:00:00,169.329,15.51,86.7,3.6
2025-05-15 22:00:00,165.007,15.0,76.8,13.71
2025-05-15 23:00:00,166.181,10.98,79.6,0.42
2025-05-16 00:00:00,168.939,14.09,81.8,1.91
2025-05-16 01:00:00,173.918,10.47,89.1,2.07
2025-05-16 02:00:00,171.856,11.95,79.2,0.17
2025-05-16 03:00:00,182.894,11.84,78.5,9.74
2025-05-16 04:00:00,180.887,12.31,87.3,1.09
2025-05-16 05:00:00,172.863,12.37,81.5,1.03
2025-05-16 06:00:00,174.787,10.96,79.3,0.65
2025-05-16 07:00:00,196.674,10.77,94.1,1.9
2025-05-16 08:00:00,215.033,15.05,78.5,3.74
2025-05-16 09:00:00,256.352,14.73,89.7,2.61
2025-05-16 10:00:00,283.085,17.05,79.7,1.24
2025-05-16 11:00:00,310.239,15.86,83.0,3.6
2025-05-16 12:00:00,333.489,14.3,82.1,2.64
2025-05-16 13:00:00,334.498,18.57,61.5,6.18
2025-05-16 14:00:00,340.035,16.74,73.1,1.57
2025-05-16 15:00:00,316.002,17.98,77.5,1.45
2025-05-16 16:00:00,305.493,16.29,82.8,4.78
2025-05-16 17:00:00,287.415,19.66,65.1,1.05
2025-05-16 18:00:00,258.138,15.15,81.9,0.63
2025-05-16 19:00:00,222.462,15.39,75.1,2.57
2025-05-16 20:00:00,181.293,15.38,83.3,3.83
2025-05-16 21:00:00,176.615,12.68,85.5,0.58
2025-05-16 22:00:00,164.609,14.18,88.0,5.15
2025-05-16 23:00:00,157.708,15.51,88.1,0.52
2025-05-17 00:00:00,170.711,11.63,89.9,1.64
2025-05-17 01:00:00,170.072,12.57,91.0,2.63
2025-05-17 02:00:00,190.727,7.24,91.2,6.59
2025-05-17 03:00:00,186.031,11.47,100.0,6.86
2025-05-17 04:00:00,175.116,11.14,80.5,3.02
2025-05-17 05:00:00,172.276,10.63,85.4,1.88
2025-05-17 06:00:00,167.146,14.14,89.0,1.97
2025-05-17 07:00:00,170.788,12.51,90.4,9.12
2025-05-17 08:00:00,167.756,13.47,87.5,5.85
2025-05-17 09:00:00,177.401,13.93,87.9,3.49
2025-05-17 10:00:00,188.035,12.24,73.8,3.09
2025-05-17 11:00:00,185.98,14.22,93.0,2.88
2025-05-17 12:00:00,193.694,18.19,76.7,0.4
2025-05-17 13:00:00,209.103,13.76,91.6,0.09
2025-05-17 14:00:00,206.754,16.21,68.5,2.21
2025-05-17 15:00:00,189.147,16.9,81.3,0.94
2025-05-17 16:00:00,189.581,20.22,71.7,3.12
2025-05-17 17:00:00,166.683,18.36,81.1,2.94
2025-05-17 18:00:00,158.093,15.76,83.2,0.61
2025-05-17 19:00:00,147.952,18.12,80.2,3.16
2025-05-17 20:00:00,153.018,14.13,77.3,3.3
2025-05-17 21:00:00,154.978,16.15,80.4,3.23
2025-05-17 22:00:00,166.838,11.58,86.1,1.59
2025-05-17 23:00:00,170.466,14.75,85.7,3.7
2025-05-18 00:00:00,174.646,11.87,92.7,3.88
2025-05-18 01:00:00,170.021,10.39,89.8,3.68
2025-05-18 02:00:00,167.221,11.39,79.8,2.13
2025-05-18 03:00:00,182.674,12.08,87.1,7.2
2025-05-18 04:00:00,181.812,10.95,100.0,6.21
2025-05-18 05:00:00,175.803,12.93,95.2,2.76
2025-05-18 06:00:00,176.239,11.58,69.3,1.47
2025-05-18 07:00:00,173.847,14.13,84.0,1.32
2025-05-18 08:00:00,158.741,14.57,88.6,3.94
2025-05-18 09:00:00,173.689,14.54,81.9,0.81
2025-05-18 10:00:00,188.37,14.71,80.0,4.14
2025-05-18 11:00:00,188.109,16.38,78.9,0.7
2025-05-18 12:00:00,190.438,17.64,82.0,2.43
2025-05-18 13:00:00,202.688,20.54,67.8,3.92
2025-05-18 14:00:00,191.373,19.04,83.9,1.37
2025-05-18 15:00:00,194.96,19.2,76.2,5.08
2025-05-18 16:00:00,204.877,22.48,66.3,1.93
2025-05-18 17:00:00,177.466,18.06,84.9,2.61
2025-05-18 18:00:00,158.697,17.53,69.6,0.31
2025-05-18 19:00:00,147.692,17.26,75.9,0.68
2025-05-18 20:00:00,163.374,13.8,80.6,0.35
2025-05-18 21:00:00,164.953,13.93,96.8,4.44
2025-05-18 22:00:00,169.477,13.05,81.0,1.86
2025-05-18 23:00:00,165.88,14.17,70.6,5.43
2025-05-19 00:00:00,173.535,12.34,82.6,0.2
2025-05-19 01:00:00,174.17,12.36,88.8,3.58
2025-05-19 02:00:00,168.037,13.58,89.1,0.31
2025-05-19 03:00:00,172.978,13.12,98.7,1.24
2025-05-19 04:00:00,168.277,11.58,95.6,2.39
2025-05-19 05:00:00,173.87,11.07,89.0,1.81
2025-05-19 06:00:00,164.288,14.44,77.8,3.23
2025-05-19 07:00:00,189.029,14.48,92.9,1.58
2025-05-19 08:00:00,233.25,11.39,85.2,2.19
2025-05-19 09:00:00,261.237,14.24,79.5,1.04
2025-05-19 10:00:00,283.896,15.78,78.8,4.07
2025-05-19 11:00:00,303.228,17.49,71.4,2.85
2025-05-19 12:00:00,321.214,18.32,75.0,3.55
2025-05-19 13:00:00,327.64,17.79,77.1,2.54
2025-05-19 14:00:00,336.158,18.57,81.8,4.59
2025-05-19 15:00:00,325.03,17.84,76.1,1.6
2025-05-19 16:00:00,309.285,16.56,72.6,2.74
2025-05-19 17:00:00,279.609,16.92,70.1,14.81
2025-05-19 18:00:00,248.467,16.89,81.0,0.88
2025-05-19 19:00:00,220.098,16.19,81.2,5.64
2025-05-19 20:00:00,194.128,12.5,82.6,10.65
2025-05-19 21:00:00,177.607,14.1,80.8,3.81
2025-05-19 22:00:00,167.177,14.05,86.1,0.12
2025-05-19 23:00:00,169.482,12.79,93.8,0.92
2025-05-20 00:00:00,177.967,12.33,81.5,3.26
2025-05-20 01:00:00,176.143,13.02,85.7,2.57
2025-05-20 02:00:00,178.249,10.22,94.8,7.4
2025-05-20 03:00:00,180.884,9.24,85.8,7.56
2025-05-20 04:00:00,181.196,11.39,87.4,2.42
2025-05-20 05:00:00,177.575,13.47,84.3,2.56
2025-05-20 06:00:00,157.379,15.42,73.9,1.69
2025-05-20 07:00:00,184.444,14.59,84.0,3.68
2025-05-20 08:00:00,238.508,11.72,87.2,1.17
2025-05-20 09:00:00,262.126,14.47,86.5,2.34
2025-05-20 10:00:00,295.695,16.03,73.8,1.26
2025-05-20 11:00:00,307.549,16.63,80.2,3.09
2025-05-20 12:00:00,318.608,17.83,86.7,5.4
2025-05-20 13:00:00,329.512,15.97,93.5,0.69
2025-05-20 14:00:00,323.156,17.84,86.1,2.22
2025-05-20 15:00:00,314.813,18.51,70.4,6.6
2025-05-20 16:00:00,307.674,19.06,79.4,7.96
2025-05-20 17:00:00,285.676,16.15,77.9,1.7
2025-05-20 18:00:00,250.595,16.41,82.1,1.31
2025-05-20 19:00:00,227.383,12.02,81.9,0.06
2025-05-20 20:00:00,194.957,14.62,72.6,5.81
2025-05-20 21:00:00,181.92,14.0,81.7,5.55
2025-05-20 22:00:00,175.41,12.43,90.3,2.84
2025-05-20 23:00:00,175.956,13.61,86.1,11.43
2025-05-21 00:00:00,166.129,12.73,88.0,2.57
2025-05-21 01:00:00,185.027,8.73,92.5,5.94
2025-05-21 02:00:00,177.123,12.39,88.5,1.79
2025-05-21 03:00:00,179.2,10.46,91.9,2.15
2025-05-21 04:00:00,174.466,12.82,83.8,3.25
2025-05-21 05:00:00,179.288,10.29,89.5,1.27
2025-05-21 06:00:00,169.459,12.87,95.8,4.85
2025-05-21 07:00:00,202.141,12.99,86.1,2.91
2025-05-21 08:00:00,229.567,14.65,83.1,0.42
2025-05-21 09:00:00,257.605,15.14,82.8,6.03
2025-05-21 10:00:00,278.216,15.31,80.7,1.17
2025-05-21 11:00:00,301.549,13.98,81.2,1.28
2025-05-21 12:00:00,336.096,14.7,84.1,2.13
2025-05-21 13:00:00,338.11,16.61,77.1,3.75
2025-05-21 14:00:00,335.796,17.83,77.6,3.4
2025-05-21 15:00:00,324.017,16.97,74.9,7.44
2025-05-21 16:00:00,307.554,18.84,77.7,3.28
2025-05-21 17:00:00,280.316,17.09,83.0,0.63
2025-05-21 18:00:00,255.284,15.52,80.4,1.03
2025-05-21 19:00:00,218.742,16.0,69.0,0.57
2025-05-21 20:00:00,174.229,16.08,84.4,0.56
2025-05-21 21:00:00,159.078,15.46,82.5,1.93
2025-05-21 22:00:00,152.778,17.17,73.4,5.74
2025-05-21 23:00:00,157.709,12.37,90.7,2.9
2025-05-22 00:00:00,162.631,12.8,77.1,3.86
2025-05-22 01:00:00,166.794,13.12,91.3,4.79
2025-05-22 02:00:00,174.73,12.11,86.1,6.02
2025-05-22 03:00:00,183.19,11.24,74.1,1.41
2025-05-22 04:00:00,185.406,9.66,90.9,5.47
2025-05-22 05:00:00,181.732,11.63,84.7,4.96
2025-05-22 06:00:00,172.18,11.2,84.4,1.87
2025-05-22 07:00:00,204.115,10.78,83.9,1.33
2025-05-22 08:00:00,228.93,12.99,84.4,2.32
2025-05-22 09:00:00,264.149,13.37,81.8,7.29
2025-05-22 10:00:00,287.764,16.75,68.8,5.95
2025-05-22 11:00:00,306.521,17.5,86.5,1.85
2025-05-22 12:00:00,321.86,15.72,79.9,5.58
2025-05-22 13:00:00,334.751,17.22,74.9,4.32
2025-05-22 14:00:00,340.704,14.97,75.7,3.77
2025-05-22 15:00:00,334.097,17.25,83.9,6.89
2025-05-22 16:00:00,317.64,18.58,69.6,3.37
2025-05-22 17:00:00,295.386,18.96,77.7,2.77
2025-05-22 18:00:00,252.323,16.02,77.5,0.33
2025-05-22 19:00:00,215.482,18.22,74.7,4.76
2025-05-22 20:00:00,179.363,13.39,78.0,1.23
2025-05-22 21:00:00,178.071,13.04,81.4,1.06
2025-05-22 22:00:00,171.235,15.4,81.9,2.84
2025-05-22 23:00:00,162.99,16.21,82.1,1.04
2025-05-23 00:00:00,162.967,13.81,79.4,3.58
2025-05-23 01:00:00,171.206,12.48,85.4,3.14
2025-05-23 02:00:00,182.165,8.73,96.5,2.93
2025-05-23 03:00:00,188.057,8.9,81.0,2.32
2025-05-23 04:00:00,179.392,12.45,85.9,4.66
2025-05-23 05:00:00,168.993,11.97,80.9,3.59
2025-05-23 06:00:00,172.179,11.25,81.3,3.54
2025-05-23 07:00:00,202.467,13.74,85.7,1.34
2025-05-23 08:00:00,226.677,14.55,79.8,2.49
2025-05-23 09:00:00,251.512,16.65,72.8,1.32
2025-05-23 10:00:00,281.037,16.13,88.8,2.46
2025-05-23 11:00:00,301.387,18.6,82.9,1.51
2025-05-23 12:00:00,319.406,17.27,67.6,2.41
2025-05-23 13:00:00,326.726,17.55,70.0,2.49
2025-05-23 14:00:00,326.796,19.74,79.3,2.41
2025-05-23 15:00:00,327.709,16.57,78.5,4.73
2025-05-23 16:00:00,337.394,22.54,80.8,3.94
2025-05-23 17:00:00,287.355,18.34,81.4,0.81
2025-05-23 18:00:00,248.165,17.87,80.2,2.22
2025-05-23 19:00:00,218.057,17.48,72.8,2.93
2025-05-23 20:00:00,173.641,18.92,79.9,1.45
2025-05-23 21:00:00,161.849,16.41,72.8,3.14
2025-05-23 22:00:00,188.161,11.79,94.7,1.6
2025-05-23 23:00:00,170.158,15.88,83.7,2.62
2025-05-24 00:00:00,170.853,12.57,80.9,1.2
2025-05-24 01:00:00,174.329,12.81,90.3,2.4
2025-05-24 02:00:00,184.361,10.29,100.0,4.01
2025-05-24 03:00:00,173.325,13.08,83.8,4.41
2025-05-24 04:00:00,169.437,11.3,90.9,2.66
2025-05-24 05:00:00,175.953,12.8,82.9,9.41
2025-05-24 06:00:00,176.746,12.66,86.2,3.37
2025-05-24 07:00:00,159.519,16.82,70.8,4.5
2025-05-24 08:00:00,158.907,17.63,78.7,6.19
2025-05-24 09:00:00,172.023,15.31,82.2,1.48
2025-05-24 10:00:00,180.951,16.11,91.6,3.99
2025-05-24 11:00:00,185.907,16.14,70.0,3.11
2025-05-24 12:00:00,184.73,19.13,74.9,4.09
2025-05-24 13:00:00,190.443,17.31,86.9,5.2
2025-05-24 14:00:00,181.966,17.46,77.5,1.27
2025-05-24 15:00:00,184.062,19.8,74.7,9.15
2025-05-24 16:00:00,180.816,17.27,74.2,2.75
2025-05-24 17:00:00,171.791,17.77,72.9,2.05
2025-05-24 18:00:00,155.102,14.83,71.7,0.22
2025-05-24 19:00:00,148.257,17.86,74.6,5.91
2025-05-24 20:00:00,151.643,19.12,70.7,4.96
2025-05-24 21:00:00,149.837,16.39,81.2,2.28
2025-05-24 22:00:00,142.325,16.8,75.2,0.44
2025-05-24 23:00:00,166.421,12.38,83.2,2.83
2025-05-25 00:00:00,159.803,13.59,81.7,0.72
2025-05-25 01:00:00,164.741,11.22,87.4,5.51
2025-05-25 02:00:00,164.764,12.07,83.3,2.22
2025-05-25 03:00:00,167.123,13.57,78.0,1.18
2025-05-25 04:00:00,169.097,12.6,86.3,3.2
2025-05-25 05:00:00,174.948,10.47,95.1,3.55
2025-05-25 06:00:00,180.797,11.11,88.6,3.85
2025-05-25 07:00:00,179.365,11.62,83.5,1.24
2025-05-25 08:00:00,157.314,15.34,81.2,5.17
2025-05-25 09:00:00,162.41,18.63,65.0,2.26
2025-05-25 10:00:00,172.376,18.29,77.0,0.31
2025-05-25 11:00:00,190.546,13.8,81.7,2.47
2025-05-25 12:00:00,196.831,19.73,70.2,2.45
2025-05-25 13:00:00,208.051,19.43,71.7,2.41
2025-05-25 14:00:00,200.309,15.76,78.9,3.25
2025-05-25 15:00:00,190.777,17.85,84.4,7.88
2025-05-25 16:00:00,190.365,19.98,82.0,2.53
2025-05-25 17:00:00,174.856,18.81,71.5,2.77
2025-05-25 18:00:00,162.339,15.36,78.8,1.71
2025-05-25 19:00:00,151.155,17.81,75.5,2.52
2025-05-25 20:00:00,170.463,12.69,90.5,3.91
2025-05-25 21:00:00,167.472,14.97,83.3,3.98
2025-05-25 22:00:00,159.163,16.37,81.0,6.51
2025-05-25 23:00:00,157.894,13.86,87.2,0.41
2025-05-26 00:00:00,164.521,12.51,82.3,4.79
2025-05-26 01:00:00,168.245,14.25,91.6,4.31
2025-05-26 02:00:00,157.822,14.09,83.7,0.63
2025-05-26 03:00:00,171.783,14.52,77.9,6.42
2025-05-26 04:00:00,166.395,13.93,82.5,0.77
2025-05-26 05:00:00,158.046,14.56,90.4,3.99
2025-05-26 06:00:00,159.767,14.48,80.6,0.32
2025-05-26 07:00:00,182.518,14.35,89.0,1.17
2025-05-26 08:00:00,217.254,14.79,78.9,4.07
2025-05-26 09:00:00,247.399,15.05,77.7,4.2
2025-05-26 10:00:00,284.547,14.26,87.4,2.34
2025-05-26 11:00:00,303.484,15.4,76.6,6.83
2025-05-26 12:00:00,318.927,17.09,84.4,4.01
2025-05-26 13:00:00,326.832,18.41,79.7,5.26
2025-05-26 14:00:00,339.119,20.63,69.3,2.42
2025-05-26 15:00:00,321.568,18.36,77.3,1.02
2025-05-26 16:00:00,312.793,19.93,72.2,1.01
2025-05-26 17:00:00,294.344,19.75,77.8,2.02
2025-05-26 18:00:00,256.019,17.18,90.7,1.22
2025-05-26 19:00:00,218.188,17.88,76.1,1.14
2025-05-26 20:00:00,176.651,15.81,84.5,0.52
2025-05-26 21:00:00,158.565,17.54,79.0,2.13
2025-05-26 22:00:00,156.9,15.67,81.6,0.5
2025-05-26 23:00:00,172.337,12.02,85.6,2.1
2025-05-27 00:00:00,164.384,13.65,79.1,0.37
2025-05-27 01:00:00,162.062,15.56,83.6,1.94
2025-05-27 02:00:00,165.813,12.33,84.4,3.91
2025-05-27 03:00:00,164.225,13.23,79.4,1.18
2025-05-27 04:00:00,164.631,13.49,90.6,3.28
2025-05-27 05:00:00,175.494,11.26,88.2,3.12
2025-05-27 06:00:00,162.844,14.21,82.1,1.49
2025-05-27 07:00:00,191.255,11.79,94.9,0.48
2025-05-27 08:00:00,223.623,13.74,73.1,4.81
2025-05-27 09:00:00,247.954,17.24,86.9,1.48
2025-05-27 10:00:00,275.696,16.86,74.5,7.44
2025-05-27 11:00:00,305.177,16.53,81.5,4.64
2025-05-27 12:00:00,319.584,18.35,74.2,4.1
2025-05-27 13:00:00,329.065,18.02,72.6,0.76
2025-05-27 14:00:00,331.36,18.44,85.5,4.12
2025-05-27 15:00:00,337.812,19.57,87.1,5.69
2025-05-27 16:00:00,312.569,17.25,77.9,2.78
2025-05-27 17:00:00,277.553,18.18,80.0,3.32
2025-05-27 18:00:00,248.317,17.14,79.7,3.93
2025-05-27 19:00:00,223.341,14.48,93.5,6.13
2025-05-27 20:00:00,181.712,14.82,70.0,3.54
2025-05-27 21:00:00,165.042,18.03,80.4,3.84
2025-05-27 22:00:00,158.973,15.36,77.5,3.2
2025-05-27 23:00:00,168.656,11.9,72.6,7.59
2025-05-28 00:00:00,176.614,11.02,85.8,2.84
2025-05-28 01:00:00,169.73,12.83,96.5,3.82
2025-05-28 02:00:00,168.227,15.21,78.2,6.39
2025-05-28 03:00:00,174.164,12.31,90.9,1.84
2025-05-28 04:00:00,168.864,14.8,89.9,8.53
2025-05-28 05:00:00,169.446,13.57,84.3,1.69
2025-05-28 06:00:00,162.655,14.24,84.2,1.19
2025-05-28 07:00:00,189.884,11.97,76.3,3.9
2025-05-28 08:00:00,214.328,16.33,76.2,1.62
2025-05-28 09:00:00,251.894,15.07,87.7,7.36
2025-05-28 10:00:00,271.075,17.77,78.9,10.36
2025-05-28 11:00:00,298.529,15.81,83.5,1.23
2025-05-28 12:00:00,310.0,18.01,79.0,1.13
2025-05-28 13:00:00,322.252,18.77,90.3,1.08
2025-05-28 14:00:00,331.196,18.26,75.3,0.31
2025-05-28 15:00:00,328.879,19.26,86.1,1.58
2025-05-28 16:00:00,311.816,18.08,78.9,5.52
2025-05-28 17:00:00,286.63,17.17,89.5,4.04
2025-05-28 18:00:00,266.163,20.3,67.6,2.26
2025-05-28 19:00:00,221.979,18.79,78.2,3.71
2025-05-28 20:00:00,188.896,15.17,79.8,0.82
2025-05-28 21:00:00,160.636,16.52,81.1,2.83
2025-05-28 22:00:00,163.898,13.64,91.6,3.24
2025-05-28 23:00:00,165.834,12.21,88.6,3.09
2025-05-29 00:00:00,165.42,15.23,89.4,1.53
2025-05-29 01:00:00,177.809,10.37,84.9,1.48
2025-05-29 02:00:00,174.442,14.28,78.5,4.32
2025-05-29 03:00:00,168.691,12.29,86.3,4.13
2025-05-29 04:00:00,167.379,12.46,85.7,0.33
2025-05-29 05:00:00,157.618,13.76,83.0,0.32
2025-05-29 06:00:00,164.81,14.51,77.3,9.83
2025-05-29 07:00:00,191.991,12.88,92.6,3.31
2025-05-29 08:00:00,221.286,16.07,78.7,3.1
2025-05-29 09:00:00,251.333,15.88,89.7,1.28
2025-05-29 10:00:00,277.361,14.47,83.2,2.05
2025-05-29 11:00:00,295.011,16.93,83.6,1.64
2025-05-29 12:00:00,327.118,20.03,78.7,5.55
2025-05-29 13:00:00,349.47,20.98,69.1,5.37
2025-05-29 14:00:00,336.652,19.74,78.0,3.36
2025-05-29 15:00:00,326.431,16.79,91.5,2.98
2025-05-29 16:00:00,308.71,19.38,77.8,3.79
2025-05-29 17:00:00,284.27,19.66,81.3,2.95
2025-05-29 18:00:00,251.792,18.98,81.0,4.32
2025-05-29 19:00:00,216.32,18.45,79.4,6.8
2025-05-29 20:00:00,171.89,17.06,80.6,2.53
2025-05-29 21:00:00,153.013,15.58,84.9,1.3
2025-05-29 22:00:00,160.502,13.95,88.5,3.01
2025-05-29 23:00:00,170.112,11.16,79.7,1.71
2025-05-30 00:00:00,161.094,14.21,85.0,1.0
2025-05-30 01:00:00,164.994,13.49,83.4,6.16
2025-05-30 02:00:00,163.84,13.78,81.8,2.88
2025-05-30 03:00:00,174.96,10.65,96.3,2.03
2025-05-30 04:00:00,167.946,13.92,79.5,3.22
2025-05-30 05:00:00,157.773,16.48,72.0,1.82
2025-05-30 06:00:00,163.811,13.79,88.9,6.29
2025-05-30 07:00:00,195.596,14.19,75.0,9.76
2025-05-30 08:00:00,227.502,15.51,70.1,1.9
2025-05-30 09:00:00,252.797,19.04,82.2,2.44
2025-05-30 10:00:00,283.479,14.93,83.5,3.54
2025-05-30 11:00:00,295.779,17.61,81.6,0.9
2025-05-30 12:00:00,320.877,16.63,77.5,0.39
2025-05-30 13:00:00,326.968,17.51,70.6,5.81
2025-05-30 14:00:00,340.018,18.61,70.2,2.0
2025-05-30 15:00:00,351.175,20.94,72.4,1.86
2025-05-30 16:00:00,333.748,21.57,65.6,3.72
2025-05-30 17:00:00,288.158,19.1,78.5,1.29
2025-05-30 18:00:00,254.637,17.31,76.4,1.82
2025-05-30 19:00:00,238.167,21.28,74.7,0.92
2025-05-30 20:00:00,180.981,15.88,82.1,0.48
2025-05-30 21:00:00,175.545,14.87,84.9,1.8
2025-05-30 22:00:00,166.302,12.17,89.4,1.28
2025-05-30 23:00:00,149.839,16.52,78.2,1.14
2025-05-31 00:00:00,155.458,15.3,83.1,2.76
2025-05-31 01:00:00,155.51,17.15,80.8,4.66
2025-05-31 02:00:00,172.101,10.75,73.8,4.72
2025-05-31 03:00:00,166.143,15.21,86.0,4.58
2025-05-31 04:00:00,171.999,13.09,86.0,1.45
2025-05-31 05:00:00,170.481,14.57,86.4,2.55
2025-05-31 06:00:00,173.127,11.12,80.1,1.74
2025-05-31 07:00:00,154.541,16.72,78.1,1.47
2025-05-31 08:00:00,156.407,16.36,74.0,1.55
2025-05-31 09:00:00,165.002,15.81,85.7,1.05
2025-05-31 10:00:00,171.829,17.68,70.2,3.25
2025-05-31 11:00:00,181.808,16.15,75.2,5.61
2025-05-31 12:00:00,190.399,17.07,82.7,1.7
2025-05-31 13:00:00,185.696,17.73,74.8,1.56
2025-05-31 14:00:00,193.836,15.81,75.7,0.38
2025-05-31 15:00:00,199.195,20.25,80.5,4.1
2025-05-31 16:00:00,195.531,20.68,80.1,0.28
2025-05-31 17:00:00,177.814,17.35,83.4,2.85
2025-05-31 18:00:00,154.474,18.55,82.5,1.35
2025-05-31 19:00:00,153.146,16.95,78.3,2.18
2025-05-31 20:00:00,149.492,17.18,78.1,2.98
2025-05-31 21:00:00,152.165,14.87,78.7,2.84
2025-05-31 22:00:00,156.027,13.68,85.2,5.15
2025-05-31 23:00:00,160.896,16.06,77.8,0.3
2025-06-01 00:00:00,164.406,13.74,81.6,4.73
2025-06-01 01:00:00,154.373,16.6,83.8,3.07
2025-06-01 02:00:00,159.644,13.14,92.1,5.52
2025-06-01 03:00:00,175.25,11.48,89.7,2.71
2025-06-01 04:00:00,168.498,15.03,93.1,0.7
2025-06-01 05:00:00,167.973,14.37,79.0,2.42
2025-06-01 06:00:00,162.751,15.0,71.4,4.01
2025-06-01 07:00:00,159.821,16.37,84.8,4.52
2025-06-01 08:00:00,158.402,14.14,79.0,2.49
2025-06-01 09:00:00,165.569,15.76,79.7,2.26
2025-06-01 10:00:00,173.281,16.46,69.7,3.03
2025-06-01 11:00:00,188.506,15.4,76.5,5.04
2025-06-01 12:00:00,180.895,17.66,69.7,1.83
2025-06-01 13:00:00,208.979,20.7,71.8,3.55
2025-06-01 14:00:00,212.041,19.24,74.1,8.05
2025-06-01 15:00:00,196.541,16.81,80.4,11.58
2025-06-01 16:00:00,189.586,16.37,87.9,5.02
2025-06-01 17:00:00,180.854,21.22,77.8,2.21
2025-06-01 18:00:00,157.334,17.94,68.6,0.9
2025-06-01 19:00:00,144.553,16.42,84.1,3.42
2025-06-01 20:00:00,149.516,16.3,81.3,6.89
2025-06-01 21:00:00,157.485,13.6,83.8,2.49
2025-06-01 22:00:00,156.234,17.46,78.8,5.42
2025-06-01 23:00:00,169.721,13.83,85.3,5.13
2025-06-02 00:00:00,166.52,16.11,76.7,2.7
2025-06-02 01:00:00,172.54,13.53,83.4,4.82
2025-06-02 02:00:00,162.309,15.43,88.9,1.0
2025-06-02 03:00:00,166.654,13.46,80.3,2.3
2025-06-02 04:00:00,165.562,14.51,76.9,3.71
2025-06-02 05:00:00,157.77,14.6,82.6,2.65
2025-06-02 06:00:00,162.609,14.92,75.7,1.1
2025-06-02 07:00:00,189.19,15.1,71.9,4.82
2025-06-02 08:00:00,224.241,14.9,80.5,3.68
2025-06-02 09:00:00,242.649,19.11,85.3,3.06
2025-06-02 10:00:00,283.747,15.37,81.7,6.21
2025-06-02 11:00:00,308.262,17.55,79.9,4.89
2025-06-02 12:00:00,319.496,18.19,65.2,0.18
2025-06-02 13:00:00,332.128,19.29,79.0,3.09
2025-06-02 14:00:00,325.101,18.26,78.4,3.02
2025-06-02 15:00:00,320.073,19.55,72.0,2.05
2025-06-02 16:00:00,305.582,18.67,78.3,0.3
2025-06-02 17:00:00,283.231,16.11,81.9,1.4
2025-06-02 18:00:00,246.796,18.18,71.6,0.22
2025-06-02 19:00:00,226.567,15.78,83.3,9.89
2025-06-02 20:00:00,183.677,14.05,90.9,2.66
2025-06-02 21:00:00,163.597,16.26,79.3,3.85
2025-06-02 22:00:00,163.511,16.05,75.7,1.08
2025-06-02 23:00:00,156.882,15.39,80.8,0.35
2025-06-03 00:00:00,158.146,14.91,87.6,1.94
2025-06-03 01:00:00,172.306,10.44,81.4,1.72
2025-06-03 02:00:00,180.358,11.05,91.4,3.21
2025-06-03 03:00:00,154.135,16.29,76.5,2.01
2025-06-03 04:00:00,171.502,11.55,88.7,11.31
2025-06-03 05:00:00,167.039,14.51,79.7,5.59
2025-06-03 06:00:00,166.924,12.91,81.9,7.28
2025-06-03 07:00:00,189.572,14.75,91.9,2.67
2025-06-03 08:00:00,226.201,14.34,74.9,3.17
2025-06-03 09:00:00,253.953,17.03,82.5,6.84
2025-06-03 10:00:00,285.982,17.12,89.8,1.88
2025-06-03 11:00:00,304.66,16.91,83.8,3.71
2025-06-03 12:00:00,324.787,16.57,72.2,2.01
2025-06-03 13:00:00,337.999,19.15,68.9,3.86
2025-06-03 14:00:00,332.753,17.08,75.0,0.79
2025-06-03 15:00:00,335.147,19.81,76.6,1.65
2025-06-03 16:00:00,338.173,23.23,72.2,3.22
2025-06-03 17:00:00,302.569,20.89,66.5,3.51
2025-06-03 18:00:00,267.356,19.4,71.0,4.51
2025-06-03 19:00:00,216.35,17.49,74.0,0.95
2025-06-03 20:00:00,184.539,13.8,83.0,3.13
2025-06-03 21:00:00,170.211,14.01,95.7,0.58
2025-06-03 22:00:00,158.149,17.4,73.4,2.1
2025-06-03 23:00:00,168.407,13.36,78.8,2.74
2025-06-04 00:00:00,168.466,12.97,78.4,2.44
2025-06-04 01:00:00,169.631,13.35,88.5,7.91
2025-06-04 02:00:00,165.661,11.61,86.9,2.76
2025-06-04 03:00:00,171.524,11.25,82.3,4.07
2025-06-04 04:00:00,165.923,13.23,82.7,3.23
2025-06-04 05:00:00,172.13,12.18,81.6,2.63
2025-06-04 06:00:00,171.079,12.9,87.1,3.86
2025-06-04 07:00:00,190.416,13.46,100.0,3.02
2025-06-04 08:00:00,217.343,16.27,83.9,2.83
2025-06-04 09:00:00,249.95,15.84,80.7,2.26
2025-06-04 10:00:00,267.634,16.7,76.0,1.88
2025-06-04 11:00:00,302.806,18.66,69.2,1.67
2025-06-04 12:00:00,322.424,18.1,82.5,2.83
2025-06-04 13:00:00,329.21,18.36,81.8,2.68
2025-06-04 14:00:00,341.563,19.86,72.8,6.7
2025-06-04 15:00:00,334.61,20.28,82.3,0.71
2025-06-04 16:00:00,308.932,18.87,77.1,8.32
2025-06-04 17:00:00,293.26,18.94,81.5,0.98
2025-06-04 18:00:00,258.204,17.08,81.3,2.6
2025-06-04 19:00:00,223.801,16.33,79.5,3.53
2025-06-04 20:00:00,174.061,18.22,72.2,1.19
2025-06-04 21:00:00,162.373,16.92,78.8,0.95
2025-06-04 22:00:00,150.408,16.16,85.8,2.38
2025-06-04 23:00:00,154.499,15.16,79.1,4.14
2025-06-05 00:00:00,163.682,14.24,86.1,4.94
2025-06-05 01:00:00,157.781,14.8,76.2,0.83
2025-06-05 02:00:00,162.318,14.89,87.2,2.31
2025-06-05 03:00:00,161.172,14.75,84.6,0.48
2025-06-05 04:00:00,165.674,13.23,77.7,1.21
2025-06-05 05:00:00,156.976,15.91,79.8,5.9
2025-06-05 06:00:00,161.558,14.53,88.6,3.39
2025-06-05 07:00:00,189.994,15.8,73.7,1.31
2025-06-05 08:00:00,219.57,15.96,74.6,5.53
2025-06-05 09:00:00,250.294,16.68,79.6,1.48
2025-06-05 10:00:00,284.4,15.89,94.0,2.56
2025-06-05 11:00:00,300.763,18.91,72.9,0.38
2025-06-05 12:00:00,342.316,22.96,74.2,1.31
2025-06-05 13:00:00,337.31,18.29,79.4,3.17
2025-06-05 14:00:00,329.627,19.3,72.8,3.06
2025-06-05 15:00:00,325.879,18.57,78.4,1.88
2025-06-05 16:00:00,302.893,18.41,74.9,2.37
2025-06-05 17:00:00,299.314,21.36,71.4,4.36
2025-06-05 18:00:00,253.274,17.33,69.2,2.23
2025-06-05 19:00:00,224.154,17.03,79.4,3.54
2025-06-05 20:00:00,184.743,14.52,88.5,1.63
2025-06-05 21:00:00,176.83,15.08,82.6,2.53
2025-06-05 22:00:00,171.403,12.78,92.1,0.34
2025-06-05 23:00:00,160.432,15.8,84.8,1.74
2025-06-06 00:00:00,159.99,18.72,76.8,2.76
2025-06-06 01:00:00,161.205,13.18,81.2,2.42
2025-06-06 02:00:00,173.228,10.8,85.4,1.63
2025-06-06 03:00:00,166.616,14.81,73.8,1.08
2025-06-06 04:00:00,172.49,12.31,84.6,2.83
2025-06-06 05:00:00,161.412,15.85,82.1,2.36
2025-06-06 06:00:00,163.628,13.79,94.4,3.29
2025-06-06 07:00:00,192.74,13.86,87.2,1.44
2025-06-06 08:00:00,222.065,15.31,76.8,3.9
2025-06-06 09:00:00,249.8,17.58,70.2,0.93
2025-06-06 10:00:00,279.029,16.78,78.7,0.64
2025-06-06 11:00:00,306.964,17.07,84.4,5.93
2025-06-06 12:00:00,324.081,18.17,76.6,0.99
2025-06-06 13:00:00,331.227,16.93,83.0,2.85
2025-06-06 14:00:00,343.516,19.9,74.5,2.04
2025-06-06 15:00:00,331.277,16.51,84.6,6.03
2025-06-06 16:00:00,304.671,18.55,67.8,4.01
2025-06-06 17:00:00,287.649,20.18,84.8,0.66
2025-06-06 18:00:00,254.218,18.97,70.2,7.25
2025-06-06 19:00:00,219.416,18.81,81.8,5.01
2025-06-06 20:00:00,174.622,17.04,77.9,1.84
2025-06-06 21:00:00,156.116,18.24,77.2,0.92
2025-06-06 22:00:00,155.213,17.07,78.1,2.99
2025-06-06 23:00:00,161.806,15.58,83.1,3.12
2025-06-07 00:00:00,157.392,15.81,84.0,0.42
2025-06-07 01:00:00,162.628,15.05,88.7,2.84
2025-06-07 02:00:00,167.599,12.84,93.9,4.73
2025-06-07 03:00:00,167.916,11.29,89.6,2.73
2025-06-07 04:00:00,159.848,14.22,93.8,2.4
2025-06-07 05:00:00,158.995,14.72,83.4,2.19
2025-06-07 06:00:00,157.94,16.07,87.4,1.29
2025-06-07 07:00:00,163.988,13.45,87.1,5.4
2025-06-07 08:00:00,167.987,14.22,80.2,1.93
2025-06-07 09:00:00,171.84,17.18,80.4,2.99
2025-06-07 10:00:00,169.074,17.11,82.5,0.76
2025-06-07 11:00:00,194.878,14.93,82.3,2.34
2025-06-07 12:00:00,190.237,19.16,79.0,3.66
2025-06-07 13:00:00,203.613,16.08,86.1,1.89
2025-06-07 14:00:00,193.905,17.83,78.3,1.94
2025-06-07 15:00:00,204.326,21.61,55.5,2.53
2025-06-07 16:00:00,207.165,22.26,82.3,3.56
2025-06-07 17:00:00,176.651,17.1,77.7,2.82
2025-06-07 18:00:00,165.504,18.04,73.2,9.03
2025-06-07 19:00:00,150.207,18.01,71.4,5.94
2025-06-07 20:00:00,153.66,20.07,73.3,1.61
2025-06-07 21:00:00,149.906,15.65,78.1,5.2
2025-06-07 22:00:00,151.307,14.9,78.1,0.41
2025-06-07 23:00:00,144.466,17.42,74.9,2.03
2025-06-08 00:00:00,152.722,13.8,87.3,0.6
2025-06-08 01:00:00,155.846,15.08,94.5,3.84
2025-06-08 02:00:00,164.817,11.26,92.6,1.89
2025-06-08 03:00:00,172.737,13.24,91.6,0.87
2025-06-08 04:00:00,177.787,10.97,85.8,4.41
2025-06-08 05:00:00,176.198,12.23,86.9,0.99
2025-06-08 06:00:00,167.537,15.74,83.9,4.12
2025-06-08 07:00:00,171.092,14.94,78.5,3.06
2025-06-08 08:00:00,166.441,15.23,79.5,2.18
2025-06-08 09:00:00,169.502,15.32,87.1,4.82
2025-06-08 10:00:00,168.103,16.94,86.2,1.17
2025-06-08 11:00:00,178.651,18.5,77.9,0.49
2025-06-08 12:00:00,199.421,20.21,67.9,0.93
2025-06-08 13:00:00,207.34,14.92,80.7,8.95
2025-06-08 14:00:00,195.402,18.09,69.4,1.31
2025-06-08 15:00:00,196.555,19.77,76.2,1.81
2025-06-08 16:00:00,181.598,19.26,78.0,6.84
2025-06-08 17:00:00,176.443,19.76,74.1,1.81
2025-06-08 18:00:00,165.299,19.07,78.2,3.92
2025-06-08 19:00:00,155.014,17.53,81.4,7.37
2025-06-08 20:00:00,157.506,16.45,81.9,3.48
2025-06-08 21:00:00,159.238,16.13,73.6,2.48
2025-06-08 22:00:00,149.133,17.58,77.3,4.51
2025-06-08 23:00:00,159.34,13.85,86.5,0.26
2025-06-09 00:00:00,160.756,14.37,92.8,1.79
2025-06-09 01:00:00,154.92,14.29,81.8,6.01
2025-06-09 02:00:00,151.788,16.19,84.0,1.32
2025-06-09 03:00:00,157.87,13.11,90.3,2.81
2025-06-09 04:00:00,158.756,15.23,80.9,3.95
2025-06-09 05:00:00,158.041,15.96,87.9,1.99
2025-06-09 06:00:00,160.203,14.37,90.5,3.99
2025-06-09 07:00:00,181.855,14.75,91.0,3.08
2025-06-09 08:00:00,222.739,15.29,84.7,13.76
2025-06-09 09:00:00,262.63,16.18,94.9,4.57
2025-06-09 10:00:00,274.502,18.73,73.5,3.08
2025-06-09 11:00:00,300.145,18.46,90.3,0.35
2025-06-09 12:00:00,319.478,19.09,81.3,1.42
2025-06-09 13:00:00,326.503,17.39,87.1,1.01
2025-06-09 14:00:00,328.723,17.94,76.4,6.72
2025-06-09 15:00:00,344.297,23.02,76.2,0.9
2025-06-09 16:00:00,320.822,19.2,85.1,1.96
2025-06-09 17:00:00,284.163,17.95,71.7,3.35
2025-06-09 18:00:00,255.051,21.0,73.0,1.65
2025-06-09 19:00:00,220.591,18.54,64.6,1.88
2025-06-09 20:00:00,180.039,18.29,76.7,3.08
2025-06-09 21:00:00,159.478,16.37,75.6,1.32
2025-06-09 22:00:00,158.239,15.31,80.7,2.8
2025-06-09 23:00:00,165.02,14.82,100.0,4.41
2025-06-10 00:00:00,173.781,12.33,96.4,1.5
2025-06-10 01:00:00,173.132,13.92,75.3,0.98
2025-06-10 02:00:00,170.937,14.24,86.8,7.71
2025-06-10 03:00:00,163.884,16.62,84.9,7.78
2025-06-10 04:00:00,170.142,13.9,81.9,2.4
2025-06-10 05:00:00,177.24,10.33,90.0,2.74
2025-06-10 06:00:00,169.961,14.39,84.9,2.72
2025-06-10 07:00:00,177.539,19.55,68.0,1.78
2025-06-10 08:00:00,201.371,17.27,73.0,2.35
2025-06-10 09:00:00,246.589,15.37,82.9,0.35
2025-06-10 10:00:00,276.927,18.39,78.3,0.71
2025-06-10 11:00:00,300.139,16.98,75.4,1.88
2025-06-10 12:00:00,317.936,16.62,75.4,1.51
2025-06-10 13:00:00,327.874,18.7,76.7,0.82
2025-06-10 14:00:00,337.442,19.71,81.1,2.34
2025-06-10 15:00:00,318.322,16.67,79.6,4.07
2025-06-10 16:00:00,303.965,17.72,88.3,1.32
2025-06-10 17:00:00,285.177,19.28,72.2,3.08
2025-06-10 18:00:00,250.207,18.13,79.2,1.93
2025-06-10 19:00:00,215.412,18.79,75.0,4.56
2025-06-10 20:00:00,172.931,15.5,85.2,0.65
2025-06-10 21:00:00,149.649,17.81,73.8,0.93
2025-06-10 22:00:00,164.363,13.99,95.4,1.83
2025-06-10 23:00:00,148.276,17.79,68.3,1.13
2025-06-11 00:00:00,169.612,11.87,97.1,5.56
2025-06-11 01:00:00,166.153,12.39,86.6,0.69
2025-06-11 02:00:00,162.794,14.5,86.4,1.78
2025-06-11 03:00:00,156.82,16.4,88.5,8.87
2025-06-11 04:00:00,157.905,14.34,88.5,0.64
2025-06-11 05:00:00,156.73,15.04,78.0,2.53
2025-06-11 06:00:00,164.784,14.64,86.5,1.96
2025-06-11 07:00:00,199.568,13.59,95.6,3.42
2025-06-11 08:00:00,225.141,15.17,76.8,3.17
2025-06-11 09:00:00,255.431,14.79,95.4,3.02
2025-06-11 10:00:00,280.384,15.46,84.1,4.78
2025-06-11 11:00:00,299.977,18.88,74.4,4.7
2025-06-11 12:00:00,325.049,17.06,74.2,1.5
2025-06-11 13:00:00,332.496,19.84,74.3,1.45
2025-06-11 14:00:00,329.676,17.55,67.1,3.94
2025-06-11 15:00:00,332.505,20.21,72.6,2.82
2025-06-11 16:00:00,301.336,18.85,75.4,3.22
2025-06-11 17:00:00,290.929,21.58,66.7,2.56
2025-06-11 18:00:00,252.431,19.37,80.8,1.68
2025-06-11 19:00:00,221.305,20.21,73.8,3.8
2025-06-11 20:00:00,179.826,16.3,76.8,1.27
2025-06-11 21:00:00,168.452,16.82,77.9,9.0
2025-06-11 22:00:00,164.562,14.39,85.4,8.43
2025-06-11 23:00:00,164.181,14.57,83.4,10.38
2025-06-12 00:00:00,162.93,14.26,79.2,2.96
2025-06-12 01:00:00,163.047,13.04,85.9,1.87
2025-06-12 02:00:00,174.014,11.96,86.4,6.47
2025-06-12 03:00:00,178.058,11.54,80.4,2.6
2025-06-12 04:00:00,171.852,10.16,87.4,4.56
2025-06-12 05:00:00,175.71,12.51,89.4,4.54
2025-06-12 06:00:00,163.085,15.68,84.9,1.3
2025-06-12 07:00:00,194.828,12.74,84.2,3.74
2025-06-12 08:00:00,232.199,13.84,88.1,4.4
2025-06-12 09:00:00,250.592,19.67,70.0,2.37
2025-06-12 10:00:00,273.183,16.56,74.5,0.7
2025-06-12 11:00:00,303.244,18.82,75.6,6.57
2025-06-12 12:00:00,321.479,19.95,84.5,8.87
2025-06-12 13:00:00,340.295,20.46,75.7,2.73
2025-06-12 14:00:00,338.21,17.26,77.6,2.01
2025-06-12 15:00:00,331.669,19.43,85.5,0.58
2025-06-12 16:00:00,310.432,17.11,77.7,2.85
2025-06-12 17:00:00,307.812,23.31,84.2,1.76
2025-06-12 18:00:00,260.443,16.37,77.4,0.58
2025-06-12 19:00:00,218.362,16.62,74.1,4.83
2025-06-12 20:00:00,181.056,15.91,80.1,3.88
2025-06-12 21:00:00,162.522,14.41,81.7,1.57
2025-06-12 22:00:00,159.894,18.19,73.1,7.75
2025-06-12 23:00:00,152.394,19.18,92.2,2.45
2025-06-13 00:00:00,161.878,13.99,85.7,2.77
2025-06-13 01:00:00,169.421,12.16,89.2,2.19
2025-06-13 02:00:00,174.576,10.39,86.1,5.3
2025-06-13 03:00:00,176.0,13.48,81.1,3.78
2025-06-13 04:00:00,174.079,13.46,90.7,0.35
2025-06-13 05:00:00,164.028,13.23,74.8,2.59
2025-06-13 06:00:00,161.032,15.1,75.4,4.51
2025-06-13 07:00:00,181.528,16.0,79.5,0.58
2025-06-13 08:00:00,204.113,16.61,88.3,4.47
2025-06-13 09:00:00,235.067,16.36,78.2,3.84
2025-06-13 10:00:00,271.172,15.88,83.7,1.1
2025-06-13 11:00:00,298.426,19.43,76.4,2.13
2025-06-13 12:00:00,315.964,19.01,84.6,0.8
2025-06-13 13:00:00,335.228,20.89,64.6,1.59
2025-06-13 14:00:00,346.089,21.03,78.4,2.1
2025-06-13 15:00:00,324.707,17.59,77.6,4.1
2025-06-13 16:00:00,311.686,17.47,84.5,4.69
2025-06-13 17:00:00,283.363,18.26,72.9,3.05
2025-06-13 18:00:00,253.43,17.3,79.3,2.03
2025-06-13 19:00:00,214.261,19.58,75.4,4.37
2025-06-13 20:00:00,169.515,18.21,71.9,2.78
2025-06-13 21:00:00,157.35,18.63,69.6,3.31
2025-06-13 22:00:00,155.376,16.73,76.5,4.85
2025-06-13 23:00:00,153.025,15.7,82.2,4.19
2025-06-14 00:00:00,148.873,16.73,75.4,3.29
2025-06-14 01:00:00,153.334,15.09,80.3,3.78
2025-06-14 02:00:00,157.56,14.14,72.3,1.57
2025-06-14 03:00:00,162.387,16.3,78.4,1.39
2025-06-14 04:00:00,166.965,14.22,89.6,8.79
2025-06-14 05:00:00,165.293,13.85,88.2,1.33
2025-06-14 06:00:00,162.121,13.47,84.0,4.89
2025-06-14 07:00:00,149.382,16.56,81.7,2.01
2025-06-14 08:00:00,145.545,18.14,73.0,4.07
2025-06-14 09:00:00,159.709,16.85,89.6,0.31
2025-06-14 10:00:00,173.886,19.8,88.1,0.74
2025-06-14 11:00:00,187.37,15.28,83.0,5.09
2025-06-14 12:00:00,188.387,18.97,92.4,0.51
2025-06-14 13:00:00,189.222,19.47,72.1,1.59
2025-06-14 14:00:00,195.433,18.67,69.8,6.67
2025-06-14 15:00:00,217.447,23.75,65.9,4.69
2025-06-14 16:00:00,199.838,19.72,74.5,1.92
2025-06-14 17:00:00,178.775,18.88,90.8,1.33
2025-06-14 18:00:00,160.911,19.1,75.0,7.36
2025-06-14 19:00:00,159.147,15.23,76.9,1.44
2025-06-14 20:00:00,148.746,16.49,74.9,3.2
2025-06-14 21:00:00,150.158,18.51,84.3,6.28
2025-06-14 22:00:00,154.942,15.15,88.2,3.62
2025-06-14 23:00:00,168.314,14.11,80.7,6.29
2025-06-15 00:00:00,151.975,16.97,68.4,1.86
2025-06-15 01:00:00,144.511,16.54,73.5,1.01
2025-06-15 02:00:00,152.229,14.93,92.8,4.19
2025-06-15 03:00:00,165.858,13.27,89.0,5.82
2025-06-15 04:00:00,154.55,13.71,84.6,3.79
2025-06-15 05:00:00,166.193,13.11,96.3,1.17
2025-06-15 06:00:00,170.62,13.28,96.6,11.36
2025-06-15 07:00:00,161.616,13.82,83.8,0.8
2025-06-15 08:00:00,157.66,15.23,82.0,2.96
2025-06-15 09:00:00,164.54,15.34,78.4,6.26
2025-06-15 10:00:00,171.748,15.27,80.3,2.74
2025-06-15 11:00:00,174.223,18.85,68.1,4.24
2025-06-15 12:00:00,192.149,19.49,67.2,0.47
2025-06-15 13:00:00,212.29,22.32,61.8,4.12
2025-06-15 14:00:00,199.361,18.82,83.6,1.11
2025-06-15 15:00:00,205.123,20.47,65.4,2.99
2025-06-15 16:00:00,196.337,20.39,86.5,0.78
2025-06-15 17:00:00,173.324,19.19,72.2,4.41
2025-06-15 18:00:00,170.415,20.31,85.4,3.74
2025-06-15 19:00:00,169.197,19.74,73.6,2.97
2025-06-15 20:00:00,157.881,18.3,68.4,5.19
2025-06-15 21:00:00,150.112,16.59,87.9,4.02
2025-06-15 22:00:00,145.985,15.65,89.9,0.75
2025-06-15 23:00:00,156.534,13.31,79.3,5.08
2025-06-16 00:00:00,163.365,13.65,82.3,4.07
2025-06-16 01:00:00,170.942,13.46,79.1,1.33
2025-06-16 02:00:00,169.069,12.36,85.4,2.65
2025-06-16 03:00:00,160.452,14.76,83.4,1.79
2025-06-16 04:00:00,163.416,16.07,78.8,9.56
2025-06-16 05:00:00,164.498,13.01,74.3,0.99
2025-06-16 06:00:00,166.509,15.39,78.4,1.87
2025-06-16 07:00:00,190.075,13.9,88.2,2.51
2025-06-16 08:00:00,223.07,15.79,80.0,2.89
2025-06-16 09:00:00,253.591,15.95,79.1,1.92
2025-06-16 10:00:00,283.197,18.8,71.5,2.83
2025-06-16 11:00:00,302.812,17.47,75.3,3.79
2025-06-16 12:00:00,331.597,20.8,82.7,1.45
2025-06-16 13:00:00,340.136,19.26,69.6,1.92
2025-06-16 14:00:00,343.428,18.92,81.2,8.2
2025-06-16 15:00:00,329.051,18.05,78.4,5.17
2025-06-16 16:00:00,312.508,20.36,76.4,5.08
2025-06-16 17:00:00,298.181,21.09,69.5,0.72
2025-06-16 18:00:00,263.068,19.62,73.8,9.09
2025-06-16 19:00:00,235.823,22.14,72.4,2.44
2025-06-16 20:00:00,194.337,20.12,72.1,5.48
2025-06-16 21:00:00,175.049,16.57,82.2,3.02
2025-06-16 22:00:00,160.618,15.77,84.1,0.46
2025-06-16 23:00:00,163.076,16.31,93.6,2.0
2025-06-17 00:00:00,161.468,13.65,86.0,5.22
2025-06-17 01:00:00,161.647,16.38,69.0,5.32
2025-06-17 02:00:00,162.529,14.8,89.7,3.11
2025-06-17 03:00:00,161.807,14.53,81.8,0.95
2025-06-17 04:00:00,166.066,15.32,94.0,5.59
2025-06-17 05:00:00,150.839,17.28,88.0,1.45
2025-06-17 06:00:00,160.152,15.27,79.0,3.0
2025-06-17 07:00:00,182.918,15.44,86.1,3.96
2025-06-17 08:00:00,210.042,18.75,73.6,4.24
2025-06-17 09:00:00,238.967,18.66,77.3,3.86
2025-06-17 10:00:00,278.024,17.38,83.1,1.25
2025-06-17 11:00:00,306.978,18.62,84.0,1.85
2025-06-17 12:00:00,324.886,19.55,81.4,1.22
2025-06-17 13:00:00,344.782,20.29,75.4,4.48
2025-06-17 14:00:00,336.047,17.84,93.3,4.05
2025-06-17 15:00:00,321.484,17.65,76.5,1.41
2025-06-17 16:00:00,311.367,18.59,67.7,4.96
2025-06-17 17:00:00,280.294,18.17,69.5,4.94
2025-06-17 18:00:00,240.439,18.21,86.8,6.13
2025-06-17 19:00:00,217.345,19.63,75.5,3.95
2025-06-17 20:00:00,174.448,17.62,79.7,4.14
2025-06-17 21:00:00,154.11,17.43,75.7,1.97
2025-06-17 22:00:00,154.973,14.38,80.5,2.37
2025-06-17 23:00:00,152.492,14.88,77.8,5.73
2025-06-18 00:00:00,150.885,15.99,83.8,1.64
2025-06-18 01:00:00,149.462,15.53,81.1,1.31
2025-06-18 02:00:00,165.948,13.12,87.6,4.17
2025-06-18 03:00:00,164.5,14.43,85.2,0.38
2025-06-18 04:00:00,149.191,17.79,75.9,1.56
2025-06-18 05:00:00,160.282,14.55,74.3,6.29
2025-06-18 06:00:00,164.482,13.94,74.6,7.16
2025-06-18 07:00:00,185.181,15.4,100.0,5.33
2025-06-18 08:00:00,213.495,16.55,89.1,2.9
2025-06-18 09:00:00,252.069,16.93,87.7,1.31
2025-06-18 10:00:00,277.352,17.9,74.3,0.76
2025-06-18 11:00:00,302.796,16.36,80.5,2.09
2025-06-18 12:00:00,321.191,17.76,73.7,0.77
2025-06-18 13:00:00,342.608,19.53,68.2,8.85
2025-06-18 14:00:00,343.999,19.81,72.1,2.0
2025-06-18 15:00:00,330.838,19.27,84.4,2.2
2025-06-18 16:00:00,315.743,19.79,80.7,4.74
2025-06-18 17:00:00,287.264,19.87,69.8,0.64
2025-06-18 18:00:00,264.889,20.72,72.5,2.25
2025-06-18 19:00:00,216.85,18.52,82.0,2.72
2025-06-18 20:00:00,172.468,18.59,73.9,0.79
2025-06-18 21:00:00,161.784,16.31,81.0,1.23
2025-06-18 22:00:00,158.866,17.31,81.6,1.67
2025-06-18 23:00:00,157.437,16.28,83.0,5.48
2025-06-19 00:00:00,154.868,16.49,81.8,7.01
2025-06-19 01:00:00,155.036,15.77,77.4,3.79
2025-06-19 02:00:00,161.018,15.27,78.7,2.56
2025-06-19 03:00:00,166.021,14.07,76.9,6.3
2025-06-19 04:00:00,164.423,14.72,73.4,4.98
2025-06-19 05:00:00,161.488,16.33,79.8,10.64
2025-06-19 06:00:00,155.832,14.07,88.6,0.53
2025-06-19 07:00:00,185.487,14.72,74.5,2.79
2025-06-19 08:00:00,208.963,16.74,81.6,1.74
2025-06-19 09:00:00,240.97,17.89,83.1,0.63
2025-06-19 10:00:00,272.107,16.69,69.0,2.81
2025-06-19 11:00:00,306.104,18.61,75.7,9.94
2025-06-19 12:00:00,323.927,19.2,86.4,1.04
2025-06-19 13:00:00,334.785,16.28,83.9,13.25
2025-06-19 14:00:00,339.859,19.78,64.5,5.06
2025-06-19 15:00:00,345.71,19.98,79.4,6.47
2025-06-19 16:00:00,315.064,19.87,71.1,6.44
2025-06-19 17:00:00,305.737,22.09,76.6,3.81
2025-06-19 18:00:00,254.425,17.41,74.9,1.98
2025-06-19 19:00:00,219.232,17.41,78.7,0.76
2025-06-19 20:00:00,189.399,13.83,80.8,1.06
2025-06-19 21:00:00,167.625,16.46,80.4,4.18
2025-06-19 22:00:00,163.08,15.82,77.8,2.05
2025-06-19 23:00:00,161.008,14.91,81.2,1.18
2025-06-20 00:00:00,153.553,16.94,72.6,3.36
2025-06-20 01:00:00,151.048,16.06,83.9,3.65
2025-06-20 02:00:00,156.701,14.51,84.1,4.76
2025-06-20 03:00:00,159.629,13.69,74.5,1.41
2025-06-20 04:00:00,155.628,16.03,86.9,2.55
2025-06-20 05:00:00,150.04,14.65,81.8,1.45
2025-06-20 06:00:00,162.455,13.85,85.0,0.9
2025-06-20 07:00:00,201.658,13.04,89.7,5.74
2025-06-20 08:00:00,222.194,15.8,83.2,5.48
2025-06-20 09:00:00,251.809,18.49,84.5,0.55
2025-06-20 10:00:00,294.685,21.7,71.3,2.92
2025-06-20 11:00:00,309.859,18.88,83.2,6.33
2025-06-20 12:00:00,320.799,18.18,78.7,4.88
2025-06-20 13:00:00,327.339,17.99,81.3,1.28
2025-06-20 14:00:00,342.869,21.07,76.3,6.81
2025-06-20 15:00:00,331.223,17.46,86.4,6.33
2025-06-20 16:00:00,321.681,21.06,78.2,3.56
2025-06-20 17:00:00,297.56,21.19,71.1,2.27
2025-06-20 18:00:00,264.369,20.1,71.4,1.26
2025-06-20 19:00:00,215.878,18.43,77.3,2.79
2025-06-20 20:00:00,177.778,18.96,72.3,7.49
2025-06-20 21:00:00,156.971,17.56,72.5,1.31
2025-06-20 22:00:00,154.004,15.26,69.3,7.94
2025-06-20 23:00:00,158.012,18.74,67.9,4.71
2025-06-21 00:00:00,163.005,14.65,94.8,2.79
2025-06-21 01:00:00,156.282,15.98,77.1,6.37
2025-06-21 02:00:00,172.265,10.57,100.0,2.73
2025-06-21 03:00:00,162.083,16.38,82.9,2.41
2025-06-21 04:00:00,156.382,16.79,79.6,5.57
2025-06-21 05:00:00,166.439,14.79,73.7,2.88
2025-06-21 06:00:00,157.126,16.11,80.9,2.73
2025-06-21 07:00:00,156.856,16.73,91.3,1.71
2025-06-21 08:00:00,150.42,15.53,91.0,2.37
2025-06-21 09:00:00,153.281,18.21,79.5,8.59
2025-06-21 10:00:00,173.13,16.82,73.0,0.19
2025-06-21 11:00:00,175.56,17.86,72.6,1.27
2025-06-21 12:00:00,194.751,21.26,68.5,1.49
2025-06-21 13:00:00,210.3,21.49,81.0,2.57
2025-06-21 14:00:00,207.574,19.1,86.4,2.25
2025-06-21 15:00:00,194.71,19.16,77.7,3.23
2025-06-21 16:00:00,185.109,19.2,74.7,0.34
2025-06-21 17:00:00,177.372,21.11,83.1,3.2
2025-06-21 18:00:00,157.55,17.86,72.5,8.54
2025-06-21 19:00:00,160.19,19.41,76.5,2.88
2025-06-21 20:00:00,152.954,19.31,79.1,2.31
2025-06-21 21:00:00,143.754,17.2,74.1,2.62
2025-06-21 22:00:00,140.187,18.18,74.1,2.07
2025-06-21 23:00:00,148.521,15.35,77.6,4.71
2025-06-22 00:00:00,158.496,14.92,91.0,3.59
2025-06-22 01:00:00,166.387,13.22,96.4,3.41
2025-06-22 02:00:00,162.235,16.12,81.5,6.37
2025-06-22 03:00:00,167.261,13.16,83.4,4.74
2025-06-22 04:00:00,158.135,15.05,78.7,0.2
2025-06-22 05:00:00,155.945,14.67,82.9,2.04
2025-06-22 06:00:00,163.186,13.58,81.1,0.85
2025-06-22 07:00:00,166.834,14.91,81.9,1.45
2025-06-22 08:00:00,152.058,18.82,79.5,1.74
2025-06-22 09:00:00,150.989,17.71,76.2,1.41
2025-06-22 10:00:00,163.516,16.55,79.1,4.89
2025-06-22 11:00:00,185.467,19.38,75.2,4.34
2025-06-22 12:00:00,192.969,19.27,74.5,2.03
2025-06-22 13:00:00,234.61,25.51,65.0,4.23
2025-06-22 14:00:00,219.46,20.74,78.9,3.84
2025-06-22 15:00:00,208.507,19.78,65.1,3.06
2025-06-22 16:00:00,208.75,22.56,81.3,2.5
2025-06-22 17:00:00,175.51,17.04,80.4,5.25
2025-06-22 18:00:00,168.349,19.66,79.5,2.73
2025-06-22 19:00:00,174.807,22.08,76.8,3.33
2025-06-22 20:00:00,154.215,17.98,74.0,3.17
2025-06-22 21:00:00,158.903,14.61,77.5,1.79
2025-06-22 22:00:00,148.993,15.98,74.8,1.71
2025-06-22 23:00:00,147.697,18.21,76.4,2.37
2025-06-23 00:00:00,149.775,15.92,85.3,4.83
2025-06-23 01:00:00,159.352,13.49,81.0,2.56
2025-06-23 02:00:00,167.78,13.44,88.2,0.44
2025-06-23 03:00:00,170.246,13.54,70.2,3.58
2025-06-23 04:00:00,161.77,15.12,79.9,1.86
2025-06-23 05:00:00,152.324,16.98,86.6,1.39
2025-06-23 06:00:00,139.651,17.0,78.6,4.52
2025-06-23 07:00:00,168.34,16.66,75.1,4.49
2025-06-23 08:00:00,214.438,14.53,79.1,3.08
2025-06-23 09:00:00,247.593,15.31,63.8,2.24
2025-06-23 10:00:00,273.267,19.06,70.6,1.92
2025-06-23 11:00:00,302.466,16.78,86.2,0.86
2025-06-23 12:00:00,328.166,19.2,73.0,0.2
2025-06-23 13:00:00,340.82,20.52,71.9,2.03
2025-06-23 14:00:00,338.907,18.51,63.5,2.07
2025-06-23 15:00:00,330.245,18.8,67.3,1.31
2025-06-23 16:00:00,315.956,20.18,82.3,6.35
2025-06-23 17:00:00,294.6,20.84,77.9,1.8
2025-06-23 18:00:00,277.918,21.25,65.9,3.06
2025-06-23 19:00:00,227.833,19.91,71.7,3.53
2025-06-23 20:00:00,176.221,18.33,77.6,3.89
2025-06-23 21:00:00,169.326,16.24,73.5,1.62
2025-06-23 22:00:00,160.473,14.95,70.5,2.19
2025-06-23 23:00:00,164.743,15.12,81.3,2.83
2025-06-24 00:00:00,152.933,16.02,84.4,1.63
2025-06-24 01:00:00,157.115,15.42,85.4,5.95
2025-06-24 02:00:00,179.087,11.22,92.9,11.08
2025-06-24 03:00:00,171.092,13.22,75.6,3.46
2025-06-24 04:00:00,159.419,16.51,80.6,3.44
2025-06-24 05:00:00,163.477,15.01,80.8,5.66
2025-06-24 06:00:00,164.125,13.09,84.5,4.85
2025-06-24 07:00:00,195.197,19.75,74.5,2.74
2025-06-24 08:00:00,224.249,16.66,76.1,8.17
2025-06-24 09:00:00,244.611,18.1,60.0,1.69
2025-06-24 10:00:00,277.015,18.9,83.9,4.55
2025-06-24 11:00:00,308.713,18.39,79.6,2.17
2025-06-24 12:00:00,321.31,18.44,68.7,3.76
2025-06-24 13:00:00,355.064,23.47,73.4,2.0
2025-06-24 14:00:00,367.335,21.98,69.9,8.0
2025-06-24 15:00:00,351.072,21.8,70.4,5.85
2025-06-24 16:00:00,332.794,21.3,69.0,3.62
2025-06-24 17:00:00,293.466,18.47,80.8,4.91
2025-06-24 18:00:00,268.217,21.65,68.3,1.31
2025-06-24 19:00:00,211.639,17.63,72.1,0.72
2025-06-24 20:00:00,173.574,18.71,84.0,1.64
2025-06-24 21:00:00,170.453,14.86,81.5,7.85
2025-06-24 22:00:00,165.338,13.44,83.7,2.0
2025-06-24 23:00:00,152.622,16.49,84.5,5.13
2025-06-25 00:00:00,164.28,14.11,79.6,2.33
2025-06-25 01:00:00,173.745,11.75,84.1,2.45
2025-06-25 02:00:00,161.221,15.49,83.5,2.02
2025-06-25 03:00:00,153.544,17.92,69.1,1.91
2025-06-25 04:00:00,152.563,16.85,81.1,4.87
2025-06-25 05:00:00,164.966,14.52,78.5,1.94
2025-06-25 06:00:00,162.203,15.42,86.9,1.89
2025-06-25 07:00:00,171.566,17.45,82.3,2.77
2025-06-25 08:00:00,203.318,18.54,79.9,2.19
2025-06-25 09:00:00,237.895,16.98,70.0,1.41
2025-06-25 10:00:00,273.679,18.36,77.1,4.51
2025-06-25 11:00:00,304.606,19.51,69.0,3.25
2025-06-25 12:00:00,326.813,20.53,74.4,1.84
2025-06-25 13:00:00,342.2,19.91,61.6,1.42
2025-06-25 14:00:00,351.027,20.23,65.8,5.74
2025-06-25 15:00:00,352.71,22.73,78.7,0.95
2025-06-25 16:00:00,340.6,22.36,74.3,4.1
2025-06-25 17:00:00,303.049,20.89,72.0,0.42
2025-06-25 18:00:00,277.665,22.4,66.6,2.98
2025-06-25 19:00:00,222.071,18.41,71.1,3.04
2025-06-25 20:00:00,191.214,20.9,75.3,0.8
2025-06-25 21:00:00,164.104,18.39,75.6,0.86
2025-06-25 22:00:00,171.262,21.98,81.9,3.12
2025-06-25 23:00:00,164.167,14.12,82.5,0.84
2025-06-26 00:00:00,156.619,14.34,83.7,6.57
2025-06-26 01:00:00,162.07,15.64,73.2,1.86
2025-06-26 02:00:00,152.482,15.31,79.8,7.34
2025-06-26 03:00:00,150.816,17.69,79.7,6.3
2025-06-26 04:00:00,160.21,13.6,82.1,2.52
2025-06-26 05:00:00,153.72,16.42,77.5,3.19
2025-06-26 06:00:00,150.382,17.31,81.1,5.5
2025-06-26 07:00:00,169.92,17.2,88.4,1.11
2025-06-26 08:00:00,214.191,15.25,82.9,2.0
2025-06-26 09:00:00,248.537,19.82,82.5,7.22
2025-06-26 10:00:00,288.841,20.31,78.7,5.07
2025-06-26 11:00:00,311.448,20.03,81.9,2.29
2025-06-26 12:00:00,330.362,20.02,71.7,3.21
2025-06-26 13:00:00,342.887,20.53,73.4,1.6
2025-06-26 14:00:00,345.265,20.34,73.7,2.14
2025-06-26 15:00:00,348.279,21.59,76.4,4.06
2025-06-26 16:00:00,326.906,20.52,79.4,2.14
2025-06-26 17:00:00,296.296,18.81,77.8,4.52
2025-06-26 18:00:00,256.839,18.01,83.4,0.84
2025-06-26 19:00:00,215.775,17.87,75.0,4.02
2025-06-26 20:00:00,177.548,18.7,82.5,1.22
2025-06-26 21:00:00,166.274,17.53,85.0,2.47
2025-06-26 22:00:00,148.152,17.14,83.5,1.52
2025-06-26 23:00:00,153.445,16.87,80.6,4.03
2025-06-27 00:00:00,163.912,14.48,87.4,0.93
2025-06-27 01:00:00,155.697,17.36,73.7,4.56
2025-06-27 02:00:00,167.858,14.28,84.6,2.74
2025-06-27 03:00:00,173.179,13.92,85.7,2.31
2025-06-27 04:00:00,160.975,15.48,73.7,1.7
2025-06-27 05:00:00,167.8,12.07,89.3,1.97
2025-06-27 06:00:00,168.792,14.22,76.0,6.21
2025-06-27 07:00:00,176.122,17.68,76.1,1.67
2025-06-27 08:00:00,231.318,14.05,84.0,6.24
2025-06-27 09:00:00,262.114,19.4,71.9,7.6
2025-06-27 10:00:00,294.398,20.8,74.8,2.27
2025-06-27 11:00:00,301.692,18.52,77.9,0.72
2025-06-27 12:00:00,331.256,20.2,70.2,5.23
2025-06-27 13:00:00,349.605,22.0,76.0,5.19
2025-06-27 14:00:00,350.704,19.76,71.2,6.3
2025-06-27 15:00:00,339.32,22.0,86.3,2.6
2025-06-27 16:00:00,324.064,19.43,75.5,3.45
2025-06-27 17:00:00,291.65,19.44,69.2,1.95
2025-06-27 18:00:00,246.36,18.45,71.7,1.88
2025-06-27 19:00:00,218.388,19.66,82.8,3.32
2025-06-27 20:00:00,186.173,20.24,72.6,5.54
2025-06-27 21:00:00,162.735,17.31,71.0,4.74
2025-06-27 22:00:00,166.813,14.8,87.8,2.83
2025-06-27 23:00:00,167.09,14.38,80.8,5.85
2025-06-28 00:00:00,160.712,16.16,84.7,0.95
2025-06-28 01:00:00,152.905,18.0,83.8,11.8
2025-06-28 02:00:00,156.101,15.38,83.5,1.04
2025-06-28 03:00:00,155.328,14.03,98.1,2.67
2025-06-28 04:00:00,155.471,15.98,70.7,3.29
2025-06-28 05:00:00,155.625,14.67,78.0,3.38
2025-06-28 06:00:00,164.575,14.92,81.0,5.47
2025-06-28 07:00:00,161.985,14.61,96.5,1.39
2025-06-28 08:00:00,159.352,19.13,87.4,3.54
2025-06-28 09:00:00,174.367,13.59,92.1,4.48
2025-06-28 10:00:00,190.15,19.7,71.1,6.0
2025-06-28 11:00:00,179.836,18.41,73.6,2.25
2025-06-28 12:00:00,190.045,19.11,71.7,3.07
2025-06-28 13:00:00,212.567,22.95,66.6,2.77
2025-06-28 14:00:00,197.179,19.4,85.2,4.33
2025-06-28 15:00:00,192.134,19.56,74.6,4.35
2025-06-28 16:00:00,196.194,20.34,74.3,2.18
2025-06-28 17:00:00,188.175,20.91,78.8,2.73
2025-06-28 18:00:00,165.469,19.06,66.7,2.89
2025-06-28 19:00:00,158.534,16.63,80.4,1.2
2025-06-28 20:00:00,152.834,17.04,73.0,3.68
2025-06-28 21:00:00,158.598,19.7,74.1,3.58
2025-06-28 22:00:00,152.705,16.99,76.1,1.21
2025-06-28 23:00:00,152.941,16.87,76.0,3.85
2025-06-29 00:00:00,158.889,15.15,83.6,12.88
2025-06-29 01:00:00,165.779,14.03,85.1,1.52
2025-06-29 02:00:00,147.542,17.47,77.6,1.2
2025-06-29 03:00:00,156.72,14.38,85.5,4.44
2025-06-29 04:00:00,165.279,14.08,78.5,2.17
2025-06-29 05:00:00,155.92,16.84,83.9,5.48
2025-06-29 06:00:00,157.68,14.41,82.0,2.64
2025-06-29 07:00:00,166.667,15.23,79.2,1.78
2025-06-29 08:00:00,161.425,16.92,74.9,2.61
2025-06-29 09:00:00,161.098,17.69,77.2,4.35
2025-06-29 10:00:00,167.887,18.88,88.2,4.25
2025-06-29 11:00:00,190.544,22.53,71.5,0.85
2025-06-29 12:00:00,205.04,20.34,68.1,4.34
2025-06-29 13:00:00,206.27,16.48,85.8,2.95
2025-06-29 14:00:00,213.541,21.1,71.0,3.13
2025-06-29 15:00:00,201.88,20.75,76.1,3.68
2025-06-29 16:00:00,197.065,20.65,70.9,1.18
2025-06-29 17:00:00,184.435,20.68,82.1,0.82
2025-06-29 18:00:00,168.381,19.76,72.2,0.88
2025-06-29 19:00:00,167.98,19.1,85.0,5.25
2025-06-29 20:00:00,164.802,19.44,69.9,5.22
2025-06-29 21:00:00,156.376,16.82,78.1,0.28
2025-06-29 22:00:00,156.277,15.39,90.3,2.73
2025-06-29 23:00:00,165.489,21.02,75.0,1.91
2025-06-30 00:00:00,159.495,14.45,96.8,1.31
2025-06-30 01:00:00,161.956,15.28,80.4,5.95
2025-06-30 02:00:00,169.594,12.43,87.5,6.75
2025-06-30 03:00:00,160.148,14.91,94.0,3.24
2025-06-30 04:00:00,167.769,13.33,75.7,1.82
2025-06-30 05:00:00,154.569,14.41,73.4,2.08
2025-06-30 06:00:00,146.491,17.27,74.4,1.13
2025-06-30 07:00:00,174.909,16.97,84.5,2.05
2025-06-30 08:00:00,209.758,17.85,68.7,1.46
2025-06-30 09:00:00,254.339,14.89,86.1,6.46
2025-06-30 10:00:00,290.861,21.44,76.6,0.56
2025-06-30 11:00:00,307.441,17.31,91.2,4.86
2025-06-30 12:00:00,343.152,22.29,78.5,1.38
2025-06-30 13:00:00,365.226,21.95,74.9,4.31
2025-06-30 14:00:00,365.433,21.54,81.4,2.53
2025-06-30 15:00:00,346.435,19.35,79.5,4.91
2025-06-30 16:00:00,327.863,20.86,71.4,0.92
2025-06-30 17:00:00,291.012,19.56,69.1,1.75
2025-06-30 18:00:00,255.2,19.89,72.1,2.18
2025-06-30 19:00:00,216.013,18.82,76.8,2.93
2025-06-30 20:00:00,183.859,15.23,83.1,2.89
2025-06-30 21:00:00,164.152,19.51,63.3,1.12
2025-06-30 22:00:00,156.394,16.81,78.5,0.86
2025-06-30 23:00:00,152.751,15.44,82.0,2.28
2025-07-01 00:00:00,154.462,14.73,86.1,2.66
2025-07-01 01:00:00,160.248,15.73,91.1,2.19
2025-07-01 02:00:00,166.688,13.42,85.7,0.56
2025-07-01 03:00:00,173.329,11.14,82.3,2.74
2025-07-01 04:00:00,159.904,15.51,70.8,3.81
2025-07-01 05:00:00,160.148,15.98,85.1,3.23
2025-07-01 06:00:00,161.793,15.31,76.7,2.46
2025-07-01 07:00:00,190.06,14.42,88.4,3.05
2025-07-01 08:00:00,212.373,17.12,87.8,1.51
2025-07-01 09:00:00,246.839,15.41,72.6,5.96
2025-07-01 10:00:00,276.381,16.89,83.1,1.88
2025-07-01 11:00:00,305.322,18.05,85.9,3.9
2025-07-01 12:00:00,332.008,21.22,79.8,2.39
2025-07-01 13:00:00,342.987,19.77,63.1,5.05
2025-07-01 14:00:00,350.532,19.93,70.4,1.84
2025-07-01 15:00:00,359.837,23.88,62.3,5.08
2025-07-01 16:00:00,336.988,21.21,76.8,6.47
2025-07-01 17:00:00,300.498,20.89,76.6,1.41
2025-07-01 18:00:00,265.47,19.28,60.2,4.72
2025-07-01 19:00:00,217.619,18.3,76.0,7.43
2025-07-01 20:00:00,175.955,15.03,87.2,3.41
2025-07-01 21:00:00,160.145,19.3,77.3,5.7
2025-07-01 22:00:00,153.096,17.69,79.5,6.56
2025-07-01 23:00:00,147.806,15.97,78.9,5.19
2025-07-02 00:00:00,146.48,15.44,75.4,1.54
2025-07-02 01:00:00,152.14,16.36,80.4,3.74
2025-07-02 02:00:00,164.991,12.4,86.4,4.07
2025-07-02 03:00:00,160.122,13.84,87.7,0.49
2025-07-02 04:00:00,164.194,13.07,89.3,2.53
2025-07-02 05:00:00,158.551,18.02,78.7,3.06
2025-07-02 06:00:00,157.75,17.06,86.1,3.86
2025-07-02 07:00:00,189.899,12.76,83.3,1.22
2025-07-02 08:00:00,225.267,14.58,74.3,2.39
2025-07-02 09:00:00,248.658,17.57,81.7,3.23
2025-07-02 10:00:00,266.762,17.8,79.2,2.03
2025-07-02 11:00:00,288.198,17.16,82.4,0.47
2025-07-02 12:00:00,336.636,23.02,63.6,6.14
2025-07-02 13:00:00,345.992,20.88,84.9,9.16
2025-07-02 14:00:00,354.958,21.44,77.6,3.54
2025-07-02 15:00:00,337.156,19.68,74.1,3.59
2025-07-02 16:00:00,331.778,21.84,67.2,2.67
2025-07-02 17:00:00,299.63,19.77,82.2,0.87
2025-07-02 18:00:00,264.35,19.45,69.6,0.63
2025-07-02 19:00:00,226.206,20.26,88.6,5.83
2025-07-02 20:00:00,187.493,15.95,77.4,8.52
2025-07-02 21:00:00,169.428,20.34,85.2,3.79
2025-07-02 22:00:00,158.038,17.3,78.1,2.01
2025-07-02 23:00:00,155.291,18.33,87.2,2.39
2025-07-03 00:00:00,164.455,13.97,79.4,4.17
2025-07-03 01:00:00,165.81,13.74,84.3,5.63
2025-07-03 02:00:00,170.324,13.06,90.0,2.71
2025-07-03 03:00:00,155.919,15.21,86.1,2.15
2025-07-03 04:00:00,149.395,15.02,89.0,1.21
2025-07-03 05:00:00,158.246,14.47,80.2,1.83
2025-07-03 06:00:00,167.684,14.07,84.2,4.0
2025-07-03 07:00:00,185.151,14.29,90.9,3.38
2025-07-03 08:00:00,212.553,16.96,75.4,3.18
2025-07-03 09:00:00,245.619,17.07,82.9,1.25
2025-07-03 10:00:00,271.575,17.49,77.6,2.29
2025-07-03 11:00:00,316.654,21.79,74.1,4.77
2025-07-03 12:00:00,337.488,19.8,76.2,7.05
2025-07-03 13:00:00,359.647,22.44,67.3,4.6
2025-07-03 14:00:00,352.194,19.86,74.0,5.62
2025-07-03 15:00:00,340.996,21.2,74.6,0.49
2025-07-03 16:00:00,326.559,20.62,73.9,6.27
2025-07-03 17:00:00,286.84,17.69,88.1,3.75
2025-07-03 18:00:00,271.07,22.22,78.4,3.2
2025-07-03 19:00:00,223.088,19.1,78.4,3.44
2025-07-03 20:00:00,186.566,19.78,71.1,7.96
2025-07-03 21:00:00,160.505,16.61,75.2,1.95
2025-07-03 22:00:00,153.958,16.77,91.8,3.44
2025-07-03 23:00:00,155.402,14.92,76.4,2.51
2025-07-04 00:00:00,143.88,17.69,79.3,1.31
2025-07-04 01:00:00,141.18,15.74,83.5,0.73
2025-07-04 02:00:00,153.227,15.53,79.8,1.29
2025-07-04 03:00:00,152.446,17.01,73.6,1.58
2025-07-04 04:00:00,146.833,16.79,75.2,2.59
2025-07-04 05:00:00,153.357,16.47,77.1,5.62
2025-07-04 06:00:00,156.699,13.44,80.3,1.29
2025-07-04 07:00:00,180.661,15.23,90.1,1.56
2025-07-04 08:00:00,215.663,15.46,81.7,7.85
2025-07-04 09:00:00,246.549,19.0,73.7,2.0
2025-07-04 10:00:00,280.084,18.89,77.6,1.72
2025-07-04 11:00:00,300.832,17.11,83.4,1.77
2025-07-04 12:00:00,324.451,19.66,73.8,3.02
2025-07-04 13:00:00,332.406,18.05,83.5,2.62
2025-07-04 14:00:00,343.459,20.65,66.9,1.62
2025-07-04 15:00:00,323.635,18.19,85.0,2.09
2025-07-04 16:00:00,325.276,21.58,73.1,4.87
2025-07-04 17:00:00,307.371,21.04,73.7,3.31
2025-07-04 18:00:00,291.087,23.01,67.0,6.61
2025-07-04 19:00:00,235.875,20.7,67.1,2.26
2025-07-04 20:00:00,175.531,17.94,68.3,4.86
2025-07-04 21:00:00,166.991,19.15,72.0,4.97
2025-07-04 22:00:00,160.803,14.83,86.2,1.54
2025-07-04 23:00:00,151.387,14.8,76.9,3.63
2025-07-05 00:00:00,148.559,16.27,71.3,2.87
2025-07-05 01:00:00,162.25,11.81,81.4,0.52
2025-07-05 02:00:00,158.166,14.91,80.2,0.77
2025-07-05 03:00:00,167.708,13.23,82.8,3.11
2025-07-05 04:00:00,156.932,15.13,81.4,0.57
2025-07-05 05:00:00,165.628,13.54,90.6,0.44
2025-07-05 06:00:00,158.013,16.42,87.9,2.82
2025-07-05 07:00:00,147.22,16.39,92.5,0.25
2025-07-05 08:00:00,149.252,19.33,66.6,1.12
2025-07-05 09:00:00,156.349,17.87,73.2,2.81
2025-07-05 10:00:00,166.588,17.41,83.2,2.46
2025-07-05 11:00:00,181.695,18.97,74.1,2.46
2025-07-05 12:00:00,183.841,17.83,83.6,4.12
2025-07-05 13:00:00,207.735,21.11,75.1,5.35
2025-07-05 14:00:00,215.278,21.7,82.5,5.72
2025-07-05 15:00:00,244.644,24.81,74.9,8.3
2025-07-05 16:00:00,202.743,19.77,82.1,0.29
2025-07-05 17:00:00,196.91,20.03,72.9,1.45
2025-07-05 18:00:00,165.017,19.06,76.1,1.05
2025-07-05 19:00:00,168.61,19.7,74.0,8.48
2025-07-05 20:00:00,163.041,19.25,67.4,2.85
2025-07-05 21:00:00,147.357,17.78,87.3,2.56
2025-07-05 22:00:00,150.83,18.82,81.5,1.91
2025-07-05 23:00:00,151.784,15.38,79.8,1.82
2025-07-06 00:00:00,148.908,17.34,86.9,1.81
2025-07-06 01:00:00,151.224,16.15,77.0,1.94
2025-07-06 02:00:00,153.885,14.97,71.4,1.79
2025-07-06 03:00:00,159.13,14.38,89.3,7.19
2025-07-06 04:00:00,158.766,18.87,69.3,10.37
2025-07-06 05:00:00,161.76,13.98,82.7,9.97
2025-07-06 06:00:00,151.108,16.24,81.9,0.5
2025-07-06 07:00:00,158.511,15.19,84.5,1.6
2025-07-06 08:00:00,160.003,19.97,80.5,0.37
2025-07-06 09:00:00,163.266,19.3,79.9,10.21
2025-07-06 10:00:00,164.944,17.58,82.1,3.55
2025-07-06 11:00:00,178.262,20.21,70.4,4.77
2025-07-06 12:00:00,200.45,20.42,76.6,2.4
2025-07-06 13:00:00,205.754,19.66,66.8,2.57
2025-07-06 14:00:00,213.365,22.0,82.0,6.14
2025-07-06 15:00:00,215.439,21.51,64.9,2.83
2025-07-06 16:00:00,213.565,21.13,71.7,2.92
2025-07-06 17:00:00,186.973,20.42,66.9,4.49
2025-07-06 18:00:00,172.745,20.7,70.0,4.12
2025-07-06 19:00:00,157.332,19.75,75.8,2.76
2025-07-06 20:00:00,155.9,18.76,74.0,1.87
2025-07-06 21:00:00,150.559,16.86,86.7,1.75
2025-07-06 22:00:00,155.153,19.82,77.0,5.78
2025-07-06 23:00:00,159.314,14.71,80.0,2.97
2025-07-07 00:00:00,151.121,16.47,79.5,1.42
2025-07-07 01:00:00,155.804,14.8,90.0,5.14
2025-07-07 02:00:00,149.362,17.82,83.9,2.72
2025-07-07 03:00:00,156.389,13.46,77.7,0.48
2025-07-07 04:00:00,159.059,13.83,80.0,1.5
2025-07-07 05:00:00,162.278,13.76,87.0,2.73
2025-07-07 06:00:00,155.183,16.3,82.7,0.6
2025-07-07 07:00:00,188.119,14.21,77.2,3.42
2025-07-07 08:00:00,218.413,16.36,85.0,3.87
2025-07-07 09:00:00,250.442,14.46,77.8,5.47
2025-07-07 10:00:00,286.51,19.07,84.5,3.18
2025-07-07 11:00:00,305.591,18.61,80.5,1.57
2025-07-07 12:00:00,317.387,17.65,71.9,0.49
2025-07-07 13:00:00,344.29,22.24,69.1,0.47
2025-07-07 14:00:00,346.19,18.71,73.9,2.36
2025-07-07 15:00:00,358.811,22.18,73.3,2.36
2025-07-07 16:00:00,333.854,19.68,74.6,0.58
2025-07-07 17:00:00,318.105,23.07,64.2,3.36
2025-07-07 18:00:00,280.485,21.23,65.3,1.89
2025-07-07 19:00:00,229.055,17.79,81.8,1.15
2025-07-07 20:00:00,177.618,17.22,81.0,0.87
2025-07-07 21:00:00,165.522,18.88,77.6,7.24
2025-07-07 22:00:00,155.616,16.71,81.6,0.41
2025-07-07 23:00:00,164.579,16.14,77.1,8.59
2025-07-08 00:00:00,156.974,17.84,79.5,1.21
2025-07-08 01:00:00,163.366,14.13,98.9,9.13
2025-07-08 02:00:00,165.33,15.17,89.2,0.52
2025-07-08 03:00:00,156.946,16.45,78.6,3.59
2025-07-08 04:00:00,153.054,16.32,77.4,6.31
2025-07-08 05:00:00,156.763,15.07,65.1,6.41
2025-07-08 06:00:00,157.814,15.34,88.3,3.58
2025-07-08 07:00:00,185.115,13.64,89.0,3.21
2025-07-08 08:00:00,214.044,15.46,78.5,0.67
2025-07-08 09:00:00,239.46,18.43,69.0,5.17
2025-07-08 10:00:00,270.884,18.48,70.6,5.89
2025-07-08 11:00:00,305.724,19.55,78.7,2.77
2025-07-08 12:00:00,343.339,21.71,72.5,3.12
2025-07-08 13:00:00,349.155,18.62,81.5,13.78
2025-07-08 14:00:00,350.171,20.45,75.3,0.75
2025-07-08 15:00:00,339.537,21.23,79.5,3.65
2025-07-08 16:00:00,316.924,19.7,78.0,5.08
2025-07-08 17:00:00,307.231,22.81,76.4,0.46
2025-07-08 18:00:00,279.545,21.5,60.8,0.51
2025-07-08 19:00:00,229.732,19.89,68.1,1.42
2025-07-08 20:00:00,190.794,21.57,71.0,1.53
2025-07-08 21:00:00,175.2,15.53,88.1,1.33
2025-07-08 22:00:00,154.601,17.14,90.7,1.58
2025-07-08 23:00:00,145.142,17.01,78.6,1.62
2025-07-09 00:00:00,156.349,14.36,79.6,2.74
2025-07-09 01:00:00,154.072,15.82,69.5,1.18
2025-07-09 02:00:00,160.155,13.27,90.0,2.14
2025-07-09 03:00:00,155.774,16.05,77.6,2.63
2025-07-09 04:00:00,147.504,16.74,97.7,1.9
2025-07-09 05:00:00,149.933,15.78,76.9,3.65
2025-07-09 06:00:00,164.136,12.86,98.0,6.96
2025-07-09 07:00:00,177.062,14.89,87.0,0.72
2025-07-09 08:00:00,209.193,18.07,71.9,1.09
2025-07-09 09:00:00,235.28,17.98,79.6,4.6
2025-07-09 10:00:00,276.741,14.41,87.9,3.31
2025-07-09 11:00:00,322.468,21.43,72.0,4.87
2025-07-09 12:00:00,340.948,20.28,80.0,4.39
2025-07-09 13:00:00,342.135,19.23,81.4,1.56
2025-07-09 14:00:00,352.268,22.43,75.6,7.33
2025-07-09 15:00:00,338.681,19.86,75.5,7.45
2025-07-09 16:00:00,317.617,19.74,68.7,1.12
2025-07-09 17:00:00,301.526,21.11,73.4,6.65
2025-07-09 18:00:00,288.823,22.91,72.4,7.14
2025-07-09 19:00:00,259.376,22.04,61.3,8.94
2025-07-09 20:00:00,199.458,19.29,77.4,4.45
2025-07-09 21:00:00,166.199,18.68,76.7,2.04
2025-07-09 22:00:00,158.618,18.43,69.8,1.47
2025-07-09 23:00:00,157.73,14.43,81.2,2.04
2025-07-10 00:00:00,140.214,16.87,77.9,0.83
2025-07-10 01:00:00,149.211,14.18,95.1,3.71
2025-07-10 02:00:00,142.874,15.57,82.9,2.34
2025-07-10 03:00:00,151.108,14.59,89.2,0.68
2025-07-10 04:00:00,151.477,15.86,80.5,1.5
2025-07-10 05:00:00,149.009,15.55,70.4,6.28
2025-07-10 06:00:00,165.191,10.92,92.1,3.76
2025-07-10 07:00:00,174.253,16.74,76.0,1.35
2025-07-10 08:00:00,207.965,18.21,75.9,8.78
2025-07-10 09:00:00,239.924,18.67,70.9,3.39
2025-07-10 10:00:00,276.852,18.57,77.8,0.92
2025-07-10 11:00:00,321.2,22.08,78.9,2.05
2025-07-10 12:00:00,344.573,20.58,80.2,0.63
2025-07-10 13:00:00,355.006,21.25,83.2,7.32
2025-07-10 14:00:00,372.979,22.53,82.2,4.98
2025-07-10 15:00:00,355.685,21.54,61.0,1.41
2025-07-10 16:00:00,321.002,19.42,69.1,0.35
2025-07-10 17:00:00,300.405,16.65,69.2,4.92
2025-07-10 18:00:00,254.63,19.31,80.2,3.31
2025-07-10 19:00:00,226.489,20.67,70.3,6.57
2025-07-10 20:00:00,168.61,18.17,75.0,0.21
2025-07-10 21:00:00,152.609,19.24,75.2,4.58
2025-07-10 22:00:00,139.51,17.42,81.3,2.56
2025-07-10 23:00:00,150.624,18.52,68.6,11.33
2025-07-11 00:00:00,147.738,15.37,74.3,0.85
2025-07-11 01:00:00,150.783,16.12,80.8,5.31
2025-07-11 02:00:00,157.294,15.88,88.4,4.67
2025-07-11 03:00:00,151.258,17.37,78.9,0.67
2025-07-11 04:00:00,165.939,12.34,81.4,2.13
2025-07-11 05:00:00,168.592,14.64,70.0,4.21
2025-07-11 06:00:00,161.499,17.2,85.0,1.41
2025-07-11 07:00:00,174.494,18.94,72.5,1.45
2025-07-11 08:00:00,209.453,17.58,71.9,5.76
2025-07-11 09:00:00,243.98,17.5,68.6,9.61
2025-07-11 10:00:00,283.266,19.96,66.8,5.41
2025-07-11 11:00:00,309.454,20.86,68.4,0.73
2025-07-11 12:00:00,324.901,19.51,74.6,0.07
2025-07-11 13:00:00,343.368,21.1,66.6,0.98
2025-07-11 14:00:00,366.358,22.76,72.7,4.55
2025-07-11 15:00:00,363.147,23.99,68.3,4.96
2025-07-11 16:00:00,331.202,22.05,85.9,1.96
2025-07-11 17:00:00,302.236,20.64,64.3,0.96
2025-07-11 18:00:00,260.91,20.0,76.4,2.11
2025-07-11 19:00:00,226.105,20.36,75.9,0.44
2025-07-11 20:00:00,181.913,18.56,71.2,3.48
2025-07-11 21:00:00,159.345,18.27,78.4,3.19
2025-07-11 22:00:00,154.61,15.5,86.3,0.9
2025-07-11 23:00:00,150.754,18.54,78.0,5.48
2025-07-12 00:00:00,162.31,14.03,92.1,2.83
2025-07-12 01:00:00,155.625,14.69,69.8,1.3
2025-07-12 02:00:00,160.15,15.24,77.0,3.59
2025-07-12 03:00:00,150.074,18.16,86.8,11.13
2025-07-12 04:00:00,158.652,14.4,88.7,0.48
2025-07-12 05:00:00,158.753,14.32,86.6,11.7
2025-07-12 06:00:00,161.105,14.98,89.8,2.81
2025-07-12 07:00:00,156.175,19.13,65.1,4.25
2025-07-12 08:00:00,166.516,12.7,90.4,4.5
2025-07-12 09:00:00,169.449,16.37,86.9,1.34
2025-07-12 10:00:00,193.681,23.13,67.1,1.92
2025-07-12 11:00:00,200.9,20.42,90.6,7.05
2025-07-12 12:00:00,198.351,18.33,78.9,7.97
2025-07-12 13:00:00,205.267,20.51,61.5,2.35
2025-07-12 14:00:00,217.082,20.98,76.3,9.88
2025-07-12 15:00:00,219.903,22.33,67.8,2.56
2025-07-12 16:00:00,220.148,23.82,77.0,5.09
2025-07-12 17:00:00,204.129,21.2,77.0,1.45
2025-07-12 18:00:00,177.014,19.24,72.9,4.84
2025-07-12 19:00:00,167.106,20.74,83.4,2.19
2025-07-12 20:00:00,154.851,17.64,84.3,13.33
2025-07-12 21:00:00,152.347,16.33,75.6,3.76
2025-07-12 22:00:00,163.113,14.39,82.3,9.11
2025-07-12 23:00:00,154.797,13.97,86.9,3.26
2025-07-13 00:00:00,155.699,14.43,81.0,2.85
2025-07-13 01:00:00,160.223,13.5,82.5,3.2
2025-07-13 02:00:00,155.137,15.59,81.8,10.7
2025-07-13 03:00:00,158.922,13.07,78.7,1.84
2025-07-13 04:00:00,180.566,10.06,75.9,12.95
2025-07-13 05:00:00,171.035,13.72,85.6,5.7
2025-07-13 06:00:00,165.18,15.11,70.3,10.32
2025-07-13 07:00:00,152.936,15.52,75.7,0.97
2025-07-13 08:00:00,155.546,19.64,65.3,5.0
2025-07-13 09:00:00,155.475,17.01,69.7,7.26
2025-07-13 10:00:00,184.358,20.17,77.7,7.4
2025-07-13 11:00:00,198.388,19.46,74.8,5.0
2025-07-13 12:00:00,200.478,20.04,73.8,2.05
2025-07-13 13:00:00,195.649,19.25,68.6,1.93
2025-07-13 14:00:00,208.905,20.79,70.4,1.83
2025-07-13 15:00:00,204.349,19.76,78.0,3.59
2025-07-13 16:00:00,208.927,21.16,73.5,3.15
2025-07-13 17:00:00,198.311,20.21,80.0,2.13
2025-07-13 18:00:00,159.201,18.6,83.2,2.43
2025-07-13 19:00:00,170.53,21.07,72.4,2.88
2025-07-13 20:00:00,159.223,19.45,65.1,0.28
2025-07-13 21:00:00,153.467,17.27,74.7,2.22
2025-07-13 22:00:00,151.315,17.44,78.4,1.72
2025-07-13 23:00:00,153.495,16.35,75.8,0.93
2025-07-14 00:00:00,161.676,14.48,76.8,0.99
2025-07-14 01:00:00,155.589,15.51,82.1,2.18
2025-07-14 02:00:00,156.877,14.1,98.2,3.71
2025-07-14 03:00:00,168.511,13.48,81.6,3.89
2025-07-14 04:00:00,167.959,12.5,85.9,4.3
2025-07-14 05:00:00,171.357,14.82,74.8,3.89
2025-07-14 06:00:00,154.27,16.78,87.4,1.9
2025-07-14 07:00:00,178.587,15.38,87.1,0.98
2025-07-14 08:00:00,222.239,21.25,78.5,1.23
2025-07-14 09:00:00,246.375,19.41,84.4,2.62
2025-07-14 10:00:00,282.175,20.86,71.6,3.19
2025-07-14 11:00:00,320.887,20.77,72.5,5.29
2025-07-14 12:00:00,347.276,23.08,81.3,7.45
2025-07-14 13:00:00,355.652,19.33,80.1,2.01
2025-07-14 14:00:00,342.557,16.79,66.6,3.27
2025-07-14 15:00:00,333.856,20.28,77.7,4.45
2025-07-14 16:00:00,330.257,21.78,69.4,2.89
2025-07-14 17:00:00,292.751,20.83,79.6,1.26
2025-07-14 18:00:00,263.67,20.56,77.1,1.47
2025-07-14 19:00:00,236.137,21.61,62.7,5.6
2025-07-14 20:00:00,181.618,19.38,77.9,2.13
2025-07-14 21:00:00,161.971,19.27,77.7,2.31
2025-07-14 22:00:00,162.862,15.71,83.6,0.25
2025-07-14 23:00:00,163.854,14.74,86.2,6.63
2025-07-15 00:00:00,155.88,18.46,86.5,4.55
2025-07-15 01:00:00,151.432,15.56,84.1,0.7
2025-07-15 02:00:00,153.863,14.1,83.8,4.14
2025-07-15 03:00:00,159.813,14.0,90.7,4.36
2025-07-15 04:00:00,154.935,14.06,97.2,9.03
2025-07-15 05:00:00,154.345,14.27,88.9,1.36
2025-07-15 06:00:00,156.166,13.82,85.3,3.97
2025-07-15 07:00:00,177.0,14.1,86.3,1.77
2025-07-15 08:00:00,211.402,16.91,81.3,1.69
2025-07-15 09:00:00,246.024,17.05,79.6,7.91
2025-07-15 10:00:00,285.383,20.55,87.6,5.63
2025-07-15 11:00:00,314.644,19.97,71.0,0.71
2025-07-15 12:00:00,328.118,20.54,81.6,0.6
2025-07-15 13:00:00,333.244,19.41,75.5,4.26
2025-07-15 14:00:00,348.912,20.7,65.5,2.48
2025-07-15 15:00:00,355.74,21.58,72.1,1.2
2025-07-15 16:00:00,342.194,22.04,69.3,4.32
2025-07-15 17:00:00,309.023,20.45,78.2,3.92
2025-07-15 18:00:00,276.754,21.85,73.4,2.83
2025-07-15 19:00:00,227.343,19.51,70.0,3.05
2025-07-15 20:00:00,187.543,20.04,84.2,1.29
2025-07-15 21:00:00,169.247,17.21,85.8,3.9
2025-07-15 22:00:00,170.444,14.32,92.9,10.03
2025-07-15 23:00:00,160.158,16.93,81.1,0.87
2025-07-16 00:00:00,150.024,17.04,79.3,5.49
2025-07-16 01:00:00,152.643,16.32,84.8,1.05
2025-07-16 02:00:00,151.876,15.78,77.8,4.8
2025-07-16 03:00:00,158.246,14.44,84.0,2.43
2025-07-16 04:00:00,166.054,13.81,83.0,4.89
2025-07-16 05:00:00,154.295,16.28,71.8,0.92
2025-07-16 06:00:00,147.706,16.56,81.0,3.15
2025-07-16 07:00:00,180.391,15.6,78.9,5.22
2025-07-16 08:00:00,212.0,19.0,75.3,3.24
2025-07-16 09:00:00,247.279,16.59,82.4,4.51
2025-07-16 10:00:00,276.237,17.84,86.1,1.91
2025-07-16 11:00:00,327.141,22.12,67.3,4.6
2025-07-16 12:00:00,351.509,21.51,71.3,7.85
2025-07-16 13:00:00,352.679,20.03,70.8,1.89
2025-07-16 14:00:00,354.383,21.36,68.5,4.46
2025-07-16 15:00:00,345.25,21.25,70.1,1.47
2025-07-16 16:00:00,322.115,16.5,79.1,8.42
2025-07-16 17:00:00,288.941,19.15,80.1,0.72
2025-07-16 18:00:00,263.751,20.04,77.3,3.76
2025-07-16 19:00:00,217.847,18.93,70.6,2.89
2025-07-16 20:00:00,186.481,19.17,84.3,1.9
2025-07-16 21:00:00,170.049,19.81,81.3,1.84
2025-07-16 22:00:00,158.111,16.71,74.6,2.69
2025-07-16 23:00:00,159.407,14.81,90.0,7.61
2025-07-17 00:00:00,162.72,16.4,82.4,3.41
2025-07-17 01:00:00,154.322,14.88,81.6,0.41
2025-07-17 02:00:00,153.448,14.85,84.8,0.59
2025-07-17 03:00:00,162.037,14.53,82.9,3.4
2025-07-17 04:00:00,156.382,18.69,80.5,5.92
2025-07-17 05:00:00,165.175,11.82,88.0,1.33
2025-07-17 06:00:00,158.38,15.26,80.0,3.25
2025-07-17 07:00:00,179.338,16.49,68.2,5.98
2025-07-17 08:00:00,214.065,15.97,84.2,3.65
2025-07-17 09:00:00,256.447,19.44,73.9,3.01
2025-07-17 10:00:00,290.496,20.08,80.0,2.14
2025-07-17 11:00:00,316.061,19.42,79.1,2.43
2025-07-17 12:00:00,331.082,19.69,73.8,4.63
2025-07-17 13:00:00,348.086,20.42,81.0,5.06
2025-07-17 14:00:00,344.982,20.73,75.6,4.99
2025-07-17 15:00:00,341.72,20.87,75.2,1.52
2025-07-17 16:00:00,324.399,20.6,73.7,0.13
2025-07-17 17:00:00,309.63,21.0,84.1,1.94
2025-07-17 18:00:00,284.413,21.33,69.3,5.41
2025-07-17 19:00:00,227.822,17.53,76.9,8.81
2025-07-17 20:00:00,175.221,17.1,72.0,1.12
2025-07-17 21:00:00,162.144,15.2,86.5,4.46
2025-07-17 22:00:00,151.688,18.61,73.9,1.62
2025-07-17 23:00:00,157.247,16.9,76.9,7.24
2025-07-18 00:00:00,155.547,16.68,76.9,5.34
2025-07-18 01:00:00,166.239,13.11,85.4,3.57
2025-07-18 02:00:00,155.861,17.96,70.8,3.78
2025-07-18 03:00:00,158.515,14.02,70.3,6.71
2025-07-18 04:00:00,153.33,15.37,84.6,0.46
2025-07-18 05:00:00,152.836,16.77,67.2,2.6
2025-07-18 06:00:00,154.553,14.3,88.5,0.98
2025-07-18 07:00:00,174.409,15.62,90.9,3.73
2025-07-18 08:00:00,201.827,17.51,77.9,3.17
2025-07-18 09:00:00,266.626,22.57,79.6,3.57
2025-07-18 10:00:00,285.393,19.26,76.3,0.84
2025-07-18 11:00:00,326.642,22.07,82.1,5.96
2025-07-18 12:00:00,345.629,22.05,69.8,4.81
2025-07-18 13:00:00,355.951,21.18,59.6,1.89
2025-07-18 14:00:00,345.917,19.31,75.9,5.08
2025-07-18 15:00:00,352.407,22.69,81.9,0.23
2025-07-18 16:00:00,315.261,18.5,80.7,1.01
2025-07-18 17:00:00,312.436,23.16,67.9,2.68
2025-07-18 18:00:00,270.439,20.44,76.8,2.18
2025-07-18 19:00:00,229.617,15.26,87.9,7.0
2025-07-18 20:00:00,178.139,18.23,77.4,4.57
2025-07-18 21:00:00,164.865,19.04,92.5,8.04
2025-07-18 22:00:00,155.276,16.84,76.7,0.7
2025-07-18 23:00:00,146.251,17.64,84.7,2.16
2025-07-19 00:00:00,153.967,14.51,87.7,0.96
2025-07-19 01:00:00,163.582,13.31,80.6,3.59
2025-07-19 02:00:00,161.864,14.98,79.9,0.7
2025-07-19 03:00:00,159.732,15.04,88.4,3.23
2025-07-19 04:00:00,156.283,14.54,83.9,1.44
2025-07-19 05:00:00,151.453,17.36,81.1,5.13
2025-07-19 06:00:00,160.205,14.51,73.3,2.7
2025-07-19 07:00:00,146.074,16.99,83.5,0.57
2025-07-19 08:00:00,141.849,17.33,80.9,5.72
2025-07-19 09:00:00,157.782,15.5,81.3,5.78
2025-07-19 10:00:00,169.845,16.66,82.2,4.93
2025-07-19 11:00:00,174.83,19.51,73.6,1.86
2025-07-19 12:00:00,214.012,23.28,67.2,4.22
2025-07-19 13:00:00,219.289,21.52,71.8,6.15
2025-07-19 14:00:00,190.846,18.13,75.2,2.49
2025-07-19 15:00:00,186.506,16.02,94.1,2.59
2025-07-19 16:00:00,197.475,22.06,78.0,2.99
2025-07-19 17:00:00,179.905,20.44,69.0,4.98
2025-07-19 18:00:00,182.918,21.94,84.9,3.33
2025-07-19 19:00:00,160.536,18.08,75.5,4.43
2025-07-19 20:00:00,159.395,19.33,76.5,2.39
2025-07-19 21:00:00,151.838,19.35,81.7,2.35
2025-07-19 22:00:00,153.594,16.5,68.5,4.55
2025-07-19 23:00:00,150.678,15.81,79.8,1.65
2025-07-20 00:00:00,150.918,15.91,77.7,1.14
2025-07-20 01:00:00,152.361,16.26,81.9,1.59
2025-07-20 02:00:00,155.417,15.07,84.5,2.26
2025-07-20 03:00:00,155.725,16.55,79.8,2.84
2025-07-20 04:00:00,159.816,14.35,82.6,1.87
2025-07-20 05:00:00,162.595,13.26,91.2,2.05
2025-07-20 06:00:00,159.915,19.03,78.6,3.71
2025-07-20 07:00:00,161.261,15.52,81.9,1.43
2025-07-20 08:00:00,156.814,16.3,81.5,4.87
2025-07-20 09:00:00,162.144,17.88,89.4,1.27
2025-07-20 10:00:00,170.662,18.87,78.0,2.79
2025-07-20 11:00:00,180.746,18.87,73.9,2.65
2025-07-20 12:00:00,198.001,20.08,63.8,6.97
2025-07-20 13:00:00,205.935,20.52,66.1,2.42
2025-07-20 14:00:00,211.836,21.16,71.0,5.36
2025-07-20 15:00:00,193.567,17.22,78.6,4.56
2025-07-20 16:00:00,206.686,23.89,66.6,1.78
2025-07-20 17:00:00,191.784,20.35,77.0,6.56
2025-07-20 18:00:00,183.038,21.04,70.5,1.85
2025-07-20 19:00:00,164.056,17.28,73.7,2.19
2025-07-20 20:00:00,153.191,18.01,81.9,3.92
2025-07-20 21:00:00,155.087,16.91,87.9,2.03
2025-07-20 22:00:00,154.9,19.56,69.4,0.72
2025-07-20 23:00:00,150.959,15.55,83.1,2.22
2025-07-21 00:00:00,147.035,17.07,68.1,2.19
2025-07-21 01:00:00,155.213,14.34,74.5,1.2
2025-07-21 02:00:00,157.279,14.36,79.8,2.76
2025-07-21 03:00:00,162.087,14.59,89.8,2.81
2025-07-21 04:00:00,157.405,17.14,74.7,3.72
2025-07-21 05:00:00,158.793,12.36,81.2,1.01
2025-07-21 06:00:00,161.435,13.75,84.4,1.07
2025-07-21 07:00:00,179.439,13.36,84.9,4.98
2025-07-21 08:00:00,213.824,15.46,77.0,1.24
2025-07-21 09:00:00,246.158,16.68,92.0,3.39
2025-07-21 10:00:00,286.212,16.17,79.2,2.35
2025-07-21 11:00:00,309.761,18.3,78.5,1.5
2025-07-21 12:00:00,329.984,16.88,77.4,6.91
2025-07-21 13:00:00,332.446,18.95,79.5,2.84
2025-07-21 14:00:00,350.57,22.8,78.9,1.7
2025-07-21 15:00:00,342.19,21.62,83.1,0.58
2025-07-21 16:00:00,335.654,21.18,69.2,4.34
2025-07-21 17:00:00,291.36,18.97,83.4,1.23
2025-07-21 18:00:00,252.691,17.64,82.0,6.51
2025-07-21 19:00:00,209.05,17.66,84.5,2.61
2025-07-21 20:00:00,172.295,18.69,76.7,13.03
2025-07-21 21:00:00,162.754,19.37,75.2,2.19
2025-07-21 22:00:00,153.807,18.65,82.9,1.19
2025-07-21 23:00:00,139.253,17.49,84.6,2.88
2025-07-22 00:00:00,146.021,14.67,92.3,1.65
2025-07-22 01:00:00,152.176,15.41,83.0,0.31
2025-07-22 02:00:00,158.389,14.56,82.4,5.12
2025-07-22 03:00:00,158.395,14.65,68.1,3.45
2025-07-22 04:00:00,152.356,18.33,68.1,1.4
2025-07-22 05:00:00,157.341,12.55,83.5,1.0
2025-07-22 06:00:00,153.315,15.47,75.1,1.11
2025-07-22 07:00:00,176.399,18.41,82.5,2.77
2025-07-22 08:00:00,216.31,14.85,74.8,9.6
2025-07-22 09:00:00,247.531,16.94,76.7,2.32
2025-07-22 10:00:00,267.926,17.9,75.6,0.55
2025-07-22 11:00:00,297.009,19.11,83.9,1.22
2025-07-22 12:00:00,309.444,17.54,75.2,3.03
2025-07-22 13:00:00,332.827,21.52,76.0,1.43
2025-07-22 14:00:00,347.911,21.93,73.9,0.84
2025-07-22 15:00:00,349.331,21.78,78.3,2.38
2025-07-22 16:00:00,320.922,19.47,81.2,1.22
2025-07-22 17:00:00,304.446,20.71,74.2,3.16
2025-07-22 18:00:00,258.656,18.65,67.1,3.23
2025-07-22 19:00:00,210.894,18.94,75.5,3.98
2025-07-22 20:00:00,194.585,22.19,72.2,4.48
2025-07-22 21:00:00,158.616,18.12,79.7,1.36
2025-07-22 22:00:00,159.339,15.29,77.6,5.06
2025-07-22 23:00:00,143.201,16.76,86.8,2.01
2025-07-23 00:00:00,154.602,13.67,84.3,0.41
2025-07-23 01:00:00,166.078,13.44,79.1,4.66
2025-07-23 02:00:00,171.355,13.39,81.9,6.84
2025-07-23 03:00:00,164.97,14.25,95.0,2.27
2025-07-23 04:00:00,157.053,16.56,84.2,5.25
2025-07-23 05:00:00,151.554,16.28,86.9,2.41
2025-07-23 06:00:00,148.552,16.67,73.8,1.67
2025-07-23 07:00:00,183.488,14.7,78.7,2.44
2025-07-23 08:00:00,210.543,16.31,76.5,2.64
2025-07-23 09:00:00,240.13,18.39,78.8,3.04
2025-07-23 10:00:00,264.449,17.73,77.5,2.09
2025-07-23 11:00:00,302.835,19.01,73.8,4.52
2025-07-23 12:00:00,331.805,20.78,72.1,3.83
2025-07-23 13:00:00,336.731,20.0,70.6,1.11
2025-07-23 14:00:00,351.504,21.22,72.6,1.77
2025-07-23 15:00:00,358.7,23.5,77.2,4.35
2025-07-23 16:00:00,328.325,20.58,65.5,2.37
2025-07-23 17:00:00,314.6,22.44,74.1,1.44
2025-07-23 18:00:00,274.798,20.97,82.3,2.3
2025-07-23 19:00:00,215.737,17.11,78.3,0.69
2025-07-23 20:00:00,180.477,16.97,76.5,6.22
2025-07-23 21:00:00,158.283,16.62,85.7,2.71
2025-07-23 22:00:00,167.778,15.81,75.4,1.64
2025-07-23 23:00:00,154.895,16.31,80.4,0.65
2025-07-24 00:00:00,145.208,16.8,73.6,8.33
2025-07-24 01:00:00,151.646,17.35,67.9,0.59
2025-07-24 02:00:00,154.027,15.54,80.7,3.55
2025-07-24 03:00:00,159.91,14.23,75.9,2.1
2025-07-24 04:00:00,171.195,11.71,86.9,2.31
2025-07-24 05:00:00,156.137,15.46,88.5,2.52
2025-07-24 06:00:00,145.001,15.86,92.3,1.7
2025-07-24 07:00:00,180.799,16.73,80.5,2.66
2025-07-24 08:00:00,214.102,20.54,80.8,2.97
2025-07-24 09:00:00,259.769,19.93,77.9,4.16
2025-07-24 10:00:00,291.525,19.97,73.1,3.84
2025-07-24 11:00:00,304.692,17.9,66.8,1.13
2025-07-24 12:00:00,322.174,19.24,86.2,1.34
2025-07-24 13:00:00,351.669,20.39,68.6,5.07
2025-07-24 14:00:00,342.21,19.6,84.3,1.88
2025-07-24 15:00:00,342.418,21.74,76.2,3.41
2025-07-24 16:00:00,333.902,21.41,67.6,5.81
2025-07-24 17:00:00,291.23,18.8,79.0,2.78
2025-07-24 18:00:00,267.482,21.98,85.4,1.09
2025-07-24 19:00:00,225.092,19.61,85.2,1.1
2025-07-24 20:00:00,184.464,15.95,78.0,2.09
2025-07-24 21:00:00,166.926,17.86,74.1,2.1
2025-07-24 22:00:00,161.019,17.62,79.3,0.94
2025-07-24 23:00:00,141.282,18.0,77.2,1.27
2025-07-25 00:00:00,155.56,15.26,89.2,3.88
2025-07-25 01:00:00,148.782,16.65,84.5,5.13
2025-07-25 02:00:00,149.116,15.33,71.8,1.93
2025-07-25 03:00:00,158.278,12.82,88.2,0.06
2025-07-25 04:00:00,163.594,12.76,84.5,3.66
2025-07-25 05:00:00,147.857,17.12,79.7,0.5
2025-07-25 06:00:00,134.439,17.72,80.1,0.73
2025-07-25 07:00:00,173.581,16.94,86.9,2.27
2025-07-25 08:00:00,217.665,19.54,81.9,6.01
2025-07-25 09:00:00,252.645,19.62,71.4,4.29
2025-07-25 10:00:00,281.518,19.8,75.3,3.99
2025-07-25 11:00:00,305.496,17.97,75.6,2.29
2025-07-25 12:00:00,343.284,22.82,61.4,0.86
2025-07-25 13:00:00,353.545,21.38,72.8,5.42
2025-07-25 14:00:00,341.778,20.21,86.2,0.89
2025-07-25 15:00:00,337.094,19.86,65.3,3.34
2025-07-25 16:00:00,325.209,21.23,73.5,2.91
2025-07-25 17:00:00,286.918,17.85,78.1,0.79
2025-07-25 18:00:00,266.05,21.17,75.5,0.48
2025-07-25 19:00:00,220.488,17.9,72.6,3.98
2025-07-25 20:00:00,181.14,19.29,67.8,2.61
2025-07-25 21:00:00,160.555,17.09,71.2,5.4
2025-07-25 22:00:00,156.094,16.73,88.0,3.23
2025-07-25 23:00:00,160.827,15.21,76.2,2.95
2025-07-26 00:00:00,162.927,15.53,78.7,0.32
2025-07-26 01:00:00,147.426,18.33,90.4,2.88
2025-07-26 02:00:00,151.142,17.22,74.9,2.4
2025-07-26 03:00:00,147.478,15.47,83.8,3.26
2025-07-26 04:00:00,158.201,14.97,88.8,2.41
2025-07-26 05:00:00,150.145,16.66,86.2,2.36
2025-07-26 06:00:00,149.802,17.59,70.8,2.24
2025-07-26 07:00:00,160.34,15.08,78.0,1.5
2025-07-26 08:00:00,154.064,17.01,81.4,3.95
2025-07-26 09:00:00,170.163,14.99,94.0,12.5
2025-07-26 10:00:00,182.197,20.48,70.2,0.84
2025-07-26 11:00:00,203.953,22.71,68.6,1.16
2025-07-26 12:00:00,210.941,20.16,77.7,3.94
2025-07-26 13:00:00,200.357,17.1,83.2,2.04
2025-07-26 14:00:00,203.347,21.78,77.0,1.73
2025-07-26 15:00:00,200.225,19.46,71.1,0.48
2025-07-26 16:00:00,194.334,19.74,72.6,1.22
2025-07-26 17:00:00,190.164,21.51,74.6,1.05
2025-07-26 18:00:00,170.151,20.44,82.4,0.51
2025-07-26 19:00:00,152.929,18.63,75.9,4.92
2025-07-26 20:00:00,144.384,17.64,78.6,2.78
2025-07-26 21:00:00,148.797,18.11,71.9,11.72
2025-07-26 22:00:00,142.251,16.48,91.5,3.01
2025-07-26 23:00:00,154.233,14.63,83.8,0.91
2025-07-27 00:00:00,156.675,15.23,88.5,3.22
2025-07-27 01:00:00,161.021,15.83,81.4,3.72
2025-07-27 02:00:00,163.005,14.7,83.3,1.61
2025-07-27 03:00:00,165.652,12.62,76.7,3.64
2025-07-27 04:00:00,149.593,16.57,67.3,3.58
2025-07-27 05:00:00,164.418,10.91,95.6,1.29
2025-07-27 06:00:00,167.284,15.05,82.8,4.13
2025-07-27 07:00:00,162.248,15.39,83.1,3.12
2025-07-27 08:00:00,154.806,17.35,71.6,2.59
2025-07-27 09:00:00,157.662,18.78,71.7,2.79
2025-07-27 10:00:00,179.596,20.47,81.1,0.9
2025-07-27 11:00:00,176.898,18.25,88.3,6.37
2025-07-27 12:00:00,202.667,20.95,70.3,2.02
2025-07-27 13:00:00,204.711,20.8,78.3,1.86
2025-07-27 14:00:00,186.529,18.05,79.3,3.31
2025-07-27 15:00:00,228.265,23.93,69.2,10.6
2025-07-27 16:00:00,197.266,18.48,88.6,4.25
2025-07-27 17:00:00,190.182,21.16,71.1,2.04
2025-07-27 18:00:00,168.0,20.63,82.0,3.28
2025-07-27 19:00:00,165.246,19.83,77.9,3.26
2025-07-27 20:00:00,155.481,17.87,78.3,2.57
2025-07-27 21:00:00,152.337,19.21,84.7,0.94
2025-07-27 22:00:00,161.934,14.61,84.7,4.34
2025-07-27 23:00:00,160.208,16.28,80.0,1.76
2025-07-28 00:00:00,161.385,14.84,90.9,1.39
2025-07-28 01:00:00,152.974,14.18,91.0,1.91
2025-07-28 02:00:00,150.578,15.65,88.7,5.16
2025-07-28 03:00:00,156.808,16.59,56.9,1.73
2025-07-28 04:00:00,160.037,14.42,85.9,2.38
2025-07-28 05:00:00,157.553,16.51,81.6,8.9
2025-07-28 06:00:00,151.59,15.82,81.0,1.82
2025-07-28 07:00:00,178.55,14.93,86.1,2.31
2025-07-28 08:00:00,215.488,16.67,81.6,2.54
2025-07-28 09:00:00,250.466,17.38,83.1,1.81
2025-07-28 10:00:00,279.329,17.53,77.3,2.29
2025-07-28 11:00:00,313.155,20.05,84.3,2.78
2025-07-28 12:00:00,336.614,20.36,79.6,1.74
2025-07-28 13:00:00,332.844,17.92,81.6,0.45
2025-07-28 14:00:00,324.197,18.12,81.0,0.69
2025-07-28 15:00:00,330.744,21.54,80.2,2.47
2025-07-28 16:00:00,322.167,19.46,82.3,6.98
2025-07-28 17:00:00,300.673,20.94,73.4,2.01
2025-07-28 18:00:00,274.677,21.23,79.6,3.08
2025-07-28 19:00:00,224.937,17.33,80.2,5.42
2025-07-28 20:00:00,182.146,16.38,92.0,3.61
2025-07-28 21:00:00,173.25,20.54,81.2,2.53
2025-07-28 22:00:00,158.499,17.65,74.9,2.32
2025-07-28 23:00:00,152.494,15.69,95.4,1.47
2025-07-29 00:00:00,164.473,14.22,70.9,4.26
2025-07-29 01:00:00,160.989,14.42,87.0,5.2
2025-07-29 02:00:00,165.796,13.04,81.0,0.03
2025-07-29 03:00:00,153.174,16.25,91.9,4.28
2025-07-29 04:00:00,160.572,13.7,85.7,3.76
2025-07-29 05:00:00,149.705,16.99,74.9,1.91
2025-07-29 06:00:00,154.338,15.08,80.7,1.47
2025-07-29 07:00:00,186.828,14.67,78.6,3.43
2025-07-29 08:00:00,214.19,16.38,78.6,0.69
2025-07-29 09:00:00,264.317,13.64,82.3,1.96
2025-07-29 10:00:00,285.95,18.42,73.1,3.07
2025-07-29 11:00:00,308.732,19.07,78.3,5.92
2025-07-29 12:00:00,339.58,21.28,76.0,7.49
2025-07-29 13:00:00,337.83,17.42,73.0,1.03
2025-07-29 14:00:00,359.608,22.6,61.8,3.25
2025-07-29 15:00:00,349.005,22.15,74.3,2.53
2025-07-29 16:00:00,342.874,22.74,74.8,3.91
2025-07-29 17:00:00,300.935,20.35,79.3,2.25
2025-07-29 18:00:00,277.397,21.58,76.5,4.06
2025-07-29 19:00:00,229.748,16.98,89.1,3.02
2025-07-29 20:00:00,187.411,19.76,81.7,1.61
2025-07-29 21:00:00,155.763,16.6,96.2,4.09
2025-07-29 22:00:00,151.733,14.42,100.0,2.29
2025-07-29 23:00:00,159.759,14.54,72.5,2.67
2025-07-30 00:00:00,145.766,15.7,68.2,1.2
2025-07-30 01:00:00,159.409,13.89,83.9,2.07
2025-07-30 02:00:00,162.903,15.52,84.7,5.84
2025-07-30 03:00:00,174.791,11.92,86.3,1.65
2025-07-30 04:00:00,177.928,11.51,91.5,7.52
2025-07-30 05:00:00,160.281,17.41,77.4,2.75
2025-07-30 06:00:00,153.345,17.14,75.2,3.14
2025-07-30 07:00:00,176.306,14.63,79.7,1.41
2025-07-30 08:00:00,212.363,17.03,78.4,4.27
2025-07-30 09:00:00,253.963,19.44,81.2,0.64
2025-07-30 10:00:00,285.423,19.26,73.5,2.11
2025-07-30 11:00:00,307.812,19.55,74.3,1.41
2025-07-30 12:00:00,341.645,21.69,76.5,0.77
2025-07-30 13:00:00,348.681,19.24,75.3,3.9
2025-07-30 14:00:00,355.461,20.76,81.0,2.18
2025-07-30 15:00:00,349.519,20.78,68.8,2.67
2025-07-30 16:00:00,319.233,20.27,68.2,1.47
2025-07-30 17:00:00,296.243,19.79,77.5,4.49
2025-07-30 18:00:00,267.182,20.05,77.8,3.0
2025-07-30 19:00:00,231.136,19.37,71.1,6.57
2025-07-30 20:00:00,182.957,16.91,87.8,1.55
2025-07-30 21:00:00,170.35,19.09,88.2,1.54
2025-07-30 22:00:00,154.55,15.47,78.0,3.64
2025-07-30 23:00:00,158.255,15.96,90.0,7.01
2025-07-31 00:00:00,159.421,15.19,67.8,1.73
2025-07-31 01:00:00,159.074,15.76,87.8,0.24
2025-07-31 02:00:00,175.998,11.49,82.2,0.88
2025-07-31 03:00:00,159.386,16.21,86.6,5.84
2025-07-31 04:00:00,168.925,13.8,78.3,2.04
2025-07-31 05:00:00,161.684,17.14,79.0,8.01
2025-07-31 06:00:00,158.618,14.9,77.7,1.02
2025-07-31 07:00:00,176.678,16.2,79.4,3.66
2025-07-31 08:00:00,217.912,20.07,86.3,3.71
2025-07-31 09:00:00,245.954,17.34,78.5,0.69
2025-07-31 10:00:00,287.007,20.54,87.3,0.71
2025-07-31 11:00:00,307.155,19.35,74.0,2.1
2025-07-31 12:00:00,336.304,20.57,83.6,3.89
2025-07-31 13:00:00,345.881,20.49,65.0,3.33
2025-07-31 14:00:00,361.485,22.04,70.8,2.25
2025-07-31 15:00:00,348.642,19.69,72.6,2.19
2025-07-31 16:00:00,315.31,19.11,85.9,0.34
2025-07-31 17:00:00,289.392,19.36,77.4,1.24
2025-07-31 18:00:00,264.72,20.06,62.8,0.57
2025-07-31 19:00:00,223.01,18.93,69.0,3.28
2025-07-31 20:00:00,177.109,19.7,69.7,0.89
2025-07-31 21:00:00,171.352,19.87,81.2,5.78
2025-07-31 22:00:00,159.708,15.45,86.6,2.67
2025-07-31 23:00:00,158.847,15.11,80.4,1.21
2025-08-01 00:00:00,161.245,13.33,81.4,5.17
2025-08-01 01:00:00,154.398,18.4,81.9,0.81
2025-08-01 02:00:00,153.158,15.34,75.1,0.83
2025-08-01 03:00:00,157.791,15.52,84.4,1.17
2025-08-01 04:00:00,166.161,12.71,87.8,5.19
2025-08-01 05:00:00,161.707,15.15,80.5,8.06
2025-08-01 06:00:00,155.816,16.45,82.8,0.57
2025-08-01 07:00:00,181.1,15.85,81.8,14.2
2025-08-01 08:00:00,219.131,18.7,80.2,3.98
2025-08-01 09:00:00,263.003,21.45,65.4,1.79
2025-08-01 10:00:00,280.997,17.01,83.3,3.73
2025-08-01 11:00:00,301.222,17.62,84.9,5.26
2025-08-01 12:00:00,318.829,18.47,79.5,1.23
2025-08-01 13:00:00,358.82,22.92,74.9,5.28
2025-08-01 14:00:00,359.443,22.32,71.5,2.53
2025-08-01 15:00:00,342.898,20.54,80.0,0.56
2025-08-01 16:00:00,326.603,20.71,74.8,3.95
2025-08-01 17:00:00,301.086,19.04,69.9,6.77
2025-08-01 18:00:00,277.555,21.3,78.5,3.45
2025-08-01 19:00:00,231.022,18.64,67.5,0.99
2025-08-01 20:00:00,178.821,18.11,79.7,3.49
2025-08-01 21:00:00,166.945,18.73,74.9,3.08
2025-08-01 22:00:00,162.255,16.68,77.4,3.71
2025-08-01 23:00:00,159.086,15.88,82.2,0.52
2025-08-02 00:00:00,159.054,15.62,77.3,0.6
2025-08-02 01:00:00,151.201,16.39,83.5,1.62
2025-08-02 02:00:00,156.167,17.46,79.3,4.61
2025-08-02 03:00:00,155.154,15.66,77.8,4.13
2025-08-02 04:00:00,157.048,16.11,88.9,4.98
2025-08-02 05:00:00,162.021,14.8,83.9,3.76
2025-08-02 06:00:00,156.818,14.47,86.9,4.39
2025-08-02 07:00:00,150.405,17.27,87.7,3.06
2025-08-02 08:00:00,148.684,17.22,87.7,2.26
2025-08-02 09:00:00,162.179,15.44,85.3,4.04
2025-08-02 10:00:00,165.985,17.97,76.4,0.9
2025-08-02 11:00:00,186.134,19.09,68.1,1.14
2025-08-02 12:00:00,188.002,19.02,78.0,0.81
2025-08-02 13:00:00,209.082,22.69,78.2,2.9
2025-08-02 14:00:00,210.991,21.39,75.6,0.91
2025-08-02 15:00:00,221.228,22.92,50.6,0.21
2025-08-02 16:00:00,209.514,21.04,79.2,0.68
2025-08-02 17:00:00,195.631,20.45,80.4,6.78
2025-08-02 18:00:00,169.334,18.34,75.9,2.92
2025-08-02 19:00:00,161.975,19.24,82.4,5.16
2025-08-02 20:00:00,149.684,18.52,81.2,0.58
2025-08-02 21:00:00,149.794,15.53,77.5,3.64
2025-08-02 22:00:00,145.351,16.08,88.5,0.83
2025-08-02 23:00:00,150.478,15.7,73.8,3.56
2025-08-03 00:00:00,155.748,16.23,80.3,4.98
2025-08-03 01:00:00,156.376,15.82,80.3,3.97
2025-08-03 02:00:00,161.61,13.86,79.0,2.69
2025-08-03 03:00:00,155.814,15.43,83.6,6.54
2025-08-03 04:00:00,170.932,14.5,91.0,4.6
2025-08-03 05:00:00,174.314,10.5,96.2,1.34
2025-08-03 06:00:00,165.248,14.79,87.0,0.87
2025-08-03 07:00:00,159.944,17.91,68.1,11.12
2025-08-03 08:00:00,161.317,14.22,75.5,1.42
2025-08-03 09:00:00,155.509,17.87,79.4,2.33
2025-08-03 10:00:00,183.061,21.0,73.8,1.09
2025-08-03 11:00:00,176.887,17.97,75.3,4.43
2025-08-03 12:00:00,199.52,19.81,87.1,1.19
2025-08-03 13:00:00,195.801,18.2,78.6,2.6
2025-08-03 14:00:00,218.03,23.19,74.2,3.47
2025-08-03 15:00:00,202.827,20.55,80.6,1.52
2025-08-03 16:00:00,193.04,20.66,74.8,3.43
2025-08-03 17:00:00,197.486,22.45,87.5,7.61
2025-08-03 18:00:00,187.878,20.86,68.5,3.05
2025-08-03 19:00:00,162.847,17.78,74.9,4.17
2025-08-03 20:00:00,153.398,17.43,73.3,1.89
2025-08-03 21:00:00,150.399,18.48,86.9,1.76
2025-08-03 22:00:00,161.381,15.91,85.9,0.82
2025-08-03 23:00:00,165.238,12.8,82.2,2.86
2025-08-04 00:00:00,167.613,15.44,76.6,5.21
2025-08-04 01:00:00,168.852,12.68,94.0,4.02
2025-08-04 02:00:00,151.615,17.34,81.3,1.75
2025-08-04 03:00:00,155.418,14.93,91.0,2.04
2025-08-04 04:00:00,165.004,13.3,84.4,7.68
2025-08-04 05:00:00,167.553,13.93,87.0,3.68
2025-08-04 06:00:00,161.561,12.5,87.7,4.51
2025-08-04 07:00:00,188.88,14.39,79.5,4.9
2025-08-04 08:00:00,210.06,18.5,76.6,1.82
2025-08-04 09:00:00,254.232,21.22,66.6,1.64
2025-08-04 10:00:00,278.807,19.59,78.9,1.79
2025-08-04 11:00:00,302.877,19.0,81.4,1.61
2025-08-04 12:00:00,323.143,19.08,82.6,6.66
2025-08-04 13:00:00,330.405,18.72,81.2,2.24
2025-08-04 14:00:00,354.857,23.84,69.3,6.02
2025-08-04 15:00:00,342.838,20.35,84.2,2.3
2025-08-04 16:00:00,340.123,23.93,75.3,2.41
2025-08-04 17:00:00,308.618,22.48,80.3,0.39
2025-08-04 18:00:00,258.779,16.98,88.3,1.71
2025-08-04 19:00:00,213.33,18.08,77.3,6.79
2025-08-04 20:00:00,174.811,17.35,81.4,6.61
2025-08-04 21:00:00,153.951,17.52,83.5,1.67
2025-08-04 22:00:00,143.646,16.78,73.0,0.23
2025-08-04 23:00:00,154.151,20.94,67.3,1.12
2025-08-05 00:00:00,153.182,13.76,76.3,1.66
2025-08-05 01:00:00,159.503,15.38,81.2,1.67
2025-08-05 02:00:00,161.649,15.7,79.4,1.67
2025-08-05 03:00:00,167.082,14.61,74.3,2.64
2025-08-05 04:00:00,159.11,14.89,83.5,1.01
2025-08-05 05:00:00,169.6,13.34,84.2,2.35
2025-08-05 06:00:00,162.811,15.66,88.6,3.2
2025-08-05 07:00:00,175.43,16.93,91.8,1.78
2025-08-05 08:00:00,204.43,17.36,81.8,2.74
2025-08-05 09:00:00,242.566,18.52,73.3,7.54
2025-08-05 10:00:00,286.863,20.65,78.4,4.15
2025-08-05 11:00:00,318.856,20.61,74.6,3.73
2025-08-05 12:00:00,333.551,19.84,74.2,1.9
2025-08-05 13:00:00,332.522,18.33,72.6,1.6
2025-08-05 14:00:00,343.363,19.55,73.2,2.46
2025-08-05 15:00:00,337.533,20.26,74.0,3.67
2025-08-05 16:00:00,324.597,20.91,78.9,3.03
2025-08-05 17:00:00,293.141,19.44,79.2,2.81
2025-08-05 18:00:00,253.723,18.23,88.8,4.62
2025-08-05 19:00:00,209.437,17.21,83.4,3.52
2025-08-05 20:00:00,173.131,15.74,83.9,4.42
2025-08-05 21:00:00,166.627,17.23,77.4,1.19
2025-08-05 22:00:00,155.743,14.48,76.9,0.86
2025-08-05 23:00:00,162.376,14.51,79.7,7.11
2025-08-06 00:00:00,160.994,14.82,78.5,0.21
2025-08-06 01:00:00,170.164,12.83,70.1,0.96
2025-08-06 02:00:00,163.494,15.28,76.0,1.89
2025-08-06 03:00:00,167.626,15.75,91.0,5.98
2025-08-06 04:00:00,166.343,13.79,86.3,0.83
2025-08-06 05:00:00,168.704,14.27,81.2,0.42
2025-08-06 06:00:00,162.037,16.31,83.0,1.25
2025-08-06 07:00:00,191.623,14.93,70.8,1.71
2025-08-06 08:00:00,219.636,15.54,83.3,2.71
2025-08-06 09:00:00,254.429,19.48,83.8,3.79
2025-08-06 10:00:00,285.122,19.76,75.0,4.73
2025-08-06 11:00:00,312.716,20.03,64.7,0.66
2025-08-06 12:00:00,338.343,21.17,71.3,0.18
2025-08-06 13:00:00,329.17,17.0,87.3,2.64
2025-08-06 14:00:00,351.616,22.63,73.3,0.82
2025-08-06 15:00:00,349.102,21.2,65.2,1.56
2025-08-06 16:00:00,330.1,22.08,86.7,1.98
2025-08-06 17:00:00,298.818,20.79,66.8,1.66
2025-08-06 18:00:00,267.566,19.77,74.3,0.36
2025-08-06 19:00:00,226.797,18.63,71.1,2.85
2025-08-06 20:00:00,181.412,18.93,70.7,8.89
2025-08-06 21:00:00,161.496,17.07,76.8,2.36
2025-08-06 22:00:00,153.972,18.18,81.8,9.84
2025-08-06 23:00:00,165.381,13.53,92.2,0.21
2025-08-07 00:00:00,159.928,14.54,80.7,1.23
2025-08-07 01:00:00,151.268,18.2,71.9,7.93
2025-08-07 02:00:00,165.147,13.63,87.2,1.2
2025-08-07 03:00:00,160.015,14.14,86.6,3.01
2025-08-07 04:00:00,162.852,13.22,86.3,2.4
2025-08-07 05:00:00,158.986,15.47,83.4,1.92
2025-08-07 06:00:00,168.734,14.23,82.8,4.77
2025-08-07 07:00:00,180.526,15.73,82.0,2.46
2025-08-07 08:00:00,205.281,18.11,77.0,4.19
2025-08-07 09:00:00,248.807,16.41,86.9,8.07
2025-08-07 10:00:00,286.573,19.56,89.4,4.87
2025-08-07 11:00:00,315.332,20.34,76.0,0.96
2025-08-07 12:00:00,344.195,21.34,73.5,11.25
2025-08-07 13:00:00,350.681,20.35,76.4,3.69
2025-08-07 14:00:00,371.173,25.61,63.6,2.08
2025-08-07 15:00:00,358.741,22.21,76.9,0.8
2025-08-07 16:00:00,339.988,20.94,76.7,2.59
2025-08-07 17:00:00,290.063,18.72,74.7,1.32
2025-08-07 18:00:00,254.545,19.49,81.5,0.61
2025-08-07 19:00:00,227.803,21.31,73.7,0.88
2025-08-07 20:00:00,190.364,21.04,68.1,0.5
2025-08-07 21:00:00,178.969,19.89,77.7,1.83
2025-08-07 22:00:00,152.778,18.01,79.6,2.23
2025-08-07 23:00:00,155.103,14.02,89.5,3.34
2025-08-08 00:00:00,157.154,16.14,85.8,3.62
2025-08-08 01:00:00,161.743,12.9,84.7,1.58
2025-08-08 02:00:00,171.978,12.2,83.5,1.76
2025-08-08 03:00:00,163.695,14.86,82.6,2.88
2025-08-08 04:00:00,160.359,15.42,84.0,0.92
2025-08-08 05:00:00,149.027,16.33,83.4,4.07
2025-08-08 06:00:00,152.518,16.16,82.6,1.89
2025-08-08 07:00:00,177.338,16.83,79.3,4.57
2025-08-08 08:00:00,214.082,15.13,88.2,2.68
2025-08-08 09:00:00,238.79,17.31,75.1,2.07
2025-08-08 10:00:00,279.3,15.85,96.1,5.5
2025-08-08 11:00:00,309.086,15.78,85.9,0.57
2025-08-08 12:00:00,333.147,20.79,67.5,3.22
2025-08-08 13:00:00,337.25,18.87,78.1,7.12
2025-08-08 14:00:00,355.09,21.78,77.6,2.77
2025-08-08 15:00:00,360.039,22.25,70.1,2.36
2025-08-08 16:00:00,330.821,19.39,67.3,4.65
2025-08-08 17:00:00,305.454,21.02,67.7,1.57
2025-08-08 18:00:00,258.508,18.54,80.7,1.96
2025-08-08 19:00:00,219.548,16.03,70.4,0.8
2025-08-08 20:00:00,169.427,18.46,68.9,1.49
2025-08-08 21:00:00,157.179,16.73,83.2,3.87
2025-08-08 22:00:00,159.135,16.0,79.7,2.01
2025-08-08 23:00:00,154.525,19.14,72.4,1.12
2025-08-09 00:00:00,162.823,12.87,82.4,5.66
2025-08-09 01:00:00,157.001,15.45,72.9,5.15
2025-08-09 02:00:00,163.945,12.95,88.2,1.25
2025-08-09 03:00:00,153.818,15.89,76.3,5.12
2025-08-09 04:00:00,153.386,15.01,79.2,3.8
2025-08-09 05:00:00,161.614,15.44,83.9,2.89
2025-08-09 06:00:00,161.714,13.8,82.5,7.43
2025-08-09 07:00:00,157.715,14.71,78.6,3.21
2025-08-09 08:00:00,149.724,18.14,66.1,1.35
2025-08-09 09:00:00,163.976,20.27,77.2,1.85
2025-08-09 10:00:00,172.264,18.98,77.3,0.54
2025-08-09 11:00:00,183.019,17.5,75.8,3.71
2025-08-09 12:00:00,192.676,20.1,69.0,7.35
2025-08-09 13:00:00,226.243,23.92,70.0,3.23
2025-08-09 14:00:00,214.027,20.5,77.6,2.89
2025-08-09 15:00:00,219.433,22.77,72.1,4.56
2025-08-09 16:00:00,204.744,19.15,86.4,4.05
2025-08-09 17:00:00,182.195,19.97,79.7,5.76
2025-08-09 18:00:00,174.294,20.55,74.0,2.45
2025-08-09 19:00:00,168.597,19.57,80.4,3.46
2025-08-09 20:00:00,153.046,16.99,79.9,2.35
2025-08-09 21:00:00,148.93,16.14,81.1,0.79
2025-08-09 22:00:00,143.781,18.24,85.6,0.96
2025-08-09 23:00:00,139.826,17.84,73.0,1.43
2025-08-10 00:00:00,141.615,17.68,78.8,0.76
2025-08-10 01:00:00,146.821,17.67,85.8,2.82
2025-08-10 02:00:00,154.369,14.7,84.7,4.77
2025-08-10 03:00:00,163.977,13.89,81.7,1.59
2025-08-10 04:00:00,160.136,16.65,69.9,0.43
2025-08-10 05:00:00,157.324,15.93,67.5,1.3
2025-08-10 06:00:00,164.317,13.69,96.7,2.02
2025-08-10 07:00:00,161.841,14.23,85.3,4.53
2025-08-10 08:00:00,140.967,17.4,75.5,2.62
2025-08-10 09:00:00,155.869,17.1,81.6,2.62
2025-08-10 10:00:00,168.814,18.12,72.3,3.58
2025-08-10 11:00:00,192.079,20.6,72.6,5.05
2025-08-10 12:00:00,209.896,20.72,68.7,7.16
2025-08-10 13:00:00,217.127,22.11,64.0,1.59
2025-08-10 14:00:00,203.972,17.19,66.7,2.45
2025-08-10 15:00:00,210.669,20.79,64.7,1.59
2025-08-10 16:00:00,207.805,21.4,79.6,3.44
2025-08-10 17:00:00,183.285,17.54,72.9,0.43
2025-08-10 18:00:00,169.541,18.46,80.8,8.49
2025-08-10 19:00:00,149.984,17.54,84.6,3.72
2025-08-10 20:00:00,149.669,18.2,78.0,3.31
2025-08-10 21:00:00,152.607,19.99,73.6,1.34
2025-08-10 22:00:00,151.229,19.85,76.4,1.81
2025-08-10 23:00:00,154.93,14.58,80.5,0.76
2025-08-11 00:00:00,160.36,16.06,88.1,1.27
2025-08-11 01:00:00,156.097,15.63,92.8,5.05
2025-08-11 02:00:00,149.017,15.06,91.0,0.54
2025-08-11 03:00:00,152.172,14.97,69.5,9.69
2025-08-11 04:00:00,159.787,14.92,79.9,5.75
2025-08-11 05:00:00,148.143,17.44,79.0,3.25
2025-08-11 06:00:00,138.616,16.98,82.4,1.19
2025-08-11 07:00:00,173.663,14.14,73.2,4.19
2025-08-11 08:00:00,206.055,17.83,68.0,3.91
2025-08-11 09:00:00,245.651,18.76,85.0,1.57
2025-08-11 10:00:00,274.604,18.62,74.0,3.66
2025-08-11 11:00:00,314.535,20.65,65.6,2.01
2025-08-11 12:00:00,334.481,19.76,69.1,0.39
2025-08-11 13:00:00,341.07,20.26,77.4,0.81
2025-08-11 14:00:00,346.863,20.43,69.9,5.61
2025-08-11 15:00:00,326.717,17.11,80.9,1.74
2025-08-11 16:00:00,318.117,20.11,69.4,1.39
2025-08-11 17:00:00,285.774,18.87,66.5,2.81
2025-08-11 18:00:00,244.252,17.56,87.4,0.25
2025-08-11 19:00:00,225.432,21.13,76.2,2.58
2025-08-11 20:00:00,185.218,18.92,74.9,2.95
2025-08-11 21:00:00,164.552,17.29,76.1,4.11
2025-08-11 22:00:00,162.251,15.66,90.3,0.97
2025-08-11 23:00:00,159.076,16.31,84.1,1.54
2025-08-12 00:00:00,153.326,16.75,86.8,2.9
2025-08-12 01:00:00,158.632,13.36,81.2,1.06
2025-08-12 02:00:00,157.231,14.38,83.6,3.08
2025-08-12 03:00:00,149.253,15.67,83.9,2.8
2025-08-12 04:00:00,170.952,11.29,84.3,0.23
2025-08-12 05:00:00,164.616,14.59,82.4,4.97
2025-08-12 06:00:00,154.838,14.48,79.6,1.09
2025-08-12 07:00:00,185.768,15.57,84.0,2.63
2025-08-12 08:00:00,219.855,15.71,73.5,8.58
2025-08-12 09:00:00,249.297,17.5,82.3,1.2
2025-08-12 10:00:00,290.423,21.14,75.7,3.6
2025-08-12 11:00:00,305.804,18.27,76.6,10.04
2025-08-12 12:00:00,331.365,19.87,78.3,4.0
2025-08-12 13:00:00,362.91,23.07,68.9,5.72
2025-08-12 14:00:00,346.58,19.3,72.4,0.87
2025-08-12 15:00:00,362.292,23.19,74.2,7.12
2025-08-12 16:00:00,334.036,20.19,78.7,0.4
2025-08-12 17:00:00,318.448,22.73,68.5,3.8
2025-08-12 18:00:00,271.474,20.61,71.0,2.55
2025-08-12 19:00:00,220.534,19.28,75.3,1.96
2025-08-12 20:00:00,178.206,17.96,75.0,1.69
2025-08-12 21:00:00,153.7,16.29,89.8,4.07
2025-08-12 22:00:00,150.265,16.63,82.0,1.34
2025-08-12 23:00:00,148.144,17.22,79.4,1.77
2025-08-13 00:00:00,152.645,15.09,76.7,3.82
2025-08-13 01:00:00,160.364,14.13,88.1,5.56
2025-08-13 02:00:00,164.455,13.93,80.2,2.33
2025-08-13 03:00:00,158.03,15.82,77.3,7.32
2025-08-13 04:00:00,157.958,16.29,85.2,2.94
2025-08-13 05:00:00,165.573,13.56,86.7,2.72
2025-08-13 06:00:00,169.036,14.04,68.7,13.52
2025-08-13 07:00:00,180.64,16.34,79.6,3.42
2025-08-13 08:00:00,214.603,18.9,77.7,9.2
2025-08-13 09:00:00,261.659,19.06,74.7,12.77
2025-08-13 10:00:00,281.634,16.0,82.0,0.91
2025-08-13 11:00:00,308.088,18.31,66.9,1.32
2025-08-13 12:00:00,311.7,17.86,61.4,0.5
2025-08-13 13:00:00,328.684,19.4,70.4,4.29
2025-08-13 14:00:00,351.77,22.7,73.3,4.33
2025-08-13 15:00:00,332.325,17.95,58.9,1.6
2025-08-13 16:00:00,307.914,17.54,73.8,0.2
2025-08-13 17:00:00,288.163,18.5,66.0,3.55
2025-08-13 18:00:00,257.379,19.81,74.2,0.56
2025-08-13 19:00:00,222.446,19.72,87.5,2.18
2025-08-13 20:00:00,177.555,18.71,75.9,4.46
2025-08-13 21:00:00,170.915,19.11,76.0,2.88
2025-08-13 22:00:00,164.725,13.63,89.3,5.53
2025-08-13 23:00:00,149.97,17.63,78.8,2.08
2025-08-14 00:00:00,151.914,14.55,81.7,1.38
2025-08-14 01:00:00,155.159,15.75,86.9,1.15
2025-08-14 02:00:00,162.647,12.16,89.2,4.38
2025-08-14 03:00:00,170.465,14.18,85.3,2.41
2025-08-14 04:00:00,164.195,14.65,82.1,1.31
2025-08-14 05:00:00,158.248,16.43,78.3,3.42
2025-08-14 06:00:00,167.556,12.52,91.4,0.45
2025-08-14 07:00:00,185.109,15.72,79.4,2.69
2025-08-14 08:00:00,220.558,14.66,90.3,3.17
2025-08-14 09:00:00,245.399,17.98,71.9,3.51
2025-08-14 10:00:00,283.448,19.19,85.1,7.35
2025-08-14 11:00:00,312.351,20.73,77.2,1.99
2025-08-14 12:00:00,319.831,18.44,71.8,3.21
2025-08-14 13:00:00,348.698,21.26,76.7,3.62
2025-08-14 14:00:00,358.727,22.25,68.3,2.43
2025-08-14 15:00:00,323.663,17.55,79.0,0.81
2025-08-14 16:00:00,319.327,21.05,71.0,4.68
2025-08-14 17:00:00,307.183,21.31,72.8,0.2
2025-08-14 18:00:00,260.838,18.88,82.6,0.86
2025-08-14 19:00:00,216.57,16.74,83.1,1.94
2025-08-14 20:00:00,172.644,19.46,69.4,0.86
2025-08-14 21:00:00,161.019,15.26,75.6,2.68
2025-08-14 22:00:00,152.588,16.11,82.5,5.91
2025-08-14 23:00:00,159.251,15.61,83.6,9.43
2025-08-15 00:00:00,155.229,16.14,76.8,2.47
2025-08-15 01:00:00,160.996,13.52,94.0,3.4
2025-08-15 02:00:00,162.572,13.12,89.9,2.67
2025-08-15 03:00:00,168.864,14.27,79.7,2.36
2025-08-15 04:00:00,156.884,15.83,76.9,2.37
2025-08-15 05:00:00,148.738,18.18,76.6,8.26
2025-08-15 06:00:00,160.48,12.58,83.8,0.27
2025-08-15 07:00:00,181.715,16.12,88.4,4.98
2025-08-15 08:00:00,219.959,14.6,88.9,1.19
2025-08-15 09:00:00,252.018,18.75,77.4,2.12
2025-08-15 10:00:00,283.231,16.39,84.5,0.82
2025-08-15 11:00:00,312.096,17.54,83.8,0.75
2025-08-15 12:00:00,317.127,18.3,78.1,5.55
2025-08-15 13:00:00,335.114,19.59,78.4,1.44
2025-08-15 14:00:00,341.921,20.53,78.2,2.6
2025-08-15 15:00:00,349.325,20.89,77.1,3.74
2025-08-15 16:00:00,327.946,20.01,70.7,7.34
2025-08-15 17:00:00,279.469,17.59,74.7,0.78
2025-08-15 18:00:00,263.73,20.4,73.1,7.67
2025-08-15 19:00:00,220.348,18.53,73.2,3.12
2025-08-15 20:00:00,186.228,19.75,66.9,3.01
2025-08-15 21:00:00,163.049,15.98,85.1,1.97
2025-08-15 22:00:00,165.361,13.78,86.2,1.72
2025-08-15 23:00:00,157.282,15.56,73.6,0.48
2025-08-16 00:00:00,150.355,17.01,78.1,6.24
2025-08-16 01:00:00,156.759,14.72,81.7,0.71
2025-08-16 02:00:00,161.81,13.84,85.1,1.54
2025-08-16 03:00:00,173.41,12.66,79.2,5.56
2025-08-16 04:00:00,157.985,16.97,71.5,2.32
2025-08-16 05:00:00,167.292,12.81,88.6,0.92
2025-08-16 06:00:00,162.062,13.78,74.9,4.74
2025-08-16 07:00:00,160.567,16.47,78.9,1.74
2025-08-16 08:00:00,161.163,13.31,82.8,1.51
2025-08-16 09:00:00,167.343,19.1,75.9,0.74
2025-08-16 10:00:00,174.073,18.83,78.6,1.63
2025-08-16 11:00:00,188.96,20.0,85.0,1.92
2025-08-16 12:00:00,202.837,20.07,65.7,3.68
2025-08-16 13:00:00,192.812,19.4,81.5,1.29
2025-08-16 14:00:00,190.247,18.25,62.8,6.36
2025-08-16 15:00:00,198.908,19.83,84.0,5.67
2025-08-16 16:00:00,193.239,18.39,65.4,5.67
2025-08-16 17:00:00,184.552,20.43,89.4,2.94
2025-08-16 18:00:00,163.084,20.47,72.4,4.51
2025-08-16 19:00:00,165.693,20.92,81.9,4.22
2025-08-16 20:00:00,154.853,18.43,84.1,5.24
2025-08-16 21:00:00,156.183,18.54,74.8,5.59
2025-08-16 22:00:00,156.007,15.81,79.1,4.35
2025-08-16 23:00:00,153.748,14.79,77.7,4.42
2025-08-17 00:00:00,159.339,15.63,86.2,4.13
2025-08-17 01:00:00,166.174,13.78,81.6,4.42
2025-08-17 02:00:00,160.303,14.53,78.1,2.74
2025-08-17 03:00:00,170.705,12.3,89.4,1.55
2025-08-17 04:00:00,167.975,12.69,80.3,0.95
2025-08-17 05:00:00,158.823,15.41,79.8,0.74
2025-08-17 06:00:00,151.435,16.29,81.2,1.04
2025-08-17 07:00:00,159.312,13.92,80.1,5.36
2025-08-17 08:00:00,157.234,17.29,76.2,7.01
2025-08-17 09:00:00,156.377,16.14,90.0,4.27
2025-08-17 10:00:00,170.124,17.8,77.3,3.17
2025-08-17 11:00:00,190.996,20.76,72.2,0.48
2025-08-17 12:00:00,200.016,20.41,73.8,2.38
2025-08-17 13:00:00,208.786,20.87,76.9,1.48
2025-08-17 14:00:00,218.228,22.95,65.1,1.48
2025-08-17 15:00:00,193.569,18.87,79.5,2.87
2025-08-17 16:00:00,178.228,18.32,79.3,4.25
2025-08-17 17:00:00,159.779,18.44,66.9,2.65
2025-08-17 18:00:00,151.151,18.71,88.0,10.6
2025-08-17 19:00:00,149.926,14.73,91.5,3.09
2025-08-17 20:00:00,151.147,17.44,74.2,0.4
2025-08-17 21:00:00,149.241,16.12,74.1,8.31
2025-08-17 22:00:00,146.48,17.47,80.3,2.54
2025-08-17 23:00:00,157.035,16.06,72.4,6.98
2025-08-18 00:00:00,164.422,13.85,92.2,0.72
2025-08-18 01:00:00,158.123,15.28,79.2,1.28
2025-08-18 02:00:00,155.785,15.19,91.9,1.02
2025-08-18 03:00:00,167.075,12.7,80.7,5.26
2025-08-18 04:00:00,178.37,13.25,84.2,6.21
2025-08-18 05:00:00,182.782,10.77,95.9,3.86
2025-08-18 06:00:00,177.775,13.07,83.2,3.28
2025-08-18 07:00:00,202.6,14.24,85.1,0.44
2025-08-18 08:00:00,222.036,16.27,87.2,1.4
2025-08-18 09:00:00,257.99,15.42,78.5,1.59
2025-08-18 10:00:00,282.278,16.89,72.2,0.58
2025-08-18 11:00:00,307.78,16.47,71.6,2.44
2025-08-18 12:00:00,323.267,19.33,79.8,3.93
2025-08-18 13:00:00,336.846,20.21,77.4,4.87
2025-08-18 14:00:00,343.076,20.47,81.1,4.14
2025-08-18 15:00:00,339.182,19.95,73.8,2.07
2025-08-18 16:00:00,315.214,17.36,70.5,1.69
2025-08-18 17:00:00,290.717,18.54,63.3,2.17
2025-08-18 18:00:00,253.022,18.4,94.8,2.39
2025-08-18 19:00:00,214.006,17.79,81.7,0.98
2025-08-18 20:00:00,173.292,17.83,79.3,1.77
2025-08-18 21:00:00,160.146,19.21,78.2,1.51
2025-08-18 22:00:00,152.168,17.46,70.4,7.63
2025-08-18 23:00:00,154.797,13.85,79.2,5.17
2025-08-19 00:00:00,154.307,15.83,91.7,3.9
2025-08-19 01:00:00,154.766,15.29,85.9,1.15
2025-08-19 02:00:00,170.381,12.68,81.1,4.49
2025-08-19 03:00:00,167.138,15.23,74.7,1.36
2025-08-19 04:00:00,167.786,13.71,81.1,4.53
2025-08-19 05:00:00,180.553,12.01,84.7,2.12
2025-08-19 06:00:00,168.141,15.47,94.0,5.81
2025-08-19 07:00:00,188.833,15.72,80.3,0.69
2025-08-19 08:00:00,218.174,15.73,74.2,4.37
2025-08-19 09:00:00,244.452,16.81,79.5,6.17
2025-08-19 10:00:00,275.158,16.49,81.9,2.22
2025-08-19 11:00:00,311.226,19.34,68.6,2.09
2025-08-19 12:00:00,324.749,18.92,79.3,2.62
2025-08-19 13:00:00,337.154,19.73,83.0,3.87
2025-08-19 14:00:00,343.39,20.34,75.8,1.63
2025-08-19 15:00:00,323.226,18.02,73.4,1.43
2025-08-19 16:00:00,313.281,18.33,74.6,8.42
2025-08-19 17:00:00,296.103,15.93,71.1,2.01
2025-08-19 18:00:00,263.352,19.89,74.7,2.5
2025-08-19 19:00:00,223.036,16.43,82.3,1.82
2025-08-19 20:00:00,179.739,17.86,73.0,4.1
2025-08-19 21:00:00,158.855,17.46,90.6,1.51
2025-08-19 22:00:00,148.098,17.06,84.3,2.35
2025-08-19 23:00:00,159.145,13.44,73.8,5.38
2025-08-20 00:00:00,163.037,14.58,72.4,4.89
2025-08-20 01:00:00,155.527,16.88,73.9,1.98
2025-08-20 02:00:00,144.435,16.65,89.5,2.68
2025-08-20 03:00:00,149.16,15.38,87.2,1.2
2025-08-20 04:00:00,153.589,14.44,92.9,2.67
2025-08-20 05:00:00,171.53,12.6,85.8,9.49
2025-08-20 06:00:00,159.078,15.83,80.0,4.66
2025-08-20 07:00:00,181.375,15.05,74.8,1.2
2025-08-20 08:00:00,207.77,16.92,81.8,0.59
2025-08-20 09:00:00,249.393,15.79,80.1,1.22
2025-08-20 10:00:00,279.67,17.3,77.8,0.85
2025-08-20 11:00:00,304.831,18.56,87.1,2.36
2025-08-20 12:00:00,331.57,19.32,75.6,5.7
2025-08-20 13:00:00,348.784,20.19,83.1,2.38
2025-08-20 14:00:00,331.958,18.77,67.6,1.53
2025-08-20 15:00:00,324.093,17.65,94.8,2.01
2025-08-20 16:00:00,326.254,22.3,69.9,3.81
2025-08-20 17:00:00,310.801,23.38,74.9,2.99
2025-08-20 18:00:00,265.888,19.64,81.1,1.25
2025-08-20 19:00:00,227.034,16.18,77.8,4.68
2025-08-20 20:00:00,186.898,16.34,85.4,1.03
2025-08-20 21:00:00,155.737,17.62,84.0,2.83
2025-08-20 22:00:00,150.673,18.17,73.7,1.79
2025-08-20 23:00:00,168.902,13.36,80.5,2.22
2025-08-21 00:00:00,171.605,14.41,83.5,1.08
2025-08-21 01:00:00,151.154,14.45,82.5,2.7
2025-08-21 02:00:00,163.257,15.22,90.5,0.97
2025-08-21 03:00:00,170.042,13.18,89.2,1.68
2025-08-21 04:00:00,165.343,11.33,87.1,2.12
2025-08-21 05:00:00,157.005,15.13,85.9,1.27
2025-08-21 06:00:00,160.404,16.41,68.1,6.41
2025-08-21 07:00:00,185.415,15.1,78.6,1.68
2025-08-21 08:00:00,210.783,16.61,81.9,2.0
2025-08-21 09:00:00,247.618,15.97,87.7,2.63
2025-08-21 10:00:00,280.901,16.16,82.0,0.73
2025-08-21 11:00:00,306.987,19.88,84.3,0.46
2025-08-21 12:00:00,326.382,19.47,81.3,2.12
2025-08-21 13:00:00,344.01,20.12,72.3,0.55
2025-08-21 14:00:00,353.178,22.03,71.7,3.31
2025-08-21 15:00:00,324.173,18.05,80.6,3.43
2025-08-21 16:00:00,305.748,18.75,74.5,3.31
2025-08-21 17:00:00,284.323,19.58,85.2,4.43
2025-08-21 18:00:00,245.825,17.95,71.6,2.11
2025-08-21 19:00:00,211.606,19.49,78.0,6.54
2025-08-21 20:00:00,173.716,17.21,83.7,3.07
2025-08-21 21:00:00,169.519,15.15,80.3,6.18
2025-08-21 22:00:00,156.852,16.06,77.7,4.29
2025-08-21 23:00:00,153.276,15.51,81.2,2.17
2025-08-22 00:00:00,152.468,16.04,85.8,3.06
2025-08-22 01:00:00,153.886,14.69,79.8,3.79
2025-08-22 02:00:00,161.433,14.5,76.7,0.43
2025-08-22 03:00:00,157.815,14.18,90.5,0.74
2025-08-22 04:00:00,163.438,13.46,86.9,7.4
2025-08-22 05:00:00,164.741,12.92,91.4,3.76
2025-08-22 06:00:00,166.545,15.0,87.0,5.27
2025-08-22 07:00:00,187.138,14.63,96.0,2.09
2025-08-22 08:00:00,222.885,18.59,84.1,6.27
2025-08-22 09:00:00,251.147,18.81,72.7,2.19
2025-08-22 10:00:00,282.688,18.45,80.4,3.74
2025-08-22 11:00:00,305.873,18.77,73.8,6.87
2025-08-22 12:00:00,318.966,18.64,74.6,4.08
2025-08-22 13:00:00,328.445,17.24,70.8,1.04
2025-08-22 14:00:00,331.341,19.22,74.8,2.32
2025-08-22 15:00:00,322.222,19.83,78.9,3.15
2025-08-22 16:00:00,318.569,19.93,75.1,3.92
2025-08-22 17:00:00,296.278,20.01,68.8,5.77
2025-08-22 18:00:00,263.123,20.26,65.9,3.95
2025-08-22 19:00:00,220.466,17.06,92.2,2.4
2025-08-22 20:00:00,178.808,16.35,82.5,2.02
2025-08-22 21:00:00,167.772,18.98,71.9,2.11
2025-08-22 22:00:00,156.648,17.12,82.2,1.71
2025-08-22 23:00:00,158.212,14.54,96.2,1.64
2025-08-23 00:00:00,164.904,14.3,87.1,5.19
2025-08-23 01:00:00,164.932,13.83,67.3,2.83
2025-08-23 02:00:00,165.622,13.74,100.0,1.73
2025-08-23 03:00:00,168.687,14.35,72.2,2.57
2025-08-23 04:00:00,148.273,17.75,77.3,1.83
2025-08-23 05:00:00,152.141,14.3,76.6,0.49
2025-08-23 06:00:00,153.156,15.53,77.2,3.98
2025-08-23 07:00:00,165.221,12.39,87.8,5.42
2025-08-23 08:00:00,167.01,15.04,69.9,4.78
2025-08-23 09:00:00,158.877,18.56,76.9,4.58
2025-08-23 10:00:00,164.711,18.01,85.1,0.98
2025-08-23 11:00:00,196.499,11.07,82.8,6.24
2025-08-23 12:00:00,207.276,19.79,67.4,1.58
2025-08-23 13:00:00,222.519,22.26,71.4,0.83
2025-08-23 14:00:00,206.856,16.3,78.6,0.24
2025-08-23 15:00:00,217.077,22.02,69.0,3.1
2025-08-23 16:00:00,194.811,15.05,75.2,6.35
2025-08-23 17:00:00,196.537,20.69,77.5,5.76
2025-08-23 18:00:00,164.122,18.7,80.8,2.64
2025-08-23 19:00:00,169.474,14.33,76.9,5.08
2025-08-23 20:00:00,159.207,18.08,72.5,9.71
2025-08-23 21:00:00,152.055,18.43,78.4,1.93
2025-08-23 22:00:00,156.961,16.4,74.7,3.64
2025-08-23 23:00:00,160.569,16.03,82.0,6.44
2025-08-24 00:00:00,163.156,13.74,93.0,0.86
2025-08-24 01:00:00,171.234,10.94,87.7,0.94
2025-08-24 02:00:00,167.236,14.73,75.5,7.14
2025-08-24 03:00:00,158.502,16.32,82.9,5.18
2025-08-24 04:00:00,158.075,15.43,80.7,1.46
2025-08-24 05:00:00,175.995,10.74,87.5,1.08
2025-08-24 06:00:00,176.718,11.97,89.5,0.96
2025-08-24 07:00:00,171.223,13.66,88.4,3.03
2025-08-24 08:00:00,166.317,13.19,85.1,1.48
2025-08-24 09:00:00,166.078,16.59,79.8,1.51
2025-08-24 10:00:00,160.775,17.92,90.7,0.97
2025-08-24 11:00:00,176.81,15.73,88.6,2.71
2025-08-24 12:00:00,194.956,19.88,80.6,0.86
2025-08-24 13:00:00,207.357,20.08,76.1,4.03
2025-08-24 14:00:00,199.693,18.54,71.4,5.88
2025-08-24 15:00:00,195.987,19.24,83.2,3.13
2025-08-24 16:00:00,188.803,16.3,81.5,5.17
2025-08-24 17:00:00,175.459,18.58,73.9,2.32
2025-08-24 18:00:00,157.483,18.65,75.8,1.31
2025-08-24 19:00:00,145.353,18.29,72.0,1.94
2025-08-24 20:00:00,144.376,17.9,84.7,0.59
2025-08-24 21:00:00,154.332,16.91,83.8,1.58
2025-08-24 22:00:00,151.777,15.32,83.0,2.23
2025-08-24 23:00:00,153.766,15.48,81.5,2.62
2025-08-25 00:00:00,153.264,15.93,77.0,5.28
2025-08-25 01:00:00,172.823,13.69,71.5,6.6
2025-08-25 02:00:00,163.574,14.05,75.2,3.03
2025-08-25 03:00:00,165.276,13.15,80.5,1.04
2025-08-25 04:00:00,167.19,12.51,80.5,1.03
2025-08-25 05:00:00,157.326,14.68,84.6,1.6
2025-08-25 06:00:00,157.165,13.43,89.5,1.38
2025-08-25 07:00:00,184.149,15.56,80.8,3.08
2025-08-25 08:00:00,218.175,15.71,89.9,1.09
2025-08-25 09:00:00,249.96,15.96,76.4,6.71
2025-08-25 10:00:00,285.601,16.69,79.2,4.71
2025-08-25 11:00:00,296.965,17.13,79.1,5.41
2025-08-25 12:00:00,316.207,15.93,87.6,1.54
2025-08-25 13:00:00,330.475,19.65,76.5,1.09
2025-08-25 14:00:00,337.239,19.71,76.6,1.46
2025-08-25 15:00:00,336.177,20.8,64.3,2.77
2025-08-25 16:00:00,310.63,18.49,72.1,2.55
2025-08-25 17:00:00,306.367,22.07,79.1,6.25
2025-08-25 18:00:00,265.65,17.96,65.8,7.04
2025-08-25 19:00:00,225.191,16.54,88.3,2.89
2025-08-25 20:00:00,182.487,15.63,84.5,0.74
2025-08-25 21:00:00,171.934,13.67,79.8,2.05
2025-08-25 22:00:00,164.135,18.12,73.0,12.69
2025-08-25 23:00:00,160.789,17.14,90.8,0.78
2025-08-26 00:00:00,161.739,15.21,90.6,3.18
2025-08-26 01:00:00,166.032,12.33,85.4,1.46
2025-08-26 02:00:00,161.23,16.37,81.3,9.04
2025-08-26 03:00:00,169.702,12.8,81.6,3.39
2025-08-26 04:00:00,166.628,13.04,86.0,1.47
2025-08-26 05:00:00,161.531,16.07,76.9,1.81
2025-08-26 06:00:00,158.823,15.3,81.5,0.4
2025-08-26 07:00:00,181.393,18.39,88.5,3.14
2025-08-26 08:00:00,210.098,15.99,80.4,3.21
2025-08-26 09:00:00,239.658,15.73,75.1,0.77
2025-08-26 10:00:00,275.318,16.16,72.6,3.99
2025-08-26 11:00:00,310.477,14.91,83.3,6.97
2025-08-26 12:00:00,312.447,18.04,73.6,0.94
2025-08-26 13:00:00,337.409,20.8,75.8,3.93
2025-08-26 14:00:00,349.418,20.22,65.4,4.0
2025-08-26 15:00:00,337.663,19.4,80.4,2.9
2025-08-26 16:00:00,311.316,17.67,72.3,3.04
2025-08-26 17:00:00,283.181,19.33,76.6,1.75
2025-08-26 18:00:00,263.554,20.11,73.2,0.38
2025-08-26 19:00:00,217.635,18.56,87.7,3.33
2025-08-26 20:00:00,175.639,17.41,80.1,4.66
2025-08-26 21:00:00,166.123,15.09,93.9,1.16
2025-08-26 22:00:00,155.254,16.98,83.0,1.48
2025-08-26 23:00:00,179.885,9.86,98.2,1.34
2025-08-27 00:00:00,170.681,14.78,81.5,3.51
2025-08-27 01:00:00,155.861,17.8,80.5,3.16
2025-08-27 02:00:00,169.747,10.98,95.3,1.23
2025-08-27 03:00:00,171.736,12.9,90.8,2.5
2025-08-27 04:00:00,168.296,13.38,87.9,2.57
2025-08-27 05:00:00,170.397,12.95,83.3,3.37
2025-08-27 06:00:00,158.819,15.83,80.3,1.91
2025-08-27 07:00:00,181.582,15.54,88.5,5.59
2025-08-27 08:00:00,211.289,15.76,89.4,3.41
2025-08-27 09:00:00,242.542,17.56,75.3,5.52
2025-08-27 10:00:00,273.333,17.09,75.0,3.34
2025-08-27 11:00:00,331.766,22.88,65.9,3.56
2025-08-27 12:00:00,335.838,18.65,82.3,0.63
2025-08-27 13:00:00,339.762,19.2,70.9,3.16
2025-08-27 14:00:00,335.565,16.45,85.3,2.46
2025-08-27 15:00:00,328.621,18.42,80.9,5.92
2025-08-27 16:00:00,331.624,21.02,70.7,5.35
2025-08-27 17:00:00,298.241,16.75,89.3,6.34
2025-08-27 18:00:00,256.301,14.96,73.7,1.51
2025-08-27 19:00:00,217.287,17.84,88.4,2.6
2025-08-27 20:00:00,185.317,19.26,78.4,6.75
2025-08-27 21:00:00,173.498,16.36,68.1,1.48
2025-08-27 22:00:00,165.194,14.97,92.0,5.94
2025-08-27 23:00:00,173.713,11.81,92.7,5.51
2025-08-28 00:00:00,167.115,14.81,80.1,2.53
2025-08-28 01:00:00,162.424,14.67,77.1,7.9
2025-08-28 02:00:00,172.983,10.46,79.3,5.67
2025-08-28 03:00:00,165.109,15.02,96.9,0.87
2025-08-28 04:00:00,158.405,14.54,77.5,7.11
2025-08-28 05:00:00,151.555,15.42,74.2,2.54
2025-08-28 06:00:00,159.561,15.02,84.0,3.5
2025-08-28 07:00:00,184.381,15.75,71.5,3.52
2025-08-28 08:00:00,220.177,16.27,74.7,4.14
2025-08-28 09:00:00,249.705,17.6,84.7,6.85
2025-08-28 10:00:00,287.672,14.08,86.5,3.47
2025-08-28 11:00:00,317.234,15.31,79.7,2.4
2025-08-28 12:00:00,323.63,17.15,79.5,1.2
2025-08-28 13:00:00,330.165,18.6,74.7,1.83
2025-08-28 14:00:00,338.861,19.73,75.4,5.41
2025-08-28 15:00:00,336.461,19.73,71.2,6.21
2025-08-28 16:00:00,324.021,20.89,70.7,2.0
2025-08-28 17:00:00,294.992,20.64,70.8,4.72
2025-08-28 18:00:00,254.674,16.93,75.3,1.7
2025-08-28 19:00:00,211.825,18.09,84.3,0.48
2025-08-28 20:00:00,177.395,15.63,86.1,0.75
2025-08-28 21:00:00,162.733,15.91,75.5,5.75
2025-08-28 22:00:00,158.237,15.95,73.9,0.51
2025-08-28 23:00:00,171.52,9.25,89.5,4.44
2025-08-29 00:00:00,156.376,17.86,91.3,3.28
2025-08-29 01:00:00,168.716,14.44,77.0,5.99
2025-08-29 02:00:00,169.275,12.28,85.2,3.02
2025-08-29 03:00:00,159.701,16.21,81.2,3.85
2025-08-29 04:00:00,165.964,12.67,85.0,3.22
2025-08-29 05:00:00,165.169,13.74,81.4,3.53
2025-08-29 06:00:00,162.78,13.23,91.8,2.67
2025-08-29 07:00:00,187.122,17.27,81.9,3.9
2025-08-29 08:00:00,220.276,15.18,87.2,2.18
2025-08-29 09:00:00,248.234,16.37,84.0,5.15
2025-08-29 10:00:00,275.039,18.83,82.4,2.98
2025-08-29 11:00:00,302.375,18.56,86.9,4.89
2025-08-29 12:00:00,308.584,18.16,86.0,1.5
2025-08-29 13:00:00,340.345,20.5,88.6,2.04
2025-08-29 14:00:00,356.956,23.09,78.4,0.76
2025-08-29 15:00:00,341.676,19.64,71.9,3.58
2025-08-29 16:00:00,319.838,19.21,81.6,3.47
2025-08-29 17:00:00,293.32,19.0,81.1,1.79
2025-08-29 18:00:00,266.854,20.35,86.4,2.77
2025-08-29 19:00:00,224.186,16.67,74.3,1.17
2025-08-29 20:00:00,185.683,16.46,83.7,5.5
2025-08-29 21:00:00,173.767,13.67,80.2,5.38
2025-08-29 22:00:00,178.816,13.46,87.6,2.67
2025-08-29 23:00:00,171.984,13.8,82.8,2.32
2025-08-30 00:00:00,166.723,13.83,86.9,0.62
2025-08-30 01:00:00,155.143,16.28,72.1,4.79
2025-08-30 02:00:00,159.029,14.0,88.6,1.37
2025-08-30 03:00:00,172.904,11.59,88.4,5.08
2025-08-30 04:00:00,173.776,11.98,87.5,0.74
2025-08-30 05:00:00,169.496,15.65,93.2,1.13
2025-08-30 06:00:00,158.109,15.73,79.1,0.93
2025-08-30 07:00:00,161.982,14.59,85.0,1.32
2025-08-30 08:00:00,160.787,14.56,83.6,11.19
2025-08-30 09:00:00,167.973,17.84,79.6,2.44
2025-08-30 10:00:00,174.127,15.23,95.4,4.3
2025-08-30 11:00:00,186.869,18.17,78.3,1.08
2025-08-30 12:00:00,206.54,21.8,69.5,1.51
2025-08-30 13:00:00,195.056,18.97,88.1,8.5
2025-08-30 14:00:00,196.994,17.7,76.8,2.51
2025-08-30 15:00:00,196.863,19.7,66.2,3.08
2025-08-30 16:00:00,180.42,18.19,73.5,3.75
2025-08-30 17:00:00,176.65,16.41,72.9,7.79
2025-08-30 18:00:00,164.497,19.29,65.6,0.19
2025-08-30 19:00:00,161.495,19.33,74.2,5.74
2025-08-30 20:00:00,162.035,16.32,80.1,6.54
2025-08-30 21:00:00,160.251,15.44,88.9,4.02
2025-08-30 22:00:00,165.963,13.73,88.0,2.17
2025-08-30 23:00:00,162.008,14.3,86.9,3.38
2025-08-31 00:00:00,169.207,12.94,79.9,1.02
2025-08-31 01:00:00,170.344,11.74,92.3,0.4
2025-08-31 02:00:00,155.203,16.09,89.2,3.09
2025-08-31 03:00:00,159.426,13.71,86.6,0.09
2025-08-31 04:00:00,160.724,13.98,86.4,1.75
2025-08-31 05:00:00,163.381,14.78,75.1,1.15
2025-08-31 06:00:00,153.945,15.07,88.6,2.16
2025-08-31 07:00:00,165.137,13.8,94.8,2.3
2025-08-31 08:00:00,155.72,15.62,83.5,0.89
2025-08-31 09:00:00,154.753,15.53,78.1,3.87
2025-08-31 10:00:00,162.444,17.44,78.0,6.27
2025-08-31 11:00:00,171.268,18.01,75.7,1.01
2025-08-31 12:00:00,183.685,17.47,76.8,0.95
2025-08-31 13:00:00,191.825,16.43,84.3,2.57
2025-08-31 14:00:00,188.852,19.09,78.3,0.41
2025-08-31 15:00:00,184.007,18.63,83.3,2.62
2025-08-31 16:00:00,179.247,15.83,83.5,5.74
2025-08-31 17:00:00,173.454,19.37,71.1,0.96
2025-08-31 18:00:00,165.361,19.63,72.9,7.45
2025-08-31 19:00:00,172.571,21.51,69.9,1.91
2025-08-31 20:00:00,152.854,16.11,79.7,2.14
2025-08-31 21:00:00,153.25,15.1,93.0,1.62
2025-08-31 22:00:00,171.206,13.41,96.4,4.65
2025-08-31 23:00:00,167.144,14.79,87.7,2.9
2025-09-01 00:00:00,163.521,14.08,84.4,2.0
2025-09-01 01:00:00,165.782,11.98,78.5,1.35
2025-09-01 02:00:00,174.03,12.7,86.9,3.26
2025-09-01 03:00:00,190.563,9.71,85.1,6.57
2025-09-01 04:00:00,168.116,14.46,92.9,2.15
2025-09-01 05:00:00,167.838,12.04,76.9,2.84
2025-09-01 06:00:00,166.808,13.7,86.5,0.63
2025-09-01 07:00:00,198.499,12.09,81.2,2.81
2025-09-01 08:00:00,232.959,14.17,83.5,11.29
2025-09-01 09:00:00,264.903,15.43,85.8,0.85
2025-09-01 10:00:00,281.182,16.63,86.2,3.46
2025-09-01 11:00:00,300.936,18.14,77.6,1.7
2025-09-01 12:00:00,331.239,20.3,79.5,0.59
2025-09-01 13:00:00,343.273,19.65,71.9,1.9
2025-09-01 14:00:00,346.828,20.31,76.4,9.61
2025-09-01 15:00:00,341.746,21.19,79.7,3.42
2025-09-01 16:00:00,318.506,19.68,77.8,3.15
2025-09-01 17:00:00,292.319,18.41,74.4,0.94
2025-09-01 18:00:00,257.573,19.61,74.3,5.41
2025-09-01 19:00:00,220.231,19.09,82.8,6.88
2025-09-01 20:00:00,179.593,17.69,72.1,6.7
2025-09-01 21:00:00,168.433,13.55,78.8,5.16
2025-09-01 22:00:00,167.073,13.75,87.8,1.24
2025-09-01 23:00:00,156.743,13.93,81.3,0.99
2025-09-02 00:00:00,157.861,14.91,73.8,0.35
2025-09-02 01:00:00,163.878,13.16,93.1,1.1
2025-09-02 02:00:00,162.701,14.71,76.2,3.34
2025-09-02 03:00:00,156.207,14.89,81.4,1.08
2025-09-02 04:00:00,160.654,14.81,79.0,5.59
2025-09-02 05:00:00,160.58,15.12,80.4,6.19
2025-09-02 06:00:00,176.324,12.01,81.3,5.96
2025-09-02 07:00:00,192.506,15.06,86.6,0.47
2025-09-02 08:00:00,218.968,14.04,84.4,3.16
2025-09-02 09:00:00,256.565,13.15,90.9,2.89
2025-09-02 10:00:00,282.228,16.1,77.2,5.84
2025-09-02 11:00:00,308.249,19.41,89.0,0.61
2025-09-02 12:00:00,322.594,18.65,65.9,2.86
2025-09-02 13:00:00,346.11,21.61,63.6,0.59
2025-09-02 14:00:00,353.179,18.97,87.4,5.26
2025-09-02 15:00:00,351.309,22.7,74.5,0.17
2025-09-02 16:00:00,329.274,18.97,78.9,9.47
2025-09-02 17:00:00,290.329,18.42,80.2,3.93
2025-09-02 18:00:00,248.732,15.86,84.6,2.57
2025-09-02 19:00:00,216.142,19.06,78.5,1.52
2025-09-02 20:00:00,185.441,15.76,75.5,6.03
2025-09-02 21:00:00,171.854,14.75,87.7,0.62
2025-09-02 22:00:00,156.995,17.06,83.5,0.16
2025-09-02 23:00:00,154.844,16.14,89.4,3.77
2025-09-03 00:00:00,153.639,15.39,92.4,2.42
2025-09-03 01:00:00,168.898,12.52,87.9,3.33
2025-09-03 02:00:00,168.593,12.72,78.2,2.98
2025-09-03 03:00:00,168.559,12.6,96.4,4.17
2025-09-03 04:00:00,167.41,14.05,77.6,2.58
2025-09-03 05:00:00,158.574,15.59,83.6,1.89
2025-09-03 06:00:00,166.729,14.17,82.0,2.64
2025-09-03 07:00:00,182.373,17.36,76.5,4.66
2025-09-03 08:00:00,210.913,16.36,85.1,4.89
2025-09-03 09:00:00,245.122,15.32,83.4,3.44
2025-09-03 10:00:00,269.545,17.8,81.6,0.25
2025-09-03 11:00:00,316.279,19.93,70.6,3.16
2025-09-03 12:00:00,337.195,21.02,72.9,0.51
2025-09-03 13:00:00,350.354,20.2,70.5,5.07
2025-09-03 14:00:00,335.451,18.64,76.1,4.6
2025-09-03 15:00:00,318.811,18.35,77.0,1.18
2025-09-03 16:00:00,310.014,19.52,87.1,4.07
2025-09-03 17:00:00,303.634,20.98,72.5,2.79
2025-09-03 18:00:00,252.943,18.51,64.7,1.4
2025-09-03 19:00:00,210.07,17.93,86.7,4.01
2025-09-03 20:00:00,180.053,16.56,82.9,7.24
2025-09-03 21:00:00,172.911,15.17,81.4,1.82
2025-09-03 22:00:00,167.683,14.66,80.2,3.48
2025-09-03 23:00:00,166.272,14.42,77.5,1.11
2025-09-04 00:00:00,153.29,16.24,92.3,1.52
2025-09-04 01:00:00,158.773,12.63,86.0,2.67
2025-09-04 02:00:00,160.517,12.8,75.1,1.34
2025-09-04 03:00:00,167.505,11.22,89.7,1.26
2025-09-04 04:00:00,166.078,13.86,91.2,0.96
2025-09-04 05:00:00,157.52,15.2,83.1,6.17
2025-09-04 06:00:00,156.642,16.09,75.5,4.73
2025-09-04 07:00:00,183.721,14.43,77.2,2.61
2025-09-04 08:00:00,214.391,15.75,75.8,4.96
2025-09-04 09:00:00,255.771,15.36,91.0,5.24
2025-09-04 10:00:00,275.049,17.23,78.8,2.29
2025-09-04 11:00:00,304.549,17.61,68.7,1.05
2025-09-04 12:00:00,322.714,17.82,80.8,3.5
2025-09-04 13:00:00,328.218,18.43,78.4,6.22
2025-09-04 14:00:00,340.254,19.23,73.8,4.45
2025-09-04 15:00:00,322.279,18.14,71.9,7.03
2025-09-04 16:00:00,310.606,18.12,71.7,5.2
2025-09-04 17:00:00,301.479,20.94,80.6,10.19
2025-09-04 18:00:00,271.14,22.07,74.0,3.66
2025-09-04 19:00:00,222.686,15.18,85.0,2.09
2025-09-04 20:00:00,185.594,14.37,84.8,4.67
2025-09-04 21:00:00,177.895,14.08,85.7,6.39
2025-09-04 22:00:00,166.967,14.67,80.1,3.18
2025-09-04 23:00:00,160.609,15.54,80.4,5.28
2025-09-05 00:00:00,161.403,14.34,90.3,1.92
2025-09-05 01:00:00,158.525,13.19,93.4,5.18
2025-09-05 02:00:00,172.251,13.47,77.2,13.37
2025-09-05 03:00:00,181.201,11.41,86.2,1.93
2025-09-05 04:00:00,180.443,12.23,91.3,3.34
2025-09-05 05:00:00,173.311,12.89,96.7,4.25
2025-09-05 06:00:00,174.369,10.86,98.9,2.51
2025-09-05 07:00:00,194.823,12.16,81.6,2.04
2025-09-05 08:00:00,224.688,12.95,92.9,2.87
2025-09-05 09:00:00,261.416,16.74,80.3,5.82
2025-09-05 10:00:00,282.012,16.69,86.3,0.65
2025-09-05 11:00:00,303.954,18.0,82.9,1.3
2025-09-05 12:00:00,332.375,14.7,75.2,2.45
2025-09-05 13:00:00,341.583,15.74,84.7,5.38
2025-09-05 14:00:00,337.204,19.48,82.2,2.85
2025-09-05 15:00:00,337.525,14.07,83.6,1.65
2025-09-05 16:00:00,320.023,20.37,73.4,7.52
2025-09-05 17:00:00,296.432,15.2,72.7,3.27
2025-09-05 18:00:00,253.979,18.99,80.9,2.01
2025-09-05 19:00:00,219.079,15.6,82.8,4.2
2025-09-05 20:00:00,171.833,17.97,72.7,4.06
2025-09-05 21:00:00,174.523,20.65,72.5,3.34
2025-09-05 22:00:00,167.094,11.1,88.8,1.56
2025-09-05 23:00:00,172.645,15.13,78.9,5.31
2025-09-06 00:00:00,178.751,10.41,88.8,8.4
2025-09-06 01:00:00,171.596,13.51,74.0,3.74
2025-09-06 02:00:00,173.889,12.2,94.4,0.75
2025-09-06 03:00:00,178.033,12.63,85.8,11.22
2025-09-06 04:00:00,183.636,11.07,81.3,4.18
2025-09-06 05:00:00,173.529,14.08,68.9,1.17
2025-09-06 06:00:00,187.571,10.99,94.2,5.12
2025-09-06 07:00:00,171.987,15.91,84.5,6.24
2025-09-06 08:00:00,166.934,13.99,85.1,2.94
2025-09-06 09:00:00,173.416,13.18,90.1,0.53
2025-09-06 10:00:00,173.413,18.75,82.3,3.46
2025-09-06 11:00:00,186.303,16.82,81.0,1.14
2025-09-06 12:00:00,209.08,20.6,73.0,4.27
2025-09-06 13:00:00,211.803,19.98,72.9,1.62
2025-09-06 14:00:00,187.573,17.05,82.1,3.93
2025-09-06 15:00:00,175.198,18.29,86.2,2.06
2025-09-06 16:00:00,175.303,18.52,76.9,3.58
2025-09-06 17:00:00,178.046,20.46,83.6,5.22
2025-09-06 18:00:00,159.187,18.25,80.1,5.32
2025-09-06 19:00:00,156.24,17.21,81.6,1.44
2025-09-06 20:00:00,159.625,15.88,95.6,2.27
2025-09-06 21:00:00,158.48,15.34,91.8,2.35
2025-09-06 22:00:00,146.803,16.74,90.0,3.41
2025-09-06 23:00:00,154.124,13.93,79.1,6.53
2025-09-07 00:00:00,165.065,12.58,98.9,2.58
2025-09-07 01:00:00,174.049,11.83,86.3,3.98
2025-09-07 02:00:00,170.993,11.55,85.9,2.48
2025-09-07 03:00:00,182.065,10.09,76.3,1.63
2025-09-07 04:00:00,172.136,11.23,89.6,0.7
2025-09-07 05:00:00,152.084,15.13,75.7,1.97
2025-09-07 06:00:00,158.53,12.88,87.8,0.98
2025-09-07 07:00:00,163.716,14.96,75.5,1.04
2025-09-07 08:00:00,182.08,10.59,99.4,3.63
2025-09-07 09:00:00,166.642,16.24,84.0,3.94
2025-09-07 10:00:00,170.765,15.85,94.9,5.49
2025-09-07 11:00:00,185.164,16.06,74.8,0.43
2025-09-07 12:00:00,186.509,17.74,87.9,4.87
2025-09-07 13:00:00,195.763,17.14,68.6,0.14
2025-09-07 14:00:00,203.784,14.83,83.9,1.64
2025-09-07 15:00:00,203.368,19.81,71.9,2.49
2025-09-07 16:00:00,182.763,18.62,74.6,1.63
2025-09-07 17:00:00,171.006,17.43,75.9,2.79
2025-09-07 18:00:00,169.341,15.91,75.6,3.25
2025-09-07 19:00:00,164.0,14.48,75.6,0.1
2025-09-07 20:00:00,156.412,16.47,77.7,4.03
2025-09-07 21:00:00,145.914,17.91,79.0,1.85
2025-09-07 22:00:00,148.212,14.88,89.6,4.74
2025-09-07 23:00:00,162.064,11.62,88.9,4.87
2025-09-08 00:00:00,161.469,13.47,91.5,3.03
2025-09-08 01:00:00,162.214,12.55,77.0,5.32
2025-09-08 02:00:00,157.16,13.72,81.6,1.32
2025-09-08 03:00:00,153.198,13.21,89.2,1.66
2025-09-08 04:00:00,176.64,7.56,94.9,0.41
2025-09-08 05:00:00,174.296,13.51,79.3,4.14
2025-09-08 06:00:00,175.167,11.51,92.9,2.83
2025-09-08 07:00:00,200.887,11.46,84.2,2.47
2025-09-08 08:00:00,230.843,14.16,78.9,2.34
2025-09-08 09:00:00,262.459,15.89,84.1,2.08
2025-09-08 10:00:00,303.386,13.39,84.7,1.04
2025-09-08 11:00:00,309.533,17.86,75.3,0.85
2025-09-08 12:00:00,324.944,18.58,74.0,8.44
2025-09-08 13:00:00,328.398,17.91,71.9,3.86
2025-09-08 14:00:00,334.283,16.74,77.6,2.41
2025-09-08 15:00:00,325.206,16.67,86.7,2.18
2025-09-08 16:00:00,313.859,19.77,77.2,3.56
2025-09-08 17:00:00,291.697,15.42,87.6,6.06
2025-09-08 18:00:00,253.388,19.06,79.8,3.08
2025-09-08 19:00:00,211.046,16.47,76.7,10.57
2025-09-08 20:00:00,174.715,15.86,71.3,4.25
2025-09-08 21:00:00,179.043,12.5,80.3,1.86
2025-09-08 22:00:00,174.401,14.22,79.5,0.83
2025-09-08 23:00:00,171.349,14.72,78.3,5.85
2025-09-09 00:00:00,174.534,10.88,94.1,1.19
2025-09-09 01:00:00,168.159,13.34,90.5,4.76
2025-09-09 02:00:00,178.355,12.38,99.3,3.61
2025-09-09 03:00:00,173.852,11.11,83.3,0.66
2025-09-09 04:00:00,169.874,13.61,93.9,3.49
2025-09-09 05:00:00,190.605,9.02,100.0,3.99
2025-09-09 06:00:00,176.383,13.57,83.0,2.1
2025-09-09 07:00:00,185.489,16.23,83.5,2.0
2025-09-09 08:00:00,217.989,16.67,87.5,2.2
2025-09-09 09:00:00,252.72,15.76,81.0,5.75
2025-09-09 10:00:00,284.431,15.43,81.0,1.91
2025-09-09 11:00:00,314.911,15.62,77.8,0.45
2025-09-09 12:00:00,315.82,16.78,65.8,2.84
2025-09-09 13:00:00,329.299,18.61,77.8,0.39
2025-09-09 14:00:00,329.423,16.75,75.7,3.41
2025-09-09 15:00:00,325.431,19.35,69.9,1.1
2025-09-09 16:00:00,323.515,21.45,75.9,2.31
2025-09-09 17:00:00,283.378,17.64,70.0,1.12
2025-09-09 18:00:00,260.75,15.11,87.1,7.16
2025-09-09 19:00:00,228.602,14.49,86.0,3.59
2025-09-09 20:00:00,179.583,17.16,77.0,1.06
2025-09-09 21:00:00,167.53,15.04,82.0,3.07
2025-09-09 22:00:00,158.315,15.77,74.2,0.88
2025-09-09 23:00:00,165.222,12.79,90.0,2.29
2025-09-10 00:00:00,165.709,14.25,84.6,6.06
2025-09-10 01:00:00,167.246,12.19,87.9,3.64
2025-09-10 02:00:00,179.995,10.97,91.1,1.18
2025-09-10 03:00:00,177.75,11.4,83.6,0.74
2025-09-10 04:00:00,180.98,10.23,80.0,4.01
2025-09-10 05:00:00,169.758,15.63,87.3,8.06
2025-09-10 06:00:00,169.845,12.77,89.7,2.39
2025-09-10 07:00:00,196.645,14.57,79.8,5.85
2025-09-10 08:00:00,232.809,13.41,87.1,3.69
2025-09-10 09:00:00,265.816,13.36,92.2,3.97
2025-09-10 10:00:00,292.248,15.44,88.6,0.86
2025-09-10 11:00:00,307.325,18.3,74.4,2.27
2025-09-10 12:00:00,319.892,16.33,71.6,2.4
2025-09-10 13:00:00,335.602,16.25,72.8,0.25
2025-09-10 14:00:00,323.142,18.19,76.1,1.52
2025-09-10 15:00:00,306.532,18.84,85.8,1.67
2025-09-10 16:00:00,313.093,20.57,70.2,1.16
2025-09-10 17:00:00,284.343,18.21,74.3,2.2
2025-09-10 18:00:00,252.027,18.19,74.2,4.59
2025-09-10 19:00:00,219.282,17.69,75.4,4.69
2025-09-10 20:00:00,188.064,13.97,83.8,6.59
2025-09-10 21:00:00,174.97,13.5,76.8,5.17
2025-09-10 22:00:00,176.943,12.53,92.4,3.25
2025-09-10 23:00:00,176.76,11.41,86.6,6.73
2025-09-11 00:00:00,167.452,14.09,98.5,1.79
2025-09-11 01:00:00,170.42,12.81,78.4,2.59
2025-09-11 02:00:00,176.87,12.17,95.9,8.48
2025-09-11 03:00:00,187.864,7.79,100.0,1.74
2025-09-11 04:00:00,165.975,15.33,79.5,0.18
2025-09-11 05:00:00,169.435,10.91,85.8,0.75
2025-09-11 06:00:00,155.867,16.1,75.3,2.38
2025-09-11 07:00:00,202.599,11.12,82.4,1.15
2025-09-11 08:00:00,230.655,12.87,85.4,0.68
2025-09-11 09:00:00,272.149,11.42,87.5,4.78
2025-09-11 10:00:00,283.114,16.3,71.0,3.69
2025-09-11 11:00:00,321.809,14.68,96.6,0.27
2025-09-11 12:00:00,331.628,15.35,80.4,5.47
2025-09-11 13:00:00,339.283,15.34,82.3,10.01
2025-09-11 14:00:00,337.167,19.08,72.9,1.49
2025-09-11 15:00:00,325.461,19.08,75.1,3.75
2025-09-11 16:00:00,320.128,20.74,72.2,1.02
2025-09-11 17:00:00,283.335,16.44,80.4,2.95
2025-09-11 18:00:00,255.349,17.41,78.9,3.84
2025-09-11 19:00:00,228.55,14.38,88.1,2.39
2025-09-11 20:00:00,184.846,15.18,83.5,1.3
2025-09-11 21:00:00,164.642,14.11,87.9,1.72
2025-09-11 22:00:00,156.823,14.91,82.5,0.37
2025-09-11 23:00:00,157.962,15.07,83.7,2.7
2025-09-12 00:00:00,157.935,14.31,81.9,7.59
2025-09-12 01:00:00,166.579,10.9,94.2,0.75
2025-09-12 02:00:00,172.899,13.54,86.4,6.56
2025-09-12 03:00:00,175.35,11.77,86.0,2.05
2025-09-12 04:00:00,176.528,11.42,86.3,0.36
2025-09-12 05:00:00,181.877,11.11,87.2,4.82
2025-09-12 06:00:00,177.754,11.82,87.0,2.73
2025-09-12 07:00:00,186.843,16.13,80.5,0.94
2025-09-12 08:00:00,222.133,14.56,79.7,1.37
2025-09-12 09:00:00,257.619,15.12,86.8,1.65
2025-09-12 10:00:00,288.611,15.2,87.1,2.29
2025-09-12 11:00:00,321.881,20.26,85.7,2.94
2025-09-12 12:00:00,331.127,19.05,73.1,3.03
2025-09-12 13:00:00,332.6,16.29,84.6,4.48
2025-09-12 14:00:00,336.331,17.3,67.7,2.65
2025-09-12 15:00:00,323.48,17.5,83.9,3.36
2025-09-12 16:00:00,300.696,17.97,69.5,2.74
2025-09-12 17:00:00,283.937,16.32,74.6,0.08
2025-09-12 18:00:00,250.076,17.67,80.7,0.78
2025-09-12 19:00:00,208.107,18.67,73.5,1.02
2025-09-12 20:00:00,186.087,13.52,79.9,2.57
2025-09-12 21:00:00,184.006,13.04,82.2,2.75
2025-09-12 22:00:00,175.5,13.29,89.2,2.09
2025-09-12 23:00:00,172.608,12.64,80.1,3.76
2025-09-13 00:00:00,155.234,15.82,80.9,4.16
2025-09-13 01:00:00,169.839,13.75,81.9,2.27
2025-09-13 02:00:00,167.276,13.35,89.6,4.54
2025-09-13 03:00:00,168.011,11.32,92.6,2.01
2025-09-13 04:00:00,175.043,11.38,76.4,3.21
2025-09-13 05:00:00,185.321,9.82,95.9,0.16
2025-09-13 06:00:00,178.052,13.87,80.3,2.3
2025-09-13 07:00:00,167.752,14.03,85.2,4.67
2025-09-13 08:00:00,158.458,16.02,75.3,2.59
2025-09-13 09:00:00,168.526,14.4,85.5,0.97
2025-09-13 10:00:00,182.67,15.29,97.3,3.05
2025-09-13 11:00:00,188.522,16.51,81.0,2.08
2025-09-13 12:00:00,190.799,18.29,75.0,3.31
2025-09-13 13:00:00,203.234,14.99,81.0,1.31
2025-09-13 14:00:00,192.144,18.82,68.2,2.21
2025-09-13 15:00:00,187.088,17.71,87.3,0.92
2025-09-13 16:00:00,184.091,15.94,83.0,1.65
2025-09-13 17:00:00,180.799,14.0,77.5,2.87
2025-09-13 18:00:00,159.957,16.64,74.0,0.44
2025-09-13 19:00:00,152.655,18.56,77.5,2.29
2025-09-13 20:00:00,144.09,18.2,83.5,0.75
2025-09-13 21:00:00,162.913,15.31,75.1,1.96
2025-09-13 22:00:00,158.14,17.1,86.1,0.64
2025-09-13 23:00:00,172.179,13.17,84.4,9.17
2025-09-14 00:00:00,165.941,14.04,78.2,4.65
2025-09-14 01:00:00,169.401,11.32,84.7,2.07
2025-09-14 02:00:00,177.375,10.92,98.6,6.52
2025-09-14 03:00:00,180.647,10.55,80.3,1.35
2025-09-14 04:00:00,184.382,8.44,87.2,5.56
2025-09-14 05:00:00,174.254,14.1,89.4,3.36
2025-09-14 06:00:00,180.4,11.49,88.6,1.4
2025-09-14 07:00:00,168.891,11.86,82.1,3.84
2025-09-14 08:00:00,169.971,11.97,92.4,4.81
2025-09-14 09:00:00,179.259,14.31,89.4,2.36
2025-09-14 10:00:00,177.419,18.24,79.9,4.41
2025-09-14 11:00:00,184.408,19.49,72.4,4.14
2025-09-14 12:00:00,202.301,14.1,80.9,3.09
2025-09-14 13:00:00,195.624,16.67,81.8,0.64
2025-09-14 14:00:00,196.793,15.88,73.3,3.0
2025-09-14 15:00:00,188.686,19.22,84.5,2.31
2025-09-14 16:00:00,178.069,17.99,88.4,3.65
2025-09-14 17:00:00,174.672,16.22,79.3,1.0
2025-09-14 18:00:00,157.735,16.88,81.9,4.5
2025-09-14 19:00:00,159.228,15.37,89.0,1.58
2025-09-14 20:00:00,147.981,18.0,89.9,1.02
2025-09-14 21:00:00,157.868,15.51,91.0,4.04
2025-09-14 22:00:00,158.51,14.93,72.1,6.64
2025-09-14 23:00:00,185.372,8.87,89.1,2.73
2025-09-15 00:00:00,182.829,12.31,89.2,6.31
2025-09-15 01:00:00,167.838,15.27,79.1,1.4
2025-09-15 02:00:00,166.868,13.76,94.8,1.16
2025-09-15 03:00:00,182.42,8.58,100.0,5.29
2025-09-15 04:00:00,179.16,11.14,82.9,3.67
2025-09-15 05:00:00,183.462,10.01,88.4,0.72
2025-09-15 06:00:00,165.137,15.15,77.7,7.05
2025-09-15 07:00:00,189.101,13.43,83.4,2.31
2025-09-15 08:00:00,224.406,12.53,84.5,2.47
2025-09-15 09:00:00,262.208,14.59,88.7,7.73
2025-09-15 10:00:00,306.206,11.14,82.5,6.43
2025-09-15 11:00:00,329.656,14.3,67.7,6.09
2025-09-15 12:00:00,330.515,16.71,70.4,1.4
2025-09-15 13:00:00,330.915,18.49,71.3,3.08
2025-09-15 14:00:00,335.156,14.33,79.4,3.53
2025-09-15 15:00:00,325.975,16.92,80.8,1.08
2025-09-15 16:00:00,315.4,19.05,70.3,0.74
2025-09-15 17:00:00,292.503,14.81,75.4,2.19
2025-09-15 18:00:00,255.945,17.02,74.0,4.47
2025-09-15 19:00:00,217.917,16.14,74.1,0.13
2025-09-15 20:00:00,173.789,18.05,74.8,2.63
2025-09-15 21:00:00,170.757,14.17,80.0,0.84
2025-09-15 22:00:00,177.557,13.48,88.7,4.77
2025-09-15 23:00:00,170.513,14.4,77.3,3.18
2025-09-16 00:00:00,180.755,10.19,87.0,0.82
2025-09-16 01:00:00,179.14,11.48,84.1,4.84
2025-09-16 02:00:00,180.47,10.8,93.1,3.16
2025-09-16 03:00:00,179.079,11.21,86.8,2.06
2025-09-16 04:00:00,175.395,12.89,91.7,9.25
2025-09-16 05:00:00,173.193,12.72,78.7,2.23
2025-09-16 06:00:00,179.4,11.11,87.5,1.59
2025-09-16 07:00:00,199.254,13.15,81.5,3.86
2025-09-16 08:00:00,221.973,16.04,73.6,7.32
2025-09-16 09:00:00,260.636,13.1,84.7,0.14
2025-09-16 10:00:00,284.455,15.44,92.2,5.52
2025-09-16 11:00:00,313.628,15.62,76.4,3.98
2025-09-16 12:00:00,327.114,16.45,79.6,6.55
2025-09-16 13:00:00,338.583,14.42,75.3,5.77
2025-09-16 14:00:00,342.726,19.59,67.2,3.44
2025-09-16 15:00:00,333.795,16.19,76.0,3.91
2025-09-16 16:00:00,309.588,18.97,74.1,2.74
2025-09-16 17:00:00,291.254,16.03,78.5,6.74
2025-09-16 18:00:00,261.369,15.55,80.3,1.37
2025-09-16 19:00:00,223.938,17.87,68.5,2.72
2025-09-16 20:00:00,178.709,16.8,76.1,4.48
2025-09-16 21:00:00,168.26,14.76,85.7,4.85
2025-09-16 22:00:00,161.412,14.87,74.4,4.86
2025-09-16 23:00:00,170.658,12.47,83.8,3.68
2025-09-17 00:00:00,173.761,12.19,88.1,4.88
2025-09-17 01:00:00,183.721,10.67,83.8,3.9
2025-09-17 02:00:00,176.309,12.87,87.4,7.76
2025-09-17 03:00:00,182.835,10.22,80.0,1.33
2025-09-17 04:00:00,172.322,13.8,89.4,4.87
2025-09-17 05:00:00,168.721,11.22,89.9,2.42
2025-09-17 06:00:00,174.536,12.24,86.6,2.89
2025-09-17 07:00:00,188.827,14.04,90.5,8.16
2025-09-17 08:00:00,226.767,13.59,82.4,8.08
2025-09-17 09:00:00,262.116,13.85,80.3,6.74
2025-09-17 10:00:00,288.516,15.05,90.6,1.77
2025-09-17 11:00:00,305.556,17.25,90.3,1.63
2025-09-17 12:00:00,326.545,15.39,77.7,0.82
2025-09-17 13:00:00,337.788,16.72,79.3,7.13
2025-09-17 14:00:00,332.843,17.24,85.5,1.11
2025-09-17 15:00:00,335.66,18.71,76.7,2.09
2025-09-17 16:00:00,309.902,17.06,83.1,1.78
2025-09-17 17:00:00,284.479,19.82,80.3,1.6
2025-09-17 18:00:00,247.49,16.2,77.4,0.42
2025-09-17 19:00:00,220.492,15.44,84.3,1.94
2025-09-17 20:00:00,177.457,14.83,82.6,3.08
2025-09-17 21:00:00,169.436,12.22,79.0,0.95
2025-09-17 22:00:00,166.933,11.89,80.8,1.41
2025-09-17 23:00:00,175.67,11.98,82.7,6.45
2025-09-18 00:00:00,173.919,13.91,89.5,1.21
2025-09-18 01:00:00,172.034,11.57,93.0,2.5
2025-09-18 02:00:00,180.453,10.54,93.1,2.63
2025-09-18 03:00:00,161.701,13.18,87.6,1.44
2025-09-18 04:00:00,161.926,13.8,86.6,5.25
2025-09-18 05:00:00,168.74,13.63,86.0,6.28
2025-09-18 06:00:00,174.518,10.73,90.8,0.73
2025-09-18 07:00:00,204.234,11.93,89.6,1.75
2025-09-18 08:00:00,211.889,16.34,72.1,1.35
2025-09-18 09:00:00,248.963,14.6,78.2,2.1
2025-09-18 10:00:00,287.213,14.57,76.8,2.64
2025-09-18 11:00:00,307.4,16.87,86.4,0.45
2025-09-18 12:00:00,321.696,17.95,88.2,2.63
2025-09-18 13:00:00,338.373,15.9,68.1,8.12
2025-09-18 14:00:00,330.267,17.47,88.3,5.88
2025-09-18 15:00:00,320.793,18.7,77.7,3.05
2025-09-18 16:00:00,320.484,15.26,88.1,0.55
2025-09-18 17:00:00,284.106,16.84,82.9,4.76
2025-09-18 18:00:00,253.436,14.56,91.7,1.9
2025-09-18 19:00:00,228.986,14.14,84.9,5.55
2025-09-18 20:00:00,186.419,14.09,75.5,4.96
2025-09-18 21:00:00,177.057,14.98,81.8,2.09
2025-09-18 22:00:00,184.239,12.93,88.4,2.48
2025-09-18 23:00:00,178.2,11.68,85.8,1.38
2025-09-19 00:00:00,176.426,12.07,90.4,0.59
2025-09-19 01:00:00,175.616,9.68,89.5,2.59
2025-09-19 02:00:00,180.761,11.9,83.2,4.27
2025-09-19 03:00:00,165.022,12.92,78.8,2.83
2025-09-19 04:00:00,168.34,11.09,85.5,2.38
2025-09-19 05:00:00,176.18,11.19,89.0,3.89
2025-09-19 06:00:00,175.75,12.59,74.0,2.32
2025-09-19 07:00:00,203.397,9.37,85.6,3.06
2025-09-19 08:00:00,226.077,14.19,71.5,2.02
2025-09-19 09:00:00,245.55,19.07,73.0,2.55
2025-09-19 10:00:00,281.365,14.69,90.0,0.89
2025-09-19 11:00:00,305.142,15.42,74.7,1.53
2025-09-19 12:00:00,320.26,17.42,83.2,7.96
2025-09-19 13:00:00,336.463,19.34,93.4,0.79
2025-09-19 14:00:00,337.979,18.57,86.1,8.33
2025-09-19 15:00:00,340.0,13.66,85.1,2.97
2025-09-19 16:00:00,309.161,17.91,83.5,0.58
2025-09-19 17:00:00,299.329,20.82,66.0,4.85
2025-09-19 18:00:00,255.957,17.23,69.8,0.75
2025-09-19 19:00:00,225.842,13.76,84.3,4.53
2025-09-19 20:00:00,187.238,15.34,84.3,3.58
2025-09-19 21:00:00,178.066,12.06,93.1,2.82
2025-09-19 22:00:00,164.3,15.31,78.6,3.27
2025-09-19 23:00:00,178.671,11.08,89.0,3.4
2025-09-20 00:00:00,180.444,12.0,87.6,2.26
2025-09-20 01:00:00,185.421,10.03,88.6,8.74
2025-09-20 02:00:00,190.645,10.23,88.6,6.6
2025-09-20 03:00:00,172.398,13.38,79.5,4.71
2025-09-20 04:00:00,174.918,11.27,89.3,2.03
2025-09-20 05:00:00,176.428,10.51,89.9,1.87
2025-09-20 06:00:00,182.43,10.05,86.7,3.39
2025-09-20 07:00:00,188.99,9.51,94.1,1.89
2025-09-20 08:00:00,185.383,11.22,93.9,2.27
2025-09-20 09:00:00,183.617,14.18,87.6,4.78
2025-09-20 10:00:00,183.484,16.35,74.3,6.78
2025-09-20 11:00:00,192.637,14.61,83.5,3.45
2025-09-20 12:00:00,198.14,18.64,71.8,3.12
2025-09-20 13:00:00,193.932,15.45,82.3,0.55
2025-09-20 14:00:00,192.979,16.52,74.8,4.61
2025-09-20 15:00:00,197.36,15.27,89.7,4.98
2025-09-20 16:00:00,191.524,18.49,82.2,5.81
2025-09-20 17:00:00,184.543,19.96,82.4,12.53
2025-09-20 18:00:00,173.092,13.3,91.1,1.83
2025-09-20 19:00:00,161.449,14.95,80.8,7.42
2025-09-20 20:00:00,153.576,16.8,77.3,6.91
2025-09-20 21:00:00,170.756,11.69,97.5,3.16
2025-09-20 22:00:00,172.063,14.13,82.6,0.76
2025-09-20 23:00:00,166.342,14.46,75.0,6.37
2025-09-21 00:00:00,170.959,11.9,92.8,7.58
2025-09-21 01:00:00,172.384,12.18,87.2,1.01
2025-09-21 02:00:00,162.069,13.81,93.1,4.33
2025-09-21 03:00:00,168.618,14.01,85.2,2.99
2025-09-21 04:00:00,171.098,10.9,88.0,2.87
2025-09-21 05:00:00,178.971,10.44,97.9,0.58
2025-09-21 06:00:00,185.259,10.3,79.7,6.26
2025-09-21 07:00:00,175.066,13.96,80.3,2.04
2025-09-21 08:00:00,183.046,10.92,82.8,9.56
2025-09-21 09:00:00,182.073,13.49,71.3,2.39
2025-09-21 10:00:00,186.709,14.83,87.9,1.83
2025-09-21 11:00:00,197.468,14.59,79.6,2.01
2025-09-21 12:00:00,203.908,16.46,85.8,2.49
2025-09-21 13:00:00,204.61,20.59,76.9,2.43
2025-09-21 14:00:00,192.869,16.6,83.8,6.27
2025-09-21 15:00:00,184.818,16.2,78.0,2.41
2025-09-21 16:00:00,172.66,18.42,73.0,6.99
2025-09-21 17:00:00,163.509,16.87,80.3,6.17
2025-09-21 18:00:00,148.237,18.32,83.3,5.61
2025-09-21 19:00:00,151.649,15.66,81.2,4.94
2025-09-21 20:00:00,161.109,14.27,79.2,1.16
2025-09-21 21:00:00,176.529,11.04,80.8,5.17
2025-09-21 22:00:00,179.634,10.52,89.9,6.18
2025-09-21 23:00:00,185.294,9.46,86.8,7.28
2025-09-22 00:00:00,185.773,12.27,85.8,0.62
2025-09-22 01:00:00,193.36,9.01,89.4,5.98
2025-09-22 02:00:00,179.225,12.89,82.7,0.64
2025-09-22 03:00:00,182.015,10.83,90.0,4.49
2025-09-22 04:00:00,182.265,10.49,92.0,3.97
2025-09-22 05:00:00,192.923,9.83,100.0,1.37
2025-09-22 06:00:00,179.499,12.66,90.2,3.12
2025-09-22 07:00:00,206.184,11.0,97.6,2.66
2025-09-22 08:00:00,232.682,11.43,82.5,4.14
2025-09-22 09:00:00,254.57,15.68,71.8,3.02
2025-09-22 10:00:00,283.926,15.13,82.1,3.75
2025-09-22 11:00:00,313.639,14.91,87.7,2.31
2025-09-22 12:00:00,326.508,16.93,83.9,11.74
2025-09-22 13:00:00,335.936,16.4,87.7,3.82
2025-09-22 14:00:00,330.272,17.29,64.0,2.02
2025-09-22 15:00:00,323.448,15.48,89.3,1.92
2025-09-22 16:00:00,310.873,19.99,77.4,4.99
2025-09-22 17:00:00,294.606,15.45,72.5,15.63
2025-09-22 18:00:00,257.054,18.39,82.0,6.64
2025-09-22 19:00:00,222.73,14.98,83.4,2.9
2025-09-22 20:00:00,176.946,15.85,83.5,0.54
2025-09-22 21:00:00,164.933,14.96,88.5,1.44
2025-09-22 22:00:00,159.9,14.84,85.2,1.79
2025-09-22 23:00:00,167.131,10.94,79.3,0.5
2025-09-23 00:00:00,168.021,13.27,84.0,2.53
2025-09-23 01:00:00,174.109,14.03,74.1,4.56
2025-09-23 02:00:00,179.26,10.36,92.8,2.15
2025-09-23 03:00:00,176.145,10.73,96.8,5.37
2025-09-23 04:00:00,188.146,9.94,82.0,1.9
2025-09-23 05:00:00,189.627,10.52,84.6,0.84
2025-09-23 06:00:00,178.898,14.29,78.1,1.63
2025-09-23 07:00:00,205.994,10.57,85.9,1.48
2025-09-23 08:00:00,234.701,11.39,89.9,0.65
2025-09-23 09:00:00,251.564,16.25,78.0,1.21
2025-09-23 10:00:00,287.17,15.45,85.7,0.42
2025-09-23 11:00:00,311.555,18.56,83.8,0.38
2025-09-23 12:00:00,326.575,15.07,88.9,2.12
2025-09-23 13:00:00,323.933,16.47,73.6,1.76
2025-09-23 14:00:00,337.722,15.51,90.0,10.15
2025-09-23 15:00:00,322.23,16.9,88.5,1.26
2025-09-23 16:00:00,314.098,13.73,93.5,2.0
2025-09-23 17:00:00,283.396,17.37,78.1,3.31
2025-09-23 18:00:00,256.824,16.31,76.1,5.64
2025-09-23 19:00:00,221.862,15.08,76.4,7.1
2025-09-23 20:00:00,188.7,13.82,77.4,3.34
2025-09-23 21:00:00,179.187,12.24,86.3,2.56
2025-09-23 22:00:00,159.743,14.06,88.8,1.56
2025-09-23 23:00:00,177.056,10.3,96.8,3.03
2025-09-24 00:00:00,175.103,12.26,83.3,6.72
2025-09-24 01:00:00,162.422,14.28,83.2,2.95
2025-09-24 02:00:00,164.157,13.04,84.5,3.89
2025-09-24 03:00:00,185.497,8.15,88.2,5.17
2025-09-24 04:00:00,187.198,9.8,94.1,3.66
2025-09-24 05:00:00,184.579,11.64,89.3,4.15
2025-09-24 06:00:00,183.407,11.33,88.4,3.58
2025-09-24 07:00:00,205.351,9.82,91.8,1.15
2025-09-24 08:00:00,219.855,13.4,88.3,3.08
2025-09-24 09:00:00,259.838,13.54,88.1,3.34
2025-09-24 10:00:00,285.799,17.4,74.0,8.55
2025-09-24 11:00:00,311.975,14.65,88.3,1.58
2025-09-24 12:00:00,325.742,17.55,80.4,3.23
2025-09-24 13:00:00,337.869,14.13,81.0,2.11
2025-09-24 14:00:00,343.224,14.81,84.1,8.06
2025-09-24 15:00:00,324.004,17.71,80.7,6.1
2025-09-24 16:00:00,308.224,18.19,84.4,3.19
2025-09-24 17:00:00,285.717,14.63,76.6,0.08
2025-09-24 18:00:00,266.944,15.72,89.3,6.29
2025-09-24 19:00:00,231.369,12.85,85.5,0.7
2025-09-24 20:00:00,193.155,14.05,80.7,0.44
2025-09-24 21:00:00,172.026,14.9,79.3,5.39
2025-09-24 22:00:00,179.865,12.09,80.5,4.01
2025-09-24 23:00:00,184.116,11.66,76.6,3.74
2025-09-25 00:00:00,185.063,9.52,94.1,1.64
2025-09-25 01:00:00,186.479,9.81,100.0,0.58
2025-09-25 02:00:00,179.305,13.36,75.0,0.12
2025-09-25 03:00:00,183.327,10.56,82.9,3.73
2025-09-25 04:00:00,183.747,8.95,95.4,0.84
2025-09-25 05:00:00,185.076,10.35,88.6,4.22
2025-09-25 06:00:00,185.81,8.77,96.1,0.97
2025-09-25 07:00:00,211.211,10.32,88.3,3.25
2025-09-25 08:00:00,225.573,14.85,79.1,1.1
2025-09-25 09:00:00,265.071,13.22,83.5,5.05
2025-09-25 10:00:00,275.855,17.25,65.0,3.61
2025-09-25 11:00:00,304.37,14.79,75.8,3.03
2025-09-25 12:00:00,322.387,15.51,87.4,1.28
2025-09-25 13:00:00,329.666,17.07,86.7,0.66
2025-09-25 14:00:00,342.027,12.07,94.9,3.74
2025-09-25 15:00:00,324.658,16.78,82.6,1.68
2025-09-25 16:00:00,313.36,16.27,67.1,2.88
2025-09-25 17:00:00,287.793,18.42,73.8,2.74
2025-09-25 18:00:00,242.117,17.11,87.4,2.6
2025-09-25 19:00:00,222.761,13.13,94.8,6.15
2025-09-25 20:00:00,185.631,16.21,88.9,2.64
2025-09-25 21:00:00,176.822,13.03,83.7,1.13
2025-09-25 22:00:00,180.928,11.22,79.8,4.43
2025-09-25 23:00:00,179.746,12.26,86.0,4.32
2025-09-26 00:00:00,176.07,10.89,88.2,1.52
2025-09-26 01:00:00,171.794,13.2,94.3,1.29
2025-09-26 02:00:00,179.584,10.98,89.4,3.59
2025-09-26 03:00:00,180.923,10.66,88.6,0.89
2025-09-26 04:00:00,176.66,11.88,87.2,3.63
2025-09-26 05:00:00,176.185,12.48,88.3,7.34
2025-09-26 06:00:00,170.053,12.47,89.7,4.39
2025-09-26 07:00:00,196.476,14.11,79.3,7.62
2025-09-26 08:00:00,222.158,13.53,78.1,2.89
2025-09-26 09:00:00,256.409,13.6,92.6,2.89
2025-09-26 10:00:00,286.358,16.09,71.0,3.15
2025-09-26 11:00:00,315.267,14.69,92.7,3.89
2025-09-26 12:00:00,329.223,15.51,70.2,3.72
2025-09-26 13:00:00,326.846,18.69,73.7,1.33
2025-09-26 14:00:00,331.449,18.83,82.9,2.7
2025-09-26 15:00:00,325.069,16.32,80.6,6.01
2025-09-26 16:00:00,313.924,15.51,73.8,1.09
2025-09-26 17:00:00,281.462,18.27,80.4,3.14
2025-09-26 18:00:00,244.708,16.74,80.4,3.84
2025-09-26 19:00:00,212.061,15.34,80.6,3.84
2025-09-26 20:00:00,181.875,13.6,80.6,0.65
2025-09-26 21:00:00,171.361,13.86,83.8,1.06
2025-09-26 22:00:00,168.541,12.52,82.4,5.86
2025-09-26 23:00:00,174.866,10.77,100.0,5.79
2025-09-27 00:00:00,180.707,11.31,86.1,2.79
2025-09-27 01:00:00,185.554,11.05,85.7,3.47
2025-09-27 02:00:00,187.271,9.72,86.5,1.18
2025-09-27 03:00:00,179.003,11.67,97.7,0.81
2025-09-27 04:00:00,171.742,12.38,76.2,0.46
2025-09-27 05:00:00,174.57,12.17,88.5,0.8
2025-09-27 06:00:00,178.396,10.66,87.0,3.47
2025-09-27 07:00:00,177.147,12.93,76.8,2.48
2025-09-27 08:00:00,178.314,12.57,80.9,3.01
2025-09-27 09:00:00,189.58,11.24,89.6,2.97
2025-09-27 10:00:00,184.647,15.07,77.1,1.03
2025-09-27 11:00:00,190.941,14.95,84.0,3.63
2025-09-27 12:00:00,191.702,19.49,86.5,6.4
2025-09-27 13:00:00,190.272,18.15,79.0,1.05
2025-09-27 14:00:00,190.579,17.26,70.5,2.63
2025-09-27 15:00:00,184.234,16.62,75.1,4.53
2025-09-27 16:00:00,192.495,16.38,78.8,5.78
2025-09-27 17:00:00,186.528,14.21,81.4,3.93
2025-09-27 18:00:00,173.603,12.56,86.7,1.18
2025-09-27 19:00:00,177.692,13.32,86.6,0.4
2025-09-27 20:00:00,167.469,13.92,94.3,2.11
2025-09-27 21:00:00,182.513,9.85,89.6,2.39
2025-09-27 22:00:00,181.359,11.57,80.3,5.78
2025-09-27 23:00:00,177.572,11.32,94.5,1.95
2025-09-28 00:00:00,178.39,10.64,96.1,1.02
2025-09-28 01:00:00,190.297,9.45,91.6,1.43
2025-09-28 02:00:00,193.192,9.66,88.4,3.91
2025-09-28 03:00:00,179.04,12.86,89.1,2.77
2025-09-28 04:00:00,170.383,11.27,86.4,2.42
2025-09-28 05:00:00,183.941,9.61,77.6,5.89
2025-09-28 06:00:00,175.961,10.88,91.6,0.22
2025-09-28 07:00:00,180.375,11.56,92.6,5.16
2025-09-28 08:00:00,175.95,11.1,96.5,0.06
2025-09-28 09:00:00,183.225,11.88,82.4,4.97
2025-09-28 10:00:00,181.11,15.5,83.1,3.11
2025-09-28 11:00:00,198.628,13.93,85.4,2.96
2025-09-28 12:00:00,199.516,13.48,85.0,3.01
2025-09-28 13:00:00,205.594,15.63,82.2,4.97
2025-09-28 14:00:00,201.217,16.19,81.0,0.98
2025-09-28 15:00:00,205.931,12.95,86.5,4.22
2025-09-28 16:00:00,190.48,15.94,85.5,5.07
2025-09-28 17:00:00,175.25,17.09,86.8,2.53
2025-09-28 18:00:00,159.798,15.95,76.5,1.62
2025-09-28 19:00:00,147.215,18.17,76.9,0.51
2025-09-28 20:00:00,156.831,15.88,78.6,13.95
2025-09-28 21:00:00,163.898,15.42,78.4,3.0
2025-09-28 22:00:00,147.334,16.81,70.2,0.42
2025-09-28 23:00:00,162.676,12.82,85.6,1.13
2025-09-29 00:00:00,171.96,11.13,90.7,1.71
2025-09-29 01:00:00,174.296,11.95,85.7,5.16
2025-09-29 02:00:00,176.893,9.2,90.5,1.13
2025-09-29 03:00:00,174.032,10.16,91.7,1.64
2025-09-29 04:00:00,186.749,9.06,99.2,4.57
2025-09-29 05:00:00,177.35,11.03,85.4,2.04
2025-09-29 06:00:00,187.58,9.83,82.6,2.91
2025-09-29 07:00:00,205.596,10.39,88.3,0.74
2025-09-29 08:00:00,235.358,12.88,96.7,0.9
2025-09-29 09:00:00,264.548,12.77,78.6,1.02
2025-09-29 10:00:00,301.726,10.68,92.3,2.61
2025-09-29 11:00:00,324.215,12.16,93.3,2.89
2025-09-29 12:00:00,343.743,13.28,70.6,3.11
2025-09-29 13:00:00,353.941,14.18,86.0,5.87
2025-09-29 14:00:00,340.946,16.55,83.8,1.61
2025-09-29 15:00:00,331.331,16.34,78.9,0.59
2025-09-29 16:00:00,309.296,17.59,74.9,4.66
2025-09-29 17:00:00,278.726,16.79,76.3,3.23
2025-09-29 18:00:00,252.547,16.83,77.9,4.44
2025-09-29 19:00:00,219.039,15.46,79.9,3.22
2025-09-29 20:00:00,174.341,14.1,80.7,1.76
2025-09-29 21:00:00,163.664,14.75,80.7,1.76
2025-09-29 22:00:00,157.291,13.69,91.4,1.46
2025-09-29 23:00:00,164.372,12.09,79.2,6.53
2025-09-30 00:00:00,170.971,12.79,75.0,10.55
2025-09-30 01:00:00,191.902,6.52,100.0,4.08
2025-09-30 02:00:00,186.339,9.51,88.9,2.24
2025-09-30 03:00:00,189.925,9.39,87.9,1.56
2025-09-30 04:00:00,181.622,11.82,86.2,3.63
2025-09-30 05:00:00,172.418,12.79,86.7,0.75
2025-09-30 06:00:00,186.631,8.43,88.4,3.98
2025-09-30 07:00:00,204.203,13.63,87.3,1.48
2025-09-30 08:00:00,231.822,10.22,83.3,0.1
2025-09-30 09:00:00,279.884,11.05,86.1,7.67
2025-09-30 10:00:00,300.362,13.28,71.5,4.75
2025-09-30 11:00:00,317.546,13.87,91.0,0.66
2025-09-30 12:00:00,341.164,12.5,84.8,5.32
2025-09-30 13:00:00,336.349,16.51,84.3,1.46
2025-09-30 14:00:00,331.59,16.86,82.7,5.24
2025-09-30 15:00:00,325.59,17.56,82.1,2.58
2025-09-30 16:00:00,314.979,15.08,82.2,2.72
2025-09-30 17:00:00,282.952,15.41,84.2,2.89
2025-09-30 18:00:00,260.796,14.95,76.7,2.6
2025-09-30 19:00:00,219.482,17.08,72.5,1.09
2025-09-30 20:00:00,198.561,9.12,90.0,7.68
2025-09-30 21:00:00,188.096,11.34,83.4,4.06
2025-09-30 22:00:00,181.706,12.11,95.0,0.87
2025-09-30 23:00:00,178.329,9.64,92.2,1.64
2025-10-01 00:00:00,185.908,10.22,84.8,7.74
2025-10-01 01:00:00,182.375,9.96,87.8,0.65
2025-10-01 02:00:00,191.458,8.81,91.9,3.96
2025-10-01 03:00:00,184.01,9.86,89.2,1.02
2025-10-01 04:00:00,186.208,10.87,89.8,1.42
2025-10-01 05:00:00,185.823,9.78,90.1,2.59
2025-10-01 06:00:00,184.214,9.91,81.2,3.7
2025-10-01 07:00:00,204.563,10.99,75.1,2.96
2025-10-01 08:00:00,239.301,11.97,84.4,0.92
2025-10-01 09:00:00,277.857,9.97,92.8,7.52
2025-10-01 10:00:00,303.13,14.27,81.2,4.39
2025-10-01 11:00:00,326.527,13.54,91.9,6.12
2025-10-01 12:00:00,324.764,16.9,79.5,2.49
2025-10-01 13:00:00,335.83,16.3,88.7,4.61
2025-10-01 14:00:00,334.189,17.53,85.8,6.17
2025-10-01 15:00:00,328.828,14.14,89.9,3.46
2025-10-01 16:00:00,316.014,15.06,75.1,3.38
2025-10-01 17:00:00,300.919,13.37,84.8,3.91
2025-10-01 18:00:00,274.456,13.75,91.5,3.89
2025-10-01 19:00:00,231.132,16.26,82.3,3.52
2025-10-01 20:00:00,195.783,15.91,84.4,5.03
2025-10-01 21:00:00,186.852,10.92,79.8,2.45
2025-10-01 22:00:00,186.785,11.25,99.2,7.16
2025-10-01 23:00:00,178.962,11.14,83.1,0.3
2025-10-02 00:00:00,187.269,11.46,75.4,4.54
2025-10-02 01:00:00,194.019,7.23,91.2,6.89
2025-10-02 02:00:00,205.822,7.18,78.7,1.62
2025-10-02 03:00:00,199.467,10.42,82.3,1.99
2025-10-02 04:00:00,201.514,6.63,100.0,7.26
2025-10-02 05:00:00,199.74,9.33,88.1,4.51
2025-10-02 06:00:00,191.918,10.78,79.7,4.74
2025-10-02 07:00:00,205.969,11.81,87.0,2.35
2025-10-02 08:00:00,237.326,11.64,81.7,2.19
2025-10-02 09:00:00,271.866,12.06,91.7,2.35
2025-10-02 10:00:00,295.083,14.77,77.4,2.15
2025-10-02 11:00:00,323.389,14.6,84.6,2.38
2025-10-02 12:00:00,343.002,13.73,77.3,4.18
2025-10-02 13:00:00,341.878,15.3,97.6,2.08
2025-10-02 14:00:00,341.609,16.15,83.8,1.03
2025-10-02 15:00:00,321.313,18.39,76.8,6.65
2025-10-02 16:00:00,304.772,16.8,78.1,1.61
2025-10-02 17:00:00,279.418,17.18,76.0,1.99
2025-10-02 18:00:00,262.25,13.79,79.5,0.73
2025-10-02 19:00:00,238.846,13.3,80.0,3.42
2025-10-02 20:00:00,197.567,13.04,95.2,1.56
2025-10-02 21:00:00,180.427,12.41,82.7,0.99
2025-10-02 22:00:00,181.38,10.25,76.3,5.36
2025-10-02 23:00:00,180.171,13.17,78.0,8.67
2025-10-03 00:00:00,176.508,11.82,92.4,1.77
2025-10-03 01:00:00,182.934,9.44,88.7,4.55
2025-10-03 02:00:00,187.147,10.65,87.7,3.61
2025-10-03 03:00:00,192.071,9.88,96.6,3.14
2025-10-03 04:00:00,181.088,10.78,83.6,0.95
2025-10-03 05:00:00,185.509,7.78,96.3,3.37
2025-10-03 06:00:00,185.883,10.17,85.2,4.69
2025-10-03 07:00:00,207.2,10.93,91.6,10.29
2025-10-03 08:00:00,228.488,12.75,83.2,0.35
2025-10-03 09:00:00,265.657,11.52,85.8,4.51
2025-10-03 10:00:00,314.0,9.3,95.3,3.14
2025-10-03 11:00:00,335.026,12.29,90.7,2.4
2025-10-03 12:00:00,354.076,14.55,82.0,6.69
2025-10-03 13:00:00,346.931,15.22,79.3,1.74
2025-10-03 14:00:00,344.23,18.12,87.6,8.55
2025-10-03 15:00:00,331.713,16.46,83.9,0.3
2025-10-03 16:00:00,312.574,15.55,79.3,2.12
2025-10-03 17:00:00,291.766,15.07,78.4,5.43
2025-10-03 18:00:00,254.619,16.41,86.6,3.26
2025-10-03 19:00:00,229.287,13.08,85.8,1.56
2025-10-03 20:00:00,196.986,13.08,84.1,1.83
2025-10-03 21:00:00,186.985,10.78,89.0,3.99
2025-10-03 22:00:00,176.164,14.02,85.8,1.39
2025-10-03 23:00:00,184.297,11.65,86.7,7.38
2025-10-04 00:00:00,194.465,9.15,97.8,2.66
2025-10-04 01:00:00,185.679,9.63,97.5,2.46
2025-10-04 02:00:00,185.156,10.32,92.1,3.67
2025-10-04 03:00:00,191.077,9.01,99.0,0.73
2025-10-04 04:00:00,188.283,8.65,91.3,3.27
2025-10-04 05:00:00,189.74,8.76,95.3,11.33
2025-10-04 06:00:00,184.703,10.83,94.3,2.6
2025-10-04 07:00:00,182.977,10.33,95.0,3.19
2025-10-04 08:00:00,182.245,10.9,93.6,4.92
2025-10-04 09:00:00,192.721,10.27,92.8,7.26
2025-10-04 10:00:00,203.958,13.31,96.5,3.25
2025-10-04 11:00:00,202.303,13.62,81.1,2.37
2025-10-04 12:00:00,210.187,14.01,82.9,5.3
2025-10-04 13:00:00,208.248,15.32,80.7,1.37
2025-10-04 14:00:00,195.68,16.5,78.1,7.13
2025-10-04 15:00:00,199.131,16.53,68.3,5.81
2025-10-04 16:00:00,191.503,16.19,89.0,5.19
2025-10-04 17:00:00,183.041,14.62,76.8,3.79
2025-10-04 18:00:00,178.248,13.62,85.4,4.45
2025-10-04 19:00:00,176.256,12.24,77.7,4.45
2025-10-04 20:00:00,178.919,12.23,90.0,3.51
2025-10-04 21:00:00,166.886,12.44,81.3,1.76
2025-10-04 22:00:00,181.544,10.37,82.1,4.55
2025-10-04 23:00:00,180.736,11.06,89.1,0.93
2025-10-05 00:00:00,188.615,8.62,87.1,1.12
2025-10-05 01:00:00,195.648,7.03,90.1,7.39
2025-10-05 02:00:00,185.95,10.7,89.4,1.09
2025-10-05 03:00:00,191.608,8.53,96.3,6.28
2025-10-05 04:00:00,189.197,8.05,87.2,1.05
2025-10-05 05:00:00,195.579,7.94,86.3,2.49
2025-10-05 06:00:00,193.751,10.84,88.4,2.7
2025-10-05 07:00:00,172.393,12.99,88.5,0.67
2025-10-05 08:00:00,180.558,10.87,97.0,4.17
2025-10-05 09:00:00,183.636,11.94,80.3,0.8
2025-10-05 10:00:00,182.994,14.78,80.8,0.85
2025-10-05 11:00:00,204.394,10.89,95.2,0.76
2025-10-05 12:00:00,194.846,17.56,90.7,0.29
2025-10-05 13:00:00,197.973,18.8,71.1,5.12
2025-10-05 14:00:00,209.994,10.86,83.8,1.82
2025-10-05 15:00:00,206.159,15.13,84.5,2.21
2025-10-05 16:00:00,197.823,14.04,80.3,2.47
2025-10-05 17:00:00,187.013,14.46,78.6,1.89
2025-10-05 18:00:00,178.45,13.74,85.6,1.01
2025-10-05 19:00:00,157.751,15.09,91.6,1.72
2025-10-05 20:00:00,167.807,12.88,77.5,2.45
2025-10-05 21:00:00,174.549,10.83,97.2,0.95
2025-10-05 22:00:00,181.274,11.24,84.2,1.78
2025-10-05 23:00:00,176.932,11.61,89.2,5.64
2025-10-06 00:00:00,192.014,8.15,100.0,1.71
2025-10-06 01:00:00,194.657,6.94,95.6,3.7
2025-10-06 02:00:00,183.799,12.46,84.2,4.09
2025-10-06 03:00:00,191.485,8.14,96.3,0.5
2025-10-06 04:00:00,191.47,9.05,89.7,4.17
2025-10-06 05:00:00,188.641,8.93,94.0,5.15
2025-10-06 06:00:00,183.083,10.92,86.9,3.81
2025-10-06 07:00:00,202.281,13.51,89.7,2.03
2025-10-06 08:00:00,239.727,12.32,77.8,0.75
2025-10-06 09:00:00,288.327,9.74,83.7,3.94
2025-10-06 10:00:00,315.521,10.73,79.9,1.8
2025-10-06 11:00:00,331.467,13.03,84.8,2.28
2025-10-06 12:00:00,343.91,13.86,74.8,1.33
2025-10-06 13:00:00,364.611,12.01,82.4,2.47
2025-10-06 14:00:00,349.659,16.38,73.8,2.36
2025-10-06 15:00:00,342.529,13.43,93.5,1.07
2025-10-06 16:00:00,312.495,17.46,73.0,3.58
2025-10-06 17:00:00,283.999,17.68,70.9,7.37
2025-10-06 18:00:00,264.847,13.89,85.4,5.44
2025-10-06 19:00:00,227.865,14.37,93.4,7.79
2025-10-06 20:00:00,196.52,10.97,87.3,1.71
2025-10-06 21:00:00,178.86,13.17,84.7,1.19
2025-10-06 22:00:00,178.278,10.6,96.3,0.41
2025-10-06 23:00:00,188.758,8.93,96.2,2.1
2025-10-07 00:00:00,191.618,9.47,92.7,2.34
2025-10-07 01:00:00,193.738,8.71,87.7,2.75
2025-10-07 02:00:00,194.955,8.63,94.1,1.02
2025-10-07 03:00:00,188.501,10.57,80.4,3.14
2025-10-07 04:00:00,178.066,7.9,88.6,2.6
2025-10-07 05:00:00,172.118,12.23,94.9,3.18
2025-10-07 06:00:00,191.222,7.81,100.0,3.7
2025-10-07 07:00:00,199.754,13.14,87.6,2.85
2025-10-07 08:00:00,247.078,9.65,78.3,5.33
2025-10-07 09:00:00,279.062,12.05,79.3,3.51
2025-10-07 10:00:00,304.576,12.04,82.5,2.66
2025-10-07 11:00:00,323.275,13.0,84.2,1.49
2025-10-07 12:00:00,333.928,15.45,74.3,2.15
2025-10-07 13:00:00,334.871,17.05,78.1,0.72
2025-10-07 14:00:00,337.722,16.85,90.4,4.61
2025-10-07 15:00:00,324.558,14.4,85.6,1.5
2025-10-07 16:00:00,309.528,15.24,83.4,1.17
2025-10-07 17:00:00,290.221,13.4,78.5,0.82
2025-10-07 18:00:00,257.515,12.59,75.9,1.4
2025-10-07 19:00:00,231.879,11.72,79.6,1.77
2025-10-07 20:00:00,192.748,12.13,76.3,6.07
2025-10-07 21:00:00,178.494,12.45,86.4,1.47
2025-10-07 22:00:00,189.007,8.22,94.2,7.02
2025-10-07 23:00:00,189.27,10.48,82.9,6.11
2025-10-08 00:00:00,180.54,12.24,87.2,5.96
2025-10-08 01:00:00,173.701,11.13,96.6,3.98
2025-10-08 02:00:00,187.88,8.1,100.0,0.55
2025-10-08 03:00:00,209.26,6.7,98.6,5.5
2025-10-08 04:00:00,199.681,9.77,88.7,0.62
2025-10-08 05:00:00,208.072,5.63,100.0,1.06
2025-10-08 06:00:00,188.418,11.59,95.3,1.76
2025-10-08 07:00:00,209.506,10.09,77.2,1.52
2025-10-08 08:00:00,230.127,14.08,92.6,4.78
2025-10-08 09:00:00,279.382,9.17,87.3,4.37
2025-10-08 10:00:00,293.873,14.18,80.3,2.38
2025-10-08 11:00:00,322.685,13.27,82.7,3.94
2025-10-08 12:00:00,337.605,13.52,86.4,2.92
2025-10-08 13:00:00,345.767,12.34,79.5,2.58
2025-10-08 14:00:00,338.844,15.78,79.6,1.92
2025-10-08 15:00:00,334.702,16.01,84.1,1.34
2025-10-08 16:00:00,308.697,17.69,80.0,0.14
2025-10-08 17:00:00,272.021,16.14,83.1,4.7
2025-10-08 18:00:00,256.293,13.1,83.1,1.43
2025-10-08 19:00:00,236.801,11.82,91.0,1.55
2025-10-08 20:00:00,202.808,10.52,95.0,1.35
2025-10-08 21:00:00,181.099,14.29,89.4,3.18
2025-10-08 22:00:00,183.278,9.91,92.1,3.75
2025-10-08 23:00:00,176.022,12.8,91.1,1.62
2025-10-09 00:00:00,180.483,10.53,93.9,2.66
2025-10-09 01:00:00,181.553,9.74,100.0,1.71
2025-10-09 02:00:00,192.883,8.42,98.9,4.7
2025-10-09 03:00:00,196.049,9.87,89.1,3.39
2025-10-09 04:00:00,194.252,8.89,85.5,0.31
2025-10-09 05:00:00,194.836,8.62,89.8,3.65
2025-10-09 06:00:00,183.484,10.8,86.3,2.8
2025-10-09 07:00:00,213.433,10.08,92.4,1.25
2025-10-09 08:00:00,244.418,9.76,85.5,1.1
2025-10-09 09:00:00,274.535,12.77,92.7,4.33
2025-10-09 10:00:00,306.515,12.49,77.6,4.53
2025-10-09 11:00:00,327.755,14.09,73.9,2.92
2025-10-09 12:00:00,347.077,13.21,84.1,1.64
2025-10-09 13:00:00,359.752,12.48,80.9,1.28
2025-10-09 14:00:00,336.102,17.49,71.4,1.33
2025-10-09 15:00:00,320.84,17.29,75.4,1.96
2025-10-09 16:00:00,304.415,16.12,76.3,5.25
2025-10-09 17:00:00,284.924,13.79,84.2,0.48
2025-10-09 18:00:00,270.094,13.45,80.8,2.6
2025-10-09 19:00:00,222.386,15.52,78.4,1.98
2025-10-09 20:00:00,189.602,12.02,86.5,3.44
2025-10-09 21:00:00,183.868,10.8,94.4,1.04
2025-10-09 22:00:00,168.554,14.03,92.6,2.17
2025-10-09 23:00:00,188.69,10.24,90.0,4.47
2025-10-10 00:00:00,178.22,12.4,87.4,2.94
2025-10-10 01:00:00,194.769,6.86,92.7,1.74
2025-10-10 02:00:00,186.86,9.62,92.8,1.22
2025-10-10 03:00:00,174.485,12.01,88.9,6.12
2025-10-10 04:00:00,181.314,8.84,99.0,0.75
2025-10-10 05:00:00,187.51,8.67,79.9,6.7
2025-10-10 06:00:00,191.327,7.7,91.2,2.88
2025-10-10 07:00:00,200.351,11.92,88.7,2.34
2025-10-10 08:00:00,244.109,9.68,89.7,5.18
2025-10-10 09:00:00,275.191,11.54,81.6,5.35
2025-10-10 10:00:00,302.812,10.49,80.9,2.73
2025-10-10 11:00:00,317.62,15.68,86.3,3.52
2025-10-10 12:00:00,333.554,15.66,76.9,0.92
2025-10-10 13:00:00,349.907,14.24,72.9,2.18
2025-10-10 14:00:00,342.998,12.74,90.7,1.48
2025-10-10 15:00:00,326.62,17.15,82.1,6.19
2025-10-10 16:00:00,313.988,14.0,83.1,5.8
2025-10-10 17:00:00,296.466,12.52,80.4,0.94
2025-10-10 18:00:00,281.428,10.99,87.3,0.89
2025-10-10 19:00:00,239.247,12.16,93.7,2.26
2025-10-10 20:00:00,206.931,10.14,79.5,6.86
2025-10-10 21:00:00,188.271,10.7,79.0,1.82
2025-10-10 22:00:00,190.42,12.11,82.7,10.07
2025-10-10 23:00:00,178.627,9.59,89.8,0.77
2025-10-11 00:00:00,180.136,10.02,86.4,1.43
2025-10-11 01:00:00,186.466,7.82,96.3,0.92
2025-10-11 02:00:00,183.115,8.78,97.6,2.76
2025-10-11 03:00:00,183.703,11.65,88.8,1.78
2025-10-11 04:00:00,185.617,8.12,95.4,6.44
2025-10-11 05:00:00,184.873,9.59,91.6,1.66
2025-10-11 06:00:00,196.303,6.95,93.7,4.59
2025-10-11 07:00:00,177.972,12.5,78.1,0.97
2025-10-11 08:00:00,175.194,10.03,83.2,2.07
2025-10-11 09:00:00,178.035,13.25,76.7,0.4
2025-10-11 10:00:00,191.397,12.15,85.5,6.94
2025-10-11 11:00:00,201.127,14.05,85.1,2.25
2025-10-11 12:00:00,206.588,14.77,74.0,4.57
2025-10-11 13:00:00,218.605,13.45,85.0,0.57
2025-10-11 14:00:00,205.232,16.22,75.4,0.7
2025-10-11 15:00:00,207.424,13.36,78.3,1.0
2025-10-11 16:00:00,190.493,15.71,77.6,1.53
2025-10-11 17:00:00,193.437,13.55,77.7,5.3
2025-10-11 18:00:00,174.614,14.25,87.1,1.73
2025-10-11 19:00:00,173.883,12.33,85.1,3.68
2025-10-11 20:00:00,178.077,12.43,90.9,8.06
2025-10-11 21:00:00,180.367,9.85,86.9,1.99
2025-10-11 22:00:00,176.827,11.19,85.3,0.65
2025-10-11 23:00:00,183.416,10.14,100.0,1.02
2025-10-12 00:00:00,193.79,8.47,81.8,3.93
2025-10-12 01:00:00,195.212,8.77,98.8,1.49
2025-10-12 02:00:00,192.484,8.77,100.0,0.57
2025-10-12 03:00:00,203.041,7.47,97.5,12.81
2025-10-12 04:00:00,203.784,8.35,89.7,5.59
2025-10-12 05:00:00,196.986,7.24,100.0,1.2
2025-10-12 06:00:00,183.624,13.08,83.2,9.58
2025-10-12 07:00:00,171.539,11.65,82.9,11.14
2025-10-12 08:00:00,182.471,11.11,85.5,8.37
2025-10-12 09:00:00,178.912,13.33,81.3,2.05
2025-10-12 10:00:00,199.812,9.06,85.0,2.44
2025-10-12 11:00:00,218.458,8.86,97.7,3.8
2025-10-12 12:00:00,218.446,12.93,80.7,1.33
2025-10-12 13:00:00,232.776,11.84,86.6,5.28
2025-10-12 14:00:00,212.563,13.97,75.2,3.28
2025-10-12 15:00:00,201.622,14.78,82.9,5.17
2025-10-12 16:00:00,190.387,15.82,74.3,1.75
2025-10-12 17:00:00,186.44,12.23,79.2,3.09
2025-10-12 18:00:00,174.981,14.21,82.8,0.82
2025-10-12 19:00:00,170.642,12.97,91.6,1.6
2025-10-12 20:00:00,174.095,12.78,88.1,1.89
2025-10-12 21:00:00,178.828,10.62,91.6,3.91
2025-10-12 22:00:00,177.056,12.89,84.6,4.93
2025-10-12 23:00:00,178.371,9.79,87.7,0.96
2025-10-13 00:00:00,186.065,12.05,91.3,6.13
2025-10-13 01:00:00,187.755,7.47,89.6,3.57
2025-10-13 02:00:00,185.774,9.62,94.9,4.16
2025-10-13 03:00:00,186.92,8.24,99.3,4.9
2025-10-13 04:00:00,195.981,7.91,87.3,1.15
2025-10-13 05:00:00,194.804,9.74,85.6,6.05
2025-10-13 06:00:00,188.117,8.73,87.9,1.51
2025-10-13 07:00:00,230.941,5.57,86.8,2.35
2025-10-13 08:00:00,264.635,5.65,92.7,2.06
2025-10-13 09:00:00,282.455,13.37,92.5,9.6
2025-10-13 10:00:00,302.244,14.08,77.4,1.19
2025-10-13 11:00:00,317.698,15.85,89.2,8.39
2025-10-13 12:00:00,344.491,13.42,82.0,6.98
2025-10-13 13:00:00,355.816,11.86,99.5,0.76
2025-10-13 14:00:00,354.257,13.56,80.3,1.47
2025-10-13 15:00:00,340.027,14.35,82.4,1.5
2025-10-13 16:00:00,321.08,12.62,80.3,4.22
2025-10-13 17:00:00,290.63,16.57,76.1,6.06
2025-10-13 18:00:00,249.947,17.04,87.6,1.5
2025-10-13 19:00:00,230.016,13.6,87.2,0.6
2025-10-13 20:00:00,191.808,12.09,92.6,4.23
2025-10-13 21:00:00,196.065,9.26,82.5,2.82
2025-10-13 22:00:00,178.437,13.03,89.1,0.74
2025-10-13 23:00:00,185.468,9.95,83.6,3.82
2025-10-14 00:00:00,184.598,8.63,83.3,2.66
2025-10-14 01:00:00,185.443,9.38,91.7,0.96
2025-10-14 02:00:00,191.262,7.38,94.4,1.7
2025-10-14 03:00:00,204.717,8.45,91.9,8.02
2025-10-14 04:00:00,202.638,6.01,99.3,0.13
2025-10-14 05:00:00,195.659,10.35,94.1,1.09
2025-10-14 06:00:00,197.446,8.92,99.7,0.67
2025-10-14 07:00:00,215.375,11.56,80.1,2.1
2025-10-14 08:00:00,244.581,10.11,98.3,2.99
2025-10-14 09:00:00,284.765,10.99,99.3,2.4
2025-10-14 10:00:00,322.989,10.05,87.1,2.62
2025-10-14 11:00:00,332.399,13.93,73.9,3.14
2025-10-14 12:00:00,346.986,11.93,78.4,1.69
2025-10-14 13:00:00,355.138,13.03,82.4,11.58
2025-10-14 14:00:00,353.356,14.11,95.7,2.79
2025-10-14 15:00:00,340.581,14.4,83.3,0.82
2025-10-14 16:00:00,333.156,11.38,83.8,2.45
2025-10-14 17:00:00,299.766,13.44,80.5,4.24
2025-10-14 18:00:00,266.967,14.6,75.0,4.7
2025-10-14 19:00:00,242.239,12.11,91.7,3.81
2025-10-14 20:00:00,206.756,11.63,86.6,2.93
2025-10-14 21:00:00,187.058,11.47,99.9,1.14
2025-10-14 22:00:00,185.622,10.23,92.8,3.39
2025-10-14 23:00:00,186.033,8.06,97.1,2.41
2025-10-15 00:00:00,186.304,8.91,89.5,1.44
2025-10-15 01:00:00,184.561,10.08,82.7,2.79
2025-10-15 02:00:00,200.744,6.51,89.0,4.89
2025-10-15 03:00:00,196.291,7.49,84.7,0.59
2025-10-15 04:00:00,198.37,5.98,100.0,1.14
2025-10-15 05:00:00,195.059,10.0,87.1,4.42
2025-10-15 06:00:00,190.976,8.82,96.8,0.91
2025-10-15 07:00:00,217.277,8.23,92.7,5.84
2025-10-15 08:00:00,249.701,10.46,87.0,2.16
2025-10-15 09:00:00,287.851,9.16,83.6,3.77
2025-10-15 10:00:00,315.155,10.21,90.9,4.29
2025-10-15 11:00:00,338.07,10.25,87.7,2.52
2025-10-15 12:00:00,356.358,11.5,92.7,6.17
2025-10-15 13:00:00,351.242,15.86,76.9,2.86
2025-10-15 14:00:00,355.107,12.82,89.2,3.09
2025-10-15 15:00:00,340.063,14.84,92.5,0.76
2025-10-15 16:00:00,328.197,12.65,87.3,8.2
2025-10-15 17:00:00,296.628,14.9,87.2,4.89
2025-10-15 18:00:00,273.108,11.57,90.6,1.04
2025-10-15 19:00:00,232.586,12.65,97.1,0.76
2025-10-15 20:00:00,193.378,11.95,88.9,1.9
2025-10-15 21:00:00,172.497,14.81,86.9,2.11
2025-10-15 22:00:00,180.475,11.32,87.3,2.68
2025-10-15 23:00:00,181.204,8.64,86.7,5.91
2025-10-16 00:00:00,184.362,9.94,82.2,6.13
2025-10-16 01:00:00,181.681,11.79,94.5,4.81
2025-10-16 02:00:00,202.711,5.46,89.7,0.35
2025-10-16 03:00:00,213.768,6.62,98.6,7.45
2025-10-16 04:00:00,204.966,7.69,95.1,5.27
2025-10-16 05:00:00,210.173,7.7,98.1,4.01
2025-10-16 06:00:00,202.99,8.32,88.7,2.19
2025-10-16 07:00:00,230.832,7.38,88.3,3.78
2025-10-16 08:00:00,239.978,12.44,88.3,0.64
2025-10-16 09:00:00,285.442,8.69,89.5,3.66
2025-10-16 10:00:00,315.228,11.43,80.0,5.1
2025-10-16 11:00:00,324.213,14.14,95.2,3.29
2025-10-16 12:00:00,331.282,13.04,80.4,2.17
2025-10-16 13:00:00,353.954,12.0,80.6,6.29
2025-10-16 14:00:00,361.677,11.71,85.6,10.62
2025-10-16 15:00:00,353.446,13.6,91.9,3.97
2025-10-16 16:00:00,332.292,12.66,72.7,5.02
2025-10-16 17:00:00,299.813,13.9,91.0,2.58
2025-10-16 18:00:00,272.963,10.85,82.7,1.87
2025-10-16 19:00:00,232.412,13.77,85.7,5.31
2025-10-16 20:00:00,212.51,11.93,82.6,8.99
2025-10-16 21:00:00,185.262,11.27,99.6,1.51
2025-10-16 22:00:00,171.162,12.5,86.6,1.07
2025-10-16 23:00:00,183.532,8.77,86.9,1.74
2025-10-17 00:00:00,200.828,7.57,91.0,1.44
2025-10-17 01:00:00,205.679,7.37,93.6,6.61
2025-10-17 02:00:00,209.894,7.64,93.8,6.1
2025-10-17 03:00:00,201.12,7.7,95.2,1.67
2025-10-17 04:00:00,197.67,6.62,94.1,3.15
2025-10-17 05:00:00,204.557,5.01,88.1,1.09
2025-10-17 06:00:00,200.056,7.83,90.4,2.49
2025-10-17 07:00:00,216.582,9.93,93.1,1.04
2025-10-17 08:00:00,245.689,10.29,85.0,2.19
2025-10-17 09:00:00,273.609,12.77,89.6,1.07
2025-10-17 10:00:00,293.293,14.75,82.9,6.25
2025-10-17 11:00:00,316.327,13.56,83.1,3.24
2025-10-17 12:00:00,327.642,15.18,89.3,3.61
2025-10-17 13:00:00,341.611,14.67,72.4,1.5
2025-10-17 14:00:00,338.18,16.48,76.3,1.97
2025-10-17 15:00:00,331.953,16.81,87.3,3.05
2025-10-17 16:00:00,325.721,15.27,93.0,8.96
2025-10-17 17:00:00,292.922,14.58,96.7,2.78
2025-10-17 18:00:00,271.793,12.64,86.0,7.05
2025-10-17 19:00:00,237.093,12.28,89.0,2.09
2025-10-17 20:00:00,196.586,11.09,92.8,2.88
2025-10-17 21:00:00,183.589,11.84,94.5,5.95
2025-10-17 22:00:00,196.204,8.92,92.8,4.64
2025-10-17 23:00:00,190.062,9.04,96.3,1.42
2025-10-18 00:00:00,201.862,4.84,99.4,3.67
2025-10-18 01:00:00,189.841,10.89,91.3,3.84
2025-10-18 02:00:00,200.55,7.48,87.4,4.3
2025-10-18 03:00:00,195.159,8.46,89.6,1.52
2025-10-18 04:00:00,188.894,10.16,86.0,0.91
2025-10-18 05:00:00,184.463,8.61,84.2,7.33
2025-10-18 06:00:00,188.715,10.92,78.2,10.74
2025-10-18 07:00:00,197.947,7.24,90.7,4.23
2025-10-18 08:00:00,181.756,13.79,82.5,2.01
2025-10-18 09:00:00,179.081,12.47,86.6,6.59
2025-10-18 10:00:00,192.056,11.84,90.2,1.28
2025-10-18 11:00:00,200.107,14.51,84.2,1.37
2025-10-18 12:00:00,215.658,10.98,86.5,7.68
2025-10-18 13:00:00,220.781,12.87,79.9,10.12
2025-10-18 14:00:00,205.375,15.94,86.3,1.82
2025-10-18 15:00:00,212.256,10.74,87.8,1.49
2025-10-18 16:00:00,203.383,14.52,80.5,2.82
2025-10-18 17:00:00,181.353,14.18,82.4,1.17
2025-10-18 18:00:00,163.295,16.0,76.6,0.77
2025-10-18 19:00:00,178.161,9.7,86.6,0.8
2025-10-18 20:00:00,173.864,14.08,80.3,3.6
2025-10-18 21:00:00,181.273,9.83,87.9,2.69
2025-10-18 22:00:00,192.331,9.24,94.4,5.91
2025-10-18 23:00:00,199.792,7.27,95.7,7.69
2025-10-19 00:00:00,203.525,6.75,100.0,4.1
2025-10-19 01:00:00,197.147,8.66,98.6,1.17
2025-10-19 02:00:00,205.623,5.93,100.0,0.38
2025-10-19 03:00:00,199.93,8.79,94.4,2.13
2025-10-19 04:00:00,197.669,6.65,97.3,1.91
2025-10-19 05:00:00,203.937,6.07,92.0,1.22
2025-10-19 06:00:00,203.953,7.64,97.7,4.02
2025-10-19 07:00:00,201.319,9.65,86.0,4.24
2025-10-19 08:00:00,190.392,9.39,81.4,3.5
2025-10-19 09:00:00,200.463,10.66,97.6,10.47
2025-10-19 10:00:00,198.028,12.5,78.4,0.83
2025-10-19 11:00:00,201.874,13.84,86.7,2.24
2025-10-19 12:00:00,207.709,12.23,81.0,2.78
2025-10-19 13:00:00,217.823,11.54,94.0,2.01
2025-10-19 14:00:00,214.864,13.63,91.9,1.8
2025-10-19 15:00:00,203.212,14.36,86.5,4.75
2025-10-19 16:00:00,211.402,11.17,95.2,1.54
2025-10-19 17:00:00,192.028,11.78,86.9,1.3
2025-10-19 18:00:00,186.282,11.58,100.0,4.22
2025-10-19 19:00:00,170.837,11.78,91.4,4.14
2025-10-19 20:00:00,177.452,10.17,83.8,0.71
2025-10-19 21:00:00,180.521,11.74,87.4,5.97
2025-10-19 22:00:00,199.105,7.26,92.3,9.32
2025-10-19 23:00:00,201.125,6.58,92.7,0.5
2025-10-20 00:00:00,199.28,7.83,82.5,4.78
2025-10-20 01:00:00,201.999,7.61,95.1,3.36
2025-10-20 02:00:00,212.319,5.26,87.7,3.11
2025-10-20 03:00:00,215.602,6.52,79.1,6.22
2025-10-20 04:00:00,202.879,6.95,91.6,3.32
2025-10-20 05:00:00,201.292,7.26,88.7,3.22
2025-10-20 06:00:00,187.21,8.61,86.2,1.92
2025-10-20 07:00:00,214.827,7.93,73.7,6.43
2025-10-20 08:00:00,236.311,12.08,81.4,0.68
2025-10-20 09:00:00,278.038,11.27,86.6,5.4
2025-10-20 10:00:00,309.52,9.97,85.6,1.47
2025-10-20 11:00:00,329.939,12.14,88.7,2.7
2025-10-20 12:00:00,346.079,12.81,93.8,1.18
2025-10-20 13:00:00,344.423,15.03,85.5,2.1
2025-10-20 14:00:00,343.583,12.43,92.2,1.36
2025-10-20 15:00:00,332.934,14.72,89.5,2.26
2025-10-20 16:00:00,323.52,13.45,78.5,5.67
2025-10-20 17:00:00,295.693,15.47,84.4,1.88
2025-10-20 18:00:00,263.76,14.68,88.8,3.99
2025-10-20 19:00:00,236.388,12.3,83.6,1.71
2025-10-20 20:00:00,206.702,10.85,83.5,1.36
2025-10-20 21:00:00,194.876,11.3,90.8,2.86
2025-10-20 22:00:00,191.082,9.42,81.3,0.22
2025-10-20 23:00:00,177.381,11.68,80.5,1.79
2025-10-21 00:00:00,184.639,8.37,87.7,6.55
2025-10-21 01:00:00,190.75,7.12,96.1,3.82
2025-10-21 02:00:00,194.276,6.74,95.3,2.74
2025-10-21 03:00:00,204.842,5.43,100.0,2.55
2025-10-21 04:00:00,208.393,8.36,86.2,5.67
2025-10-21 05:00:00,207.159,6.46,88.5,1.72
2025-10-21 06:00:00,193.942,10.0,92.5,2.18
2025-10-21 07:00:00,228.057,6.8,89.1,0.23
2025-10-21 08:00:00,249.513,9.8,86.1,2.57
2025-10-21 09:00:00,280.28,12.21,75.2,3.98
2025-10-21 10:00:00,324.177,7.7,94.4,1.84
2025-10-21 11:00:00,327.93,15.1,91.5,3.59
2025-10-21 12:00:00,356.578,11.81,80.7,2.17
2025-10-21 13:00:00,362.962,13.19,91.1,3.71
2025-10-21 14:00:00,354.572,14.18,83.2,3.02
2025-10-21 15:00:00,340.097,14.53,72.5,1.48
2025-10-21 16:00:00,322.591,13.7,78.8,2.21
2025-10-21 17:00:00,296.146,14.56,77.3,2.57
2025-10-21 18:00:00,268.15,13.32,82.9,2.53
2025-10-21 19:00:00,229.941,14.69,85.4,7.75
2025-10-21 20:00:00,196.128,11.98,97.7,2.47
2025-10-21 21:00:00,175.441,13.51,75.9,6.64
2025-10-21 22:00:00,175.321,11.03,85.0,1.13
2025-10-21 23:00:00,188.825,5.98,89.7,3.62
2025-10-22 00:00:00,182.354,12.3,78.6,4.77
2025-10-22 01:00:00,194.794,6.73,94.5,0.69
2025-10-22 02:00:00,190.597,9.74,89.8,4.06
2025-10-22 03:00:00,199.461,7.29,82.3,0.33
2025-10-22 04:00:00,190.494,9.05,90.8,1.66
2025-10-22 05:00:00,196.357,6.55,87.0,2.82
2025-10-22 06:00:00,189.363,9.13,90.7,7.84
2025-10-22 07:00:00,223.23,8.34,99.3,4.07
2025-10-22 08:00:00,245.878,12.0,89.4,1.61
2025-10-22 09:00:00,284.956,10.95,89.1,5.58
2025-10-22 10:00:00,312.259,12.52,82.7,0.88
2025-10-22 11:00:00,342.105,8.29,92.2,0.45
2025-10-22 12:00:00,349.746,12.23,89.7,3.58
2025-10-22 13:00:00,346.063,13.5,87.3,1.8
2025-10-22 14:00:00,345.188,13.5,83.9,2.91
2025-10-22 15:00:00,334.442,14.79,84.0,0.87
2025-10-22 16:00:00,319.077,12.56,77.9,5.99
2025-10-22 17:00:00,297.62,12.92,80.9,5.6
2025-10-22 18:00:00,264.829,14.26,87.7,0.67
2025-10-22 19:00:00,252.242,8.1,97.1,1.1
2025-10-22 20:00:00,204.999,11.97,87.2,6.68
2025-10-22 21:00:00,194.735,9.71,98.7,1.78
2025-10-22 22:00:00,203.118,8.01,95.2,0.91
2025-10-22 23:00:00,187.939,9.29,89.0,3.17
2025-10-23 00:00:00,191.134,9.97,82.1,1.88
2025-10-23 01:00:00,191.534,9.19,99.2,0.87
2025-10-23 02:00:00,206.036,7.01,98.2,8.02
2025-10-23 03:00:00,201.937,8.53,100.0,0.44
2025-10-23 04:00:00,194.083,8.62,100.0,2.37
2025-10-23 05:00:00,198.979,7.39,85.3,4.85
2025-10-23 06:00:00,197.108,6.9,86.0,6.28
2025-10-23 07:00:00,222.276,7.61,75.6,4.13
2025-10-23 08:00:00,249.04,10.69,93.9,5.06
2025-10-23 09:00:00,284.327,10.06,93.3,4.5
2025-10-23 10:00:00,320.467,9.23,91.1,2.82
2025-10-23 11:00:00,352.104,8.93,83.5,1.33
2025-10-23 12:00:00,349.683,13.58,83.9,1.97
2025-10-23 13:00:00,363.466,11.85,87.9,1.03
2025-10-23 14:00:00,357.762,13.56,89.1,3.01
2025-10-23 15:00:00,334.481,15.11,83.9,1.31
2025-10-23 16:00:00,330.78,10.93,92.1,2.43
2025-10-23 17:00:00,306.585,12.65,84.9,2.23
2025-10-23 18:00:00,274.095,11.98,93.7,3.41
2025-10-23 19:00:00,234.818,12.24,90.1,2.42
2025-10-23 20:00:00,191.533,12.89,78.2,2.6
2025-10-23 21:00:00,191.694,8.0,100.0,0.77
2025-10-23 22:00:00,183.352,10.26,96.4,1.62
2025-10-23 23:00:00,188.002,10.28,91.8,0.03
2025-10-24 00:00:00,185.179,7.59,94.5,4.0
2025-10-24 01:00:00,195.225,7.19,100.0,2.12
2025-10-24 02:00:00,198.937,7.78,82.7,1.89
2025-10-24 03:00:00,195.457,7.56,100.0,3.08
2025-10-24 04:00:00,195.385,8.04,89.3,2.75
2025-10-24 05:00:00,194.15,8.31,98.3,3.03
2025-10-24 06:00:00,201.533,6.32,95.3,3.42
2025-10-24 07:00:00,219.998,10.09,81.8,2.38
2025-10-24 08:00:00,247.128,11.1,84.9,1.01
2025-10-24 09:00:00,277.21,10.31,95.1,0.86
2025-10-24 10:00:00,310.115,8.4,90.4,1.51
2025-10-24 11:00:00,336.989,11.33,83.8,7.32
2025-10-24 12:00:00,346.798,12.44,82.2,2.66
2025-10-24 13:00:00,360.14,10.78,92.2,3.75
2025-10-24 14:00:00,359.778,12.33,96.6,1.94
2025-10-24 15:00:00,353.784,10.75,75.5,2.25
2025-10-24 16:00:00,330.174,13.88,100.0,1.34
2025-10-24 17:00:00,316.476,12.87,86.6,3.86
2025-10-24 18:00:00,291.999,9.5,93.6,2.1
2025-10-24 19:00:00,253.367,12.07,83.9,4.14
2025-10-24 20:00:00,211.723,10.7,88.4,0.26
2025-10-24 21:00:00,194.713,10.84,89.4,4.29
2025-10-24 22:00:00,195.651,8.61,85.1,1.16
2025-10-24 23:00:00,200.465,7.23,88.4,1.35
2025-10-25 00:00:00,208.045,6.54,100.0,5.0
2025-10-25 01:00:00,208.282,6.43,85.1,5.49
2025-10-25 02:00:00,199.4,7.02,96.2,2.83
2025-10-25 03:00:00,195.989,7.13,91.2,5.24
2025-10-25 04:00:00,202.445,6.69,88.3,1.62
2025-10-25 05:00:00,198.721,6.61,100.0,1.88
2025-10-25 06:00:00,205.059,7.21,87.6,6.39
2025-10-25 07:00:00,190.299,12.4,79.3,0.38
2025-10-25 08:00:00,194.415,7.88,91.2,3.81
2025-10-25 09:00:00,206.495,9.0,86.2,2.35
2025-10-25 10:00:00,192.745,15.94,81.1,3.12
2025-10-25 11:00:00,205.186,12.06,87.4,2.78
2025-10-25 12:00:00,222.011,9.8,91.1,3.08
2025-10-25 13:00:00,212.661,13.84,83.3,2.31
2025-10-25 14:00:00,215.607,11.33,83.3,3.04
2025-10-25 15:00:00,200.27,14.34,87.2,3.77
2025-10-25 16:00:00,197.038,12.45,85.3,1.96
2025-10-25 17:00:00,202.251,11.78,83.9,2.36
2025-10-25 18:00:00,171.314,14.59,91.9,2.96
2025-10-25 19:00:00,168.934,12.3,85.5,5.27
2025-10-25 20:00:00,167.535,12.22,92.8,0.59
2025-10-25 21:00:00,172.819,10.59,95.9,1.09
2025-10-25 22:00:00,189.855,8.4,99.4,8.18
2025-10-25 23:00:00,187.525,9.37,94.4,3.48
2025-10-26 00:00:00,187.573,9.58,90.0,3.39
2025-10-26 01:00:00,195.777,7.39,92.7,11.04
2025-10-26 02:00:00,189.126,9.76,88.3,3.35
2025-10-26 03:00:00,192.816,8.13,79.0,1.77
2025-10-26 04:00:00,196.26,7.21,97.6,0.21
2025-10-26 05:00:00,206.308,7.58,94.3,2.26
2025-10-26 06:00:00,201.128,7.87,97.3,2.69
2025-10-26 07:00:00,204.546,6.27,93.9,4.72
2025-10-26 08:00:00,187.873,8.85,95.0,4.89
2025-10-26 09:00:00,196.816,10.13,81.0,3.89
2025-10-26 10:00:00,200.568,9.88,82.5,5.41
2025-10-26 11:00:00,211.488,11.81,72.0,3.05
2025-10-26 12:00:00,216.634,11.93,85.9,0.61
2025-10-26 13:00:00,218.024,13.61,79.7,2.13
2025-10-26 14:00:00,210.77,13.73,78.8,2.14
2025-10-26 15:00:00,209.219,13.04,87.2,2.85
2025-10-26 16:00:00,214.749,10.48,86.2,5.54
2025-10-26 17:00:00,185.139,15.23,73.5,2.52
2025-10-26 18:00:00,182.755,11.67,100.0,2.57
2025-10-26 19:00:00,187.857,11.14,87.6,11.99
2025-10-26 20:00:00,185.541,10.0,82.9,1.17
2025-10-26 21:00:00,196.146,8.99,86.8,3.26
2025-10-26 22:00:00,186.98,11.47,86.3,1.65
2025-10-26 23:00:00,178.23,10.49,87.7,3.51
2025-10-27 00:00:00,194.526,8.24,99.7,6.0
2025-10-27 01:00:00,197.821,6.88,93.3,4.35
2025-10-27 02:00:00,201.861,7.75,100.0,3.22
2025-10-27 03:00:00,204.292,6.77,91.3,2.6
2025-10-27 04:00:00,195.332,6.45,96.9,5.41
2025-10-27 05:00:00,201.185,7.6,98.9,4.54
2025-10-27 06:00:00,201.681,6.83,100.0,2.63
2025-10-27 07:00:00,224.613,8.56,99.3,11.12
2025-10-27 08:00:00,251.265,9.2,88.9,1.46
2025-10-27 09:00:00,288.33,10.62,88.5,10.56
2025-10-27 10:00:00,315.512,9.44,75.3,5.56
2025-10-27 11:00:00,336.858,12.29,85.0,0.88
2025-10-27 12:00:00,349.596,10.32,95.5,1.59
2025-10-27 13:00:00,362.628,11.33,92.9,3.23
2025-10-27 14:00:00,364.539,11.7,86.5,0.68
2025-10-27 15:00:00,361.191,10.94,98.3,4.62
2025-10-27 16:00:00,332.216,14.18,81.3,2.54
2025-10-27 17:00:00,313.471,10.7,84.1,4.76
2025-10-27 18:00:00,282.861,10.66,85.7,4.34
2025-10-27 19:00:00,234.412,13.16,78.2,2.22
2025-10-27 20:00:00,203.661,9.52,93.8,1.62
2025-10-27 21:00:00,190.117,9.35,92.0,0.32
2025-10-27 22:00:00,195.995,7.26,96.9,10.88
2025-10-27 23:00:00,200.058,9.49,87.6,4.14
2025-10-28 00:00:00,187.739,8.77,90.8,0.98
2025-10-28 01:00:00,197.645,8.12,79.0,2.53
2025-10-28 02:00:00,195.104,7.5,95.2,5.37
2025-10-28 03:00:00,196.541,6.65,94.7,2.8
2025-10-28 04:00:00,198.889,5.8,88.7,0.76
2025-10-28 05:00:00,201.871,5.63,94.9,4.52
2025-10-28 06:00:00,197.119,9.48,88.6,0.77
2025-10-28 07:00:00,221.92,9.26,100.0,4.97
2025-10-28 08:00:00,257.131,7.65,86.3,3.58
2025-10-28 09:00:00,298.272,9.6,92.0,2.6
2025-10-28 10:00:00,320.531,9.83,83.1,2.51
2025-10-28 11:00:00,345.142,9.23,87.1,2.14
2025-10-28 12:00:00,352.297,11.94,88.3,4.13
2025-10-28 13:00:00,357.545,11.47,86.1,0.94
2025-10-28 14:00:00,360.151,10.91,88.1,1.72
2025-10-28 15:00:00,363.486,10.17,91.2,6.86
2025-10-28 16:00:00,352.4,9.93,86.5,10.1
2025-10-28 17:00:00,323.903,11.54,92.6,2.34
2025-10-28 18:00:00,282.823,11.52,85.4,2.97
2025-10-28 19:00:00,253.106,9.63,89.3,1.1
2025-10-28 20:00:00,209.15,11.35,89.7,1.43
2025-10-28 21:00:00,197.928,9.43,91.6,0.34
2025-10-28 22:00:00,187.282,9.68,93.7,0.6
2025-10-28 23:00:00,189.325,7.74,94.5,1.92
2025-10-29 00:00:00,203.934,6.04,97.8,5.12
2025-10-29 01:00:00,206.783,7.0,91.6,2.6
2025-10-29 02:00:00,211.857,4.5,90.7,6.64
2025-10-29 03:00:00,207.509,7.28,84.6,1.74
2025-10-29 04:00:00,217.67,5.02,86.3,5.82
2025-10-29 05:00:00,207.467,8.29,100.0,12.23
2025-10-29 06:00:00,199.74,6.75,80.7,3.51
2025-10-29 07:00:00,211.559,9.62,97.1,0.31
2025-10-29 08:00:00,252.204,6.84,88.9,0.3
2025-10-29 09:00:00,286.295,8.33,98.9,0.64
2025-10-29 10:00:00,311.897,10.8,75.1,1.36
2025-10-29 11:00:00,330.94,12.79,84.1,4.88
2025-10-29 12:00:00,339.795,14.21,92.2,1.87
2025-10-29 13:00:00,359.093,12.08,90.8,5.81
2025-10-29 14:00:00,345.404,15.26,80.0,1.59
2025-10-29 15:00:00,355.868,11.95,75.0,11.94
2025-10-29 16:00:00,335.694,14.07,75.8,6.9
2025-10-29 17:00:00,318.565,10.51,97.0,1.76
2025-10-29 18:00:00,277.806,12.21,84.2,1.21
2025-10-29 19:00:00,259.077,7.17,92.9,6.96
2025-10-29 20:00:00,222.81,8.4,93.3,0.96
2025-10-29 21:00:00,198.935,10.16,81.4,1.65
2025-10-29 22:00:00,198.905,6.54,96.7,0.94
2025-10-29 23:00:00,192.987,8.6,88.8,3.15
2025-10-30 00:00:00,192.142,8.63,93.1,6.09
2025-10-30 01:00:00,196.783,5.9,91.7,1.82
2025-10-30 02:00:00,220.674,4.85,87.2,5.24
2025-10-30 03:00:00,206.775,5.54,93.1,3.32
2025-10-30 04:00:00,206.402,4.86,100.0,0.91
2025-10-30 05:00:00,207.696,6.54,96.6,1.7
2025-10-30 06:00:00,199.676,7.34,93.3,0.6
2025-10-30 07:00:00,227.053,7.31,98.6,8.37
2025-10-30 08:00:00,249.773,11.2,86.5,2.91
2025-10-30 09:00:00,293.065,8.15,92.3,2.57
2025-10-30 10:00:00,309.378,12.3,83.3,2.86
2025-10-30 11:00:00,344.16,9.13,96.4,1.18
2025-10-30 12:00:00,347.907,11.54,89.0,1.89
2025-10-30 13:00:00,350.181,13.79,80.8,3.49
2025-10-30 14:00:00,350.681,14.01,74.9,0.45
2025-10-30 15:00:00,356.407,11.63,93.8,0.23
2025-10-30 16:00:00,328.603,13.09,80.6,1.56
2025-10-30 17:00:00,300.284,12.57,86.2,1.35
2025-10-30 18:00:00,282.628,10.56,100.0,6.37
2025-10-30 19:00:00,243.716,11.79,91.7,1.18
2025-10-30 20:00:00,196.487,13.06,94.8,3.55
2025-10-30 21:00:00,184.349,10.05,86.1,1.34
2025-10-30 22:00:00,185.491,9.43,96.6,3.39
2025-10-30 23:00:00,191.914,8.88,91.1,2.95
2025-10-31 00:00:00,206.774,4.72,99.0,7.5
2025-10-31 01:00:00,207.384,7.32,100.0,1.08
2025-10-31 02:00:00,210.928,4.66,95.2,1.08
2025-10-31 03:00:00,219.367,5.24,96.2,13.25
2025-10-31 04:00:00,203.008,9.74,84.3,5.94
2025-10-31 05:00:00,203.317,6.18,100.0,1.67
2025-10-31 06:00:00,209.376,5.88,91.8,1.14
2025-10-31 07:00:00,216.442,9.53,96.2,0.99
2025-10-31 08:00:00,257.137,6.89,83.9,5.75
2025-10-31 09:00:00,288.341,8.47,94.8,1.44
2025-10-31 10:00:00,310.589,11.96,82.8,1.22
2025-10-31 11:00:00,338.083,10.75,92.7,1.19
2025-10-31 12:00:00,359.193,8.81,91.0,3.96
2025-10-31 13:00:00,356.321,12.65,82.5,2.11
2025-10-31 14:00:00,362.453,11.45,85.1,5.89
2025-10-31 15:00:00,340.905,14.65,77.8,9.6
2025-10-31 16:00:00,337.876,11.11,92.9,2.96
2025-10-31 17:00:00,305.795,13.46,78.3,3.2
2025-10-31 18:00:00,264.552,14.15,82.0,2.01
2025-10-31 19:00:00,240.203,9.32,92.4,2.86
2025-10-31 20:00:00,209.11,9.65,99.6,0.34
2025-10-31 21:00:00,197.537,9.81,89.6,3.43
2025-10-31 22:00:00,198.372,7.04,92.1,5.0
2025-10-31 23:00:00,195.934,8.12,93.7,0.93
2025-11-01 00:00:00,199.375,6.59,81.7,8.5
2025-11-01 01:00:00,202.773,6.08,87.7,1.59
2025-11-01 02:00:00,213.439,6.25,92.4,6.98
2025-11-01 03:00:00,219.357,6.18,90.5,4.23
2025-11-01 04:00:00,209.424,6.43,84.8,0.82
2025-11-01 05:00:00,213.511,5.51,100.0,5.66
2025-11-01 06:00:00,211.705,6.06,96.5,2.59
2025-11-01 07:00:00,198.282,7.38,93.9,3.7
2025-11-01 08:00:00,191.745,8.22,87.7,2.05
2025-11-01 09:00:00,192.688,8.37,92.2,2.32
2025-11-01 10:00:00,205.138,10.36,92.0,0.46
2025-11-01 11:00:00,233.27,7.66,91.1,3.91
2025-11-01 12:00:00,236.443,10.02,92.0,2.54
2025-11-01 13:00:00,231.193,11.22,82.9,3.22
2025-11-01 14:00:00,229.424,10.6,89.2,3.77
2025-11-01 15:00:00,210.034,14.67,89.7,3.57
2025-11-01 16:00:00,210.967,12.0,94.0,4.03
2025-11-01 17:00:00,198.283,11.95,94.6,0.44
2025-11-01 18:00:00,189.611,10.42,90.5,2.1
2025-11-01 19:00:00,180.209,10.54,88.8,0.81
2025-11-01 20:00:00,192.001,7.9,89.6,0.13
2025-11-01 21:00:00,192.294,8.8,80.2,3.64
2025-11-01 22:00:00,204.119,6.79,85.8,9.47
2025-11-01 23:00:00,205.813,7.12,92.4,0.16
2025-11-02 00:00:00,211.721,2.73,98.9,3.93
2025-11-02 01:00:00,212.751,4.55,100.0,1.91
2025-11-02 02:00:00,200.062,8.4,99.5,2.33
2025-11-02 03:00:00,199.019,7.28,89.1,3.83
2025-11-02 04:00:00,193.024,8.16,96.9,3.44
2025-11-02 05:00:00,190.244,8.57,88.5,2.05
2025-11-02 06:00:00,189.556,7.91,96.4,1.6
2025-11-02 07:00:00,202.152,6.73,98.8,3.47
2025-11-02 08:00:00,204.457,6.52,100.0,0.24
2025-11-02 09:00:00,201.515,10.79,85.3,3.81
2025-11-02 10:00:00,201.14,9.83,95.7,1.91
2025-11-02 11:00:00,210.568,14.44,71.9,6.52
2025-11-02 12:00:00,219.602,10.49,96.5,2.5
2025-11-02 13:00:00,221.556,14.71,82.7,6.29
2025-11-02 14:00:00,224.496,11.6,87.1,1.04
2025-11-02 15:00:00,209.245,14.09,71.5,0.95
2025-11-02 16:00:00,204.996,14.56,80.7,1.31
2025-11-02 17:00:00,207.396,9.91,97.7,7.34
2025-11-02 18:00:00,192.58,10.3,86.4,2.42
2025-11-02 19:00:00,190.491,8.8,95.4,1.54
2025-11-02 20:00:00,199.963,7.76,92.7,3.42
2025-11-02 21:00:00,188.729,10.02,95.7,1.37
2025-11-02 22:00:00,192.988,7.86,93.5,3.39
2025-11-02 23:00:00,194.375,7.54,87.3,2.41
2025-11-03 00:00:00,193.593,7.61,93.1,1.49
2025-11-03 01:00:00,208.347,3.27,100.0,2.52
2025-11-03 02:00:00,209.0,8.0,95.2,2.52
2025-11-03 03:00:00,216.054,5.28,95.3,4.67
2025-11-03 04:00:00,208.768,6.79,100.0,0.77
2025-11-03 05:00:00,201.564,7.23,100.0,1.71
2025-11-03 06:00:00,193.751,8.91,95.8,3.0
2025-11-03 07:00:00,221.664,7.17,95.3,1.24
2025-11-03 08:00:00,274.7,4.66,100.0,2.18
2025-11-03 09:00:00,296.818,8.93,95.5,1.46
2025-11-03 10:00:00,322.499,9.93,76.4,1.85
2025-11-03 11:00:00,347.76,8.68,93.6,0.96
2025-11-03 12:00:00,357.542,11.19,86.8,9.49
2025-11-03 13:00:00,365.14,10.86,85.2,0.25
2025-11-03 14:00:00,365.143,9.59,88.8,1.46
2025-11-03 15:00:00,355.774,12.91,76.0,2.49
2025-11-03 16:00:00,337.13,10.83,77.4,2.47
2025-11-03 17:00:00,314.127,10.78,95.8,5.81
2025-11-03 18:00:00,288.574,10.22,91.9,0.76
2025-11-03 19:00:00,240.857,12.31,71.7,0.48
2025-11-03 20:00:00,208.103,9.55,86.6,1.64
2025-11-03 21:00:00,187.178,8.96,96.1,2.49
2025-11-03 22:00:00,193.583,7.36,91.4,1.96
2025-11-03 23:00:00,199.055,8.08,99.6,4.96
2025-11-04 00:00:00,191.898,8.76,97.4,0.86
2025-11-04 01:00:00,199.6,7.16,85.2,1.51
2025-11-04 02:00:00,202.132,6.92,92.8,3.77
2025-11-04 03:00:00,207.947,6.69,91.3,2.52
2025-11-04 04:00:00,214.387,3.62,90.0,5.9
2025-11-04 05:00:00,213.768,4.72,88.1,2.53
2025-11-04 06:00:00,202.392,6.27,89.8,0.75
2025-11-04 07:00:00,231.925,6.06,91.1,5.39
2025-11-04 08:00:00,265.647,6.24,96.4,4.97
2025-11-04 09:00:00,307.495,5.73,100.0,3.39
2025-11-04 10:00:00,333.779,7.34,96.2,10.65
2025-11-04 11:00:00,346.72,9.81,94.2,2.62
2025-11-04 12:00:00,356.31,10.73,86.8,2.78
2025-11-04 13:00:00,369.211,10.05,92.9,4.88
2025-11-04 14:00:00,373.308,11.75,86.1,3.11
2025-11-04 15:00:00,345.672,11.03,85.3,2.76
2025-11-04 16:00:00,326.714,13.37,96.1,0.46
2025-11-04 17:00:00,313.908,11.06,73.9,0.66
2025-11-04 18:00:00,277.12,11.96,75.4,0.66
2025-11-04 19:00:00,247.923,10.55,90.9,1.88
2025-11-04 20:00:00,226.496,7.26,91.7,6.09
2025-11-04 21:00:00,208.503,8.58,82.8,8.27
2025-11-04 22:00:00,207.56,5.97,88.7,6.66
2025-11-04 23:00:00,210.384,7.05,88.0,6.86
2025-11-05 00:00:00,212.694,5.3,100.0,1.11
2025-11-05 01:00:00,207.572,6.62,100.0,2.52
2025-11-05 02:00:00,217.706,3.56,100.0,0.98
2025-11-05 03:00:00,217.505,5.63,86.0,3.28
2025-11-05 04:00:00,209.22,6.63,85.9,1.9
2025-11-05 05:00:00,203.974,7.46,84.3,0.48
2025-11-05 06:00:00,211.541,5.27,100.0,3.61
2025-11-05 07:00:00,228.535,7.14,95.9,1.34
2025-11-05 08:00:00,263.559,8.13,92.5,2.32
2025-11-05 09:00:00,279.765,11.08,89.3,1.61
2025-11-05 10:00:00,322.639,7.02,93.2,3.97
2025-11-05 11:00:00,351.202,8.65,84.6,2.84
2025-11-05 12:00:00,341.566,15.22,85.2,2.5
2025-11-05 13:00:00,365.267,10.77,87.2,6.5
2025-11-05 14:00:00,374.278,8.48,84.3,1.7
2025-11-05 15:00:00,367.808,10.68,91.9,3.45
2025-11-05 16:00:00,359.716,7.08,90.9,1.76
2025-11-05 17:00:00,325.246,11.59,88.5,12.13
2025-11-05 18:00:00,286.907,12.03,85.8,5.54
2025-11-05 19:00:00,259.925,8.65,96.6,7.95
2025-11-05 20:00:00,228.714,8.63,92.6,2.78
2025-11-05 21:00:00,204.692,10.09,84.0,5.7
2025-11-05 22:00:00,208.518,5.03,98.3,0.89
2025-11-05 23:00:00,209.864,4.99,98.5,0.75
2025-11-06 00:00:00,209.321,6.01,98.1,2.11
2025-11-06 01:00:00,208.417,4.69,100.0,3.22
2025-11-06 02:00:00,211.177,5.13,92.5,6.13
2025-11-06 03:00:00,213.407,3.47,100.0,2.61
2025-11-06 04:00:00,206.46,5.94,84.7,2.09
2025-11-06 05:00:00,212.871,5.66,94.8,4.55
2025-11-06 06:00:00,208.397,7.25,91.6,7.66
2025-11-06 07:00:00,227.157,7.32,100.0,4.78
2025-11-06 08:00:00,258.271,8.05,91.2,3.63
2025-11-06 09:00:00,299.073,6.18,98.4,5.67
2025-11-06 10:00:00,321.754,10.06,78.7,5.36
2025-11-06 11:00:00,339.542,9.47,88.0,4.79
2025-11-06 12:00:00,354.236,10.35,83.8,5.46
2025-11-06 13:00:00,352.474,12.77,100.0,3.29
2025-11-06 14:00:00,362.144,10.24,85.1,8.73
2025-11-06 15:00:00,343.229,13.66,84.7,0.77
2025-11-06 16:00:00,322.218,13.71,85.0,4.1
2025-11-06 17:00:00,306.679,12.3,76.6,1.44
2025-11-06 18:00:00,294.864,9.05,87.6,3.05
2025-11-06 19:00:00,269.133,6.5,96.7,0.82
2025-11-06 20:00:00,213.27,11.0,88.5,1.85
2025-11-06 21:00:00,201.956,8.67,77.5,2.06
2025-11-06 22:00:00,204.163,6.53,90.9,3.75
2025-11-06 23:00:00,194.047,8.87,97.1,1.71
2025-11-07 00:00:00,211.525,4.88,100.0,2.21
2025-11-07 01:00:00,221.842,5.11,100.0,4.7
2025-11-07 02:00:00,208.074,6.33,88.6,6.22
2025-11-07 03:00:00,221.746,3.6,100.0,1.99
2025-11-07 04:00:00,215.407,5.31,95.7,6.91
2025-11-07 05:00:00,205.764,7.53,100.0,4.47
2025-11-07 06:00:00,208.397,6.6,94.2,6.85
2025-11-07 07:00:00,230.713,8.88,78.7,2.9
2025-11-07 08:00:00,256.282,9.42,95.3,2.17
2025-11-07 09:00:00,292.243,8.4,89.0,2.56
2025-11-07 10:00:00,336.883,5.42,93.6,3.67
2025-11-07 11:00:00,359.698,8.11,83.3,2.85
2025-11-07 12:00:00,363.268,11.73,96.7,2.91
2025-11-07 13:00:00,381.057,8.5,88.4,4.44
2025-11-07 14:00:00,369.781,10.76,97.8,1.73
2025-11-07 15:00:00,348.889,11.93,84.1,3.14
2025-11-07 16:00:00,335.151,13.63,78.7,0.81
2025-11-07 17:00:00,312.262,10.06,97.2,2.68
2025-11-07 18:00:00,285.232,9.48,89.7,2.03
2025-11-07 19:00:00,250.134,9.8,89.3,2.1
2025-11-07 20:00:00,209.736,9.72,82.1,1.0
2025-11-07 21:00:00,198.185,8.14,89.3,1.65
2025-11-07 22:00:00,195.775,9.29,93.0,3.75
2025-11-07 23:00:00,205.788,5.61,87.8,1.22
2025-11-08 00:00:00,207.588,6.34,91.3,0.42
2025-11-08 01:00:00,209.691,6.39,91.9,4.15
2025-11-08 02:00:00,214.794,4.73,97.2,10.19
2025-11-08 03:00:00,206.481,6.62,100.0,1.57
2025-11-08 04:00:00,216.305,5.61,93.7,8.62
2025-11-08 05:00:00,205.017,6.94,89.5,0.37
2025-11-08 06:00:00,203.717,6.46,100.0,3.98
2025-11-08 07:00:00,205.14,7.37,90.5,1.43
2025-11-08 08:00:00,208.79,6.48,93.2,10.02
2025-11-08 09:00:00,210.769,7.26,91.1,2.37
2025-11-08 10:00:00,206.851,11.01,86.3,1.67
2025-11-08 11:00:00,218.343,10.79,88.8,0.06
2025-11-08 12:00:00,233.774,8.76,96.7,4.93
2025-11-08 13:00:00,231.837,11.16,90.2,4.71
2025-11-08 14:00:00,237.218,7.37,99.5,6.68
2025-11-08 15:00:00,229.76,10.35,95.2,3.28
2025-11-08 16:00:00,210.266,12.71,86.9,2.17
2025-11-08 17:00:00,200.098,10.67,90.7,5.89
2025-11-08 18:00:00,186.881,10.58,95.2,1.86
2025-11-08 19:00:00,205.111,4.95,89.8,0.75
2025-11-08 20:00:00,204.735,8.42,100.0,3.88
2025-11-08 21:00:00,194.376,8.81,88.0,5.44
2025-11-08 22:00:00,190.328,8.24,89.8,0.59
2025-11-08 23:00:00,196.503,8.31,84.5,3.1
2025-11-09 00:00:00,203.834,5.7,88.3,4.95
2025-11-09 01:00:00,210.598,5.3,100.0,1.73
2025-11-09 02:00:00,219.624,3.13,100.0,8.54
2025-11-09 03:00:00,218.471,4.83,93.2,1.57
2025-11-09 04:00:00,215.062,3.25,100.0,1.57
2025-11-09 05:00:00,224.029,2.61,100.0,1.88
2025-11-09 06:00:00,210.543,4.3,100.0,1.15
2025-11-09 07:00:00,202.306,9.08,100.0,1.57
2025-11-09 08:00:00,202.685,6.95,100.0,3.02
2025-11-09 09:00:00,207.662,8.51,90.0,1.3
2025-11-09 10:00:00,219.432,8.12,95.2,4.18
2025-11-09 11:00:00,224.95,6.8,97.7,0.66
2025-11-09 12:00:00,227.979,11.78,86.8,1.31
2025-11-09 13:00:00,244.61,7.28,86.6,8.65
2025-11-09 14:00:00,238.691,10.17,84.4,1.53
2025-11-09 15:00:00,223.307,11.07,94.8,2.66
2025-11-09 16:00:00,214.131,11.43,94.9,2.83
2025-11-09 17:00:00,201.197,9.6,88.7,1.07
2025-11-09 18:00:00,200.951,7.34,94.7,1.41
2025-11-09 19:00:00,193.879,8.38,98.9,3.54
2025-11-09 20:00:00,217.175,7.74,82.3,1.54
2025-11-09 21:00:00,210.661,6.93,91.0,1.46
2025-11-09 22:00:00,204.432,8.94,100.0,1.4
2025-11-09 23:00:00,211.72,4.72,98.6,6.61
2025-11-10 00:00:00,211.344,6.41,87.6,5.71
2025-11-10 01:00:00,214.372,5.71,96.1,3.06
2025-11-10 02:00:00,203.681,6.69,100.0,2.33
2025-11-10 03:00:00,207.484,4.84,81.3,2.93
2025-11-10 04:00:00,211.082,6.42,95.5,3.73
2025-11-10 05:00:00,211.628,5.18,93.9,3.75
2025-11-10 06:00:00,203.791,6.63,84.3,1.55
2025-11-10 07:00:00,234.898,4.15,98.1,1.98
2025-11-10 08:00:00,272.482,3.05,98.3,1.82
2025-11-10 09:00:00,288.237,8.66,91.1,3.25
2025-11-10 10:00:00,312.354,9.52,88.0,6.39
2025-11-10 11:00:00,338.493,10.31,82.8,2.67
2025-11-10 12:00:00,363.334,9.33,81.6,2.86
2025-11-10 13:00:00,370.925,13.03,81.0,1.3
2025-11-10 14:00:00,369.295,10.21,94.3,0.55
2025-11-10 15:00:00,350.687,11.73,88.4,1.94
2025-11-10 16:00:00,335.48,11.9,86.3,4.31
2025-11-10 17:00:00,308.037,13.4,78.4,1.33
2025-11-10 18:00:00,288.713,9.67,87.6,0.43
2025-11-10 19:00:00,261.947,8.51,95.9,3.85
2025-11-10 20:00:00,231.071,6.43,97.4,3.56
2025-11-10 21:00:00,202.23,10.54,85.8,1.61
2025-11-10 22:00:00,201.845,7.95,76.6,1.45
2025-11-10 23:00:00,196.138,7.28,89.2,2.06
2025-11-11 00:00:00,178.572,10.81,85.4,1.71
2025-11-11 01:00:00,207.866,5.87,89.7,7.5
2025-11-11 02:00:00,217.542,2.96,96.8,2.02
2025-11-11 03:00:00,219.001,4.63,100.0,3.38
2025-11-11 04:00:00,208.82,3.49,98.3,2.27
2025-11-11 05:00:00,219.53,4.71,100.0,3.46
2025-11-11 06:00:00,219.772,5.18,87.1,1.65
2025-11-11 07:00:00,232.705,5.5,93.9,1.6
2025-11-11 08:00:00,269.593,4.94,84.9,2.66
2025-11-11 09:00:00,289.493,10.49,86.2,1.42
2025-11-11 10:00:00,313.594,9.2,84.2,1.94
2025-11-11 11:00:00,345.635,9.08,98.4,4.18
2025-11-11 12:00:00,362.782,11.28,90.1,5.85
2025-11-11 13:00:00,371.003,11.3,93.7,9.17
2025-11-11 14:00:00,361.03,11.28,85.0,3.95
2025-11-11 15:00:00,348.0,12.04,80.4,3.25
2025-11-11 16:00:00,335.29,11.06,81.6,1.18
2025-11-11 17:00:00,311.808,11.61,88.7,5.39
2025-11-11 18:00:00,282.928,11.27,98.5,7.28
2025-11-11 19:00:00,249.699,9.7,92.3,1.86
2025-11-11 20:00:00,212.251,8.37,89.4,8.67
2025-11-11 21:00:00,200.166,10.39,87.7,5.78
2025-11-11 22:00:00,206.887,6.4,94.2,3.99
2025-11-11 23:00:00,206.134,7.07,100.0,2.32
2025-11-12 00:00:00,207.028,6.38,100.0,0.86
2025-11-12 01:00:00,214.564,4.26,99.0,7.52
2025-11-12 02:00:00,215.016,3.65,99.0,0.77
2025-11-12 03:00:00,214.768,4.27,99.2,7.76
2025-11-12 04:00:00,226.099,4.15,100.0,8.35
2025-11-12 05:00:00,224.743,2.9,96.9,1.2
2025-11-12 06:00:00,211.272,4.67,91.8,0.76
2025-11-12 07:00:00,231.712,6.76,100.0,1.81
2025-11-12 08:00:00,247.991,9.08,90.8,2.45
2025-11-12 09:00:00,286.742,8.72,96.9,1.69
2025-11-12 10:00:00,333.992,4.45,100.0,1.79
2025-11-12 11:00:00,344.45,10.36,92.0,2.52
2025-11-12 12:00:00,361.985,9.06,92.9,7.33
2025-11-12 13:00:00,368.828,11.16,100.0,2.28
2025-11-12 14:00:00,368.405,10.71,89.6,4.22
2025-11-12 15:00:00,351.006,10.53,82.1,0.89
2025-11-12 16:00:00,344.45,10.57,86.9,2.8
2025-11-12 17:00:00,314.928,10.4,98.2,1.94
2025-11-12 18:00:00,275.32,12.11,78.7,4.12
2025-11-12 19:00:00,254.294,9.3,85.9,0.82
2025-11-12 20:00:00,218.407,10.35,95.6,6.23
2025-11-12 21:00:00,199.075,9.34,88.7,1.87
2025-11-12 22:00:00,191.61,8.13,91.4,1.37
2025-11-12 23:00:00,208.726,3.48,100.0,8.28
2025-11-13 00:00:00,202.172,7.39,88.7,3.16
2025-11-13 01:00:00,216.053,4.4,88.4,2.48
2025-11-13 02:00:00,215.931,5.98,86.7,0.81
2025-11-13 03:00:00,220.568,3.17,100.0,1.18
2025-11-13 04:00:00,225.081,2.93,100.0,0.85
2025-11-13 05:00:00,206.463,8.29,87.6,2.66
2025-11-13 06:00:00,211.618,4.08,90.7,5.73
2025-11-13 07:00:00,222.116,8.06,90.5,3.35
2025-11-13 08:00:00,260.835,7.14,100.0,2.78
2025-11-13 09:00:00,300.522,7.06,88.5,2.53
2025-11-13 10:00:00,325.065,8.43,87.6,4.8
2025-11-13 11:00:00,358.588,7.15,86.3,2.18
2025-11-13 12:00:00,364.239,9.83,87.4,0.65
2025-11-13 13:00:00,377.628,8.59,93.4,5.29
2025-11-13 14:00:00,372.165,9.99,100.0,1.0
2025-11-13 15:00:00,360.148,12.21,87.6,0.56
2025-11-13 16:00:00,343.804,11.03,87.6,3.24
2025-11-13 17:00:00,325.667,7.96,97.4,0.34
2025-11-13 18:00:00,287.683,11.21,91.9,2.57
2025-11-13 19:00:00,249.842,9.22,87.0,2.94
2025-11-13 20:00:00,210.498,7.64,100.0,3.64
2025-11-13 21:00:00,197.538,8.92,90.8,3.37
2025-11-13 22:00:00,199.909,6.68,95.5,0.77
2025-11-13 23:00:00,213.501,4.36,100.0,4.8
2025-11-14 00:00:00,201.406,8.46,93.6,2.5
2025-11-14 01:00:00,206.419,5.0,100.0,1.91
2025-11-14 02:00:00,198.82,4.59,93.4,0.82
2025-11-14 03:00:00,214.676,3.97,100.0,5.52
2025-11-14 04:00:00,210.806,6.61,95.1,5.15
2025-11-14 05:00:00,218.14,4.18,100.0,1.68
2025-11-14 06:00:00,222.526,3.03,97.9,3.65
2025-11-14 07:00:00,248.049,5.04,94.2,4.32
2025-11-14 08:00:00,261.175,8.97,95.2,2.09
2025-11-14 09:00:00,291.72,8.95,93.0,5.19
2025-11-14 10:00:00,326.439,7.99,87.3,5.38
2025-11-14 11:00:00,342.327,11.32,95.6,0.47
2025-11-14 12:00:00,359.138,10.94,92.5,4.21
2025-11-14 13:00:00,371.567,9.79,89.2,1.72
2025-11-14 14:00:00,371.054,10.25,86.2,1.24
2025-11-14 15:00:00,357.1,11.15,90.0,0.35
2025-11-14 16:00:00,350.158,9.19,94.5,2.77
2025-11-14 17:00:00,314.737,10.23,79.5,2.04
2025-11-14 18:00:00,283.124,10.24,91.3,1.65
2025-11-14 19:00:00,269.62,6.42,98.3,4.41
2025-11-14 20:00:00,229.394,8.1,78.0,16.01
2025-11-14 21:00:00,213.04,7.14,94.6,3.68
2025-11-14 22:00:00,207.401,8.49,95.7,2.03
2025-11-14 23:00:00,217.911,3.17,100.0,5.3
2025-11-15 00:00:00,211.78,4.79,100.0,1.06
2025-11-15 01:00:00,220.288,4.15,95.6,1.73
2025-11-15 02:00:00,211.384,6.16,88.5,2.91
2025-11-15 03:00:00,213.758,4.45,86.4,2.94
2025-11-15 04:00:00,198.212,7.49,99.5,4.91
2025-11-15 05:00:00,205.858,5.98,99.2,7.16
2025-11-15 06:00:00,215.286,4.74,100.0,4.82
2025-11-15 07:00:00,210.041,6.4,90.1,7.21
2025-11-15 08:00:00,205.225,6.17,99.6,7.43
2025-11-15 09:00:00,204.487,8.89,81.9,3.24
2025-11-15 10:00:00,220.137,6.16,89.6,2.31
2025-11-15 11:00:00,230.004,7.7,93.4,4.09
2025-11-15 12:00:00,226.371,10.37,92.9,0.53
2025-11-15 13:00:00,231.935,12.08,96.6,4.89
2025-11-15 14:00:00,243.947,6.89,92.3,4.46
2025-11-15 15:00:00,215.256,12.72,80.4,1.03
2025-11-15 16:00:00,216.152,10.19,83.6,6.73
2025-11-15 17:00:00,217.708,7.1,89.3,5.51
2025-11-15 18:00:00,221.426,4.84,100.0,3.93
2025-11-15 19:00:00,210.73,6.57,98.7,2.29
2025-11-15 20:00:00,202.961,8.26,98.5,6.9
2025-11-15 21:00:00,208.227,7.41,91.6,0.58
2025-11-15 22:00:00,197.81,7.75,92.5,2.49
2025-11-15 23:00:00,210.955,5.14,100.0,4.24
2025-11-16 00:00:00,219.256,3.52,95.4,5.87
2025-11-16 01:00:00,217.881,4.15,95.8,5.4
2025-11-16 02:00:00,213.206,4.57,93.0,0.95
2025-11-16 03:00:00,220.34,4.78,94.0,3.62
2025-11-16 04:00:00,224.181,3.25,99.1,2.97
2025-11-16 05:00:00,215.178,6.26,89.7,0.48
2025-11-16 06:00:00,219.444,4.3,99.1,0.87
2025-11-16 07:00:00,217.863,4.52,98.8,0.36
2025-11-16 08:00:00,207.28,5.77,94.2,0.48
2025-11-16 09:00:00,198.834,9.13,85.6,0.95
2025-11-16 10:00:00,220.955,7.98,92.9,2.35
2025-11-16 11:00:00,231.145,7.8,89.4,2.46
2025-11-16 12:00:00,228.636,11.02,88.3,3.53
2025-11-16 13:00:00,227.308,13.44,91.2,1.51
2025-11-16 14:00:00,224.747,10.65,81.0,6.09
2025-11-16 15:00:00,207.359,12.39,99.1,5.17
2025-11-16 16:00:00,197.631,11.97,86.2,3.42
2025-11-16 17:00:00,203.001,9.04,93.2,7.94
2025-11-16 18:00:00,195.021,9.58,85.5,3.19
2025-11-16 19:00:00,204.932,6.86,100.0,0.67
2025-11-16 20:00:00,204.964,7.86,91.6,4.15
2025-11-16 21:00:00,194.827,6.41,92.1,2.83
2025-11-16 22:00:00,214.22,5.99,91.6,1.88
2025-11-16 23:00:00,212.818,4.71,95.2,2.1
2025-11-17 00:00:00,219.86,4.73,99.3,3.72
2025-11-17 01:00:00,216.871,5.56,96.6,3.32
2025-11-17 02:00:00,220.592,4.22,97.3,9.07
2025-11-17 03:00:00,227.708,1.33,97.3,3.02
2025-11-17 04:00:00,220.723,3.22,94.3,3.2
2025-11-17 05:00:00,220.098,2.28,97.4,2.8
2025-11-17 06:00:00,213.66,5.58,98.4,2.78
2025-11-17 07:00:00,227.053,6.62,98.1,1.01
2025-11-17 08:00:00,268.493,6.94,98.5,1.68
2025-11-17 09:00:00,304.064,6.05,94.9,3.64
2025-11-17 10:00:00,335.274,8.48,93.8,0.67
2025-11-17 11:00:00,352.844,8.06,91.1,2.18
2025-11-17 12:00:00,371.152,7.61,82.3,6.39
2025-11-17 13:00:00,372.725,11.1,86.6,2.08
2025-11-17 14:00:00,368.198,11.52,85.0,7.63
2025-11-17 15:00:00,359.458,11.83,80.6,2.12
2025-11-17 16:00:00,354.475,9.23,87.1,5.41
2025-11-17 17:00:00,323.342,11.8,87.7,2.88
2025-11-17 18:00:00,299.905,8.64,84.5,1.03
2025-11-17 19:00:00,263.901,9.86,85.3,8.88
2025-11-17 20:00:00,223.113,7.27,100.0,0.93
2025-11-17 21:00:00,215.352,6.95,84.1,1.79
2025-11-17 22:00:00,228.313,2.66,98.6,9.63
2025-11-17 23:00:00,216.078,5.33,88.9,3.18
2025-11-18 00:00:00,211.171,5.23,91.6,1.4
2025-11-18 01:00:00,215.773,3.95,96.7,2.79
2025-11-18 02:00:00,212.839,7.12,87.5,4.08
2025-11-18 03:00:00,222.271,2.35,100.0,2.07
2025-11-18 04:00:00,224.322,3.41,100.0,6.85
2025-11-18 05:00:00,222.74,3.16,100.0,1.49
2025-11-18 06:00:00,217.373,4.19,100.0,0.36
2025-11-18 07:00:00,228.953,7.36,84.8,5.02
2025-11-18 08:00:00,259.918,8.8,89.6,2.43
2025-11-18 09:00:00,296.676,6.09,97.7,5.4
2025-11-18 10:00:00,329.907,6.83,99.1,1.99
2025-11-18 11:00:00,355.478,6.86,100.0,3.65
2025-11-18 12:00:00,363.183,11.42,93.8,1.91
2025-11-18 13:00:00,364.032,11.6,92.5,2.24
2025-11-18 14:00:00,363.481,9.94,100.0,0.72
2025-11-18 15:00:00,369.818,7.97,92.8,0.99
2025-11-18 16:00:00,352.154,8.02,90.4,3.37
2025-11-18 17:00:00,325.135,10.08,90.4,5.02
2025-11-18 18:00:00,296.313,10.21,83.6,3.62
2025-11-18 19:00:00,266.967,5.4,96.2,1.19
2025-11-18 20:00:00,226.959,7.47,82.6,3.88
2025-11-18 21:00:00,200.623,9.8,86.5,1.21
2025-11-18 22:00:00,205.723,6.08,94.2,3.33
2025-11-18 23:00:00,199.419,8.09,97.8,1.5
2025-11-19 00:00:00,208.282,6.03,100.0,2.36
2025-11-19 01:00:00,215.733,2.77,93.7,1.63
2025-11-19 02:00:00,224.613,3.74,100.0,3.99
2025-11-19 03:00:00,228.0,3.9,98.8,1.86
2025-11-19 04:00:00,228.775,2.69,100.0,4.09
2025-11-19 05:00:00,221.938,2.96,89.6,0.22
2025-11-19 06:00:00,210.089,7.4,89.3,5.2
2025-11-19 07:00:00,239.499,4.04,100.0,1.18
2025-11-19 08:00:00,273.003,8.06,93.1,7.26
2025-11-19 09:00:00,303.04,6.41,95.1,1.97
2025-11-19 10:00:00,336.71,7.84,93.8,6.33
2025-11-19 11:00:00,350.113,9.51,81.4,0.46
2025-11-19 12:00:00,370.227,8.27,91.2,5.72
2025-11-19 13:00:00,369.627,10.61,97.0,1.36
2025-11-19 14:00:00,381.81,6.73,100.0,5.68
2025-11-19 15:00:00,368.168,10.81,87.5,2.65
2025-11-19 16:00:00,357.768,6.06,100.0,2.14
2025-11-19 17:00:00,333.876,9.34,82.8,6.44
2025-11-19 18:00:00,298.322,10.6,82.7,1.72
2025-11-19 19:00:00,257.576,9.6,100.0,7.62
2025-11-19 20:00:00,233.404,5.81,98.7,2.21
2025-11-19 21:00:00,225.239,5.24,94.3,2.82
2025-11-19 22:00:00,221.361,5.23,95.7,3.07
2025-11-19 23:00:00,210.24,5.91,90.3,0.95
2025-11-20 00:00:00,223.276,1.64,100.0,3.5
2025-11-20 01:00:00,218.371,4.39,98.4,1.36
2025-11-20 02:00:00,224.859,4.61,97.1,1.12
2025-11-20 03:00:00,222.1,3.56,91.5,1.11
2025-11-20 04:00:00,216.075,4.95,98.1,1.97
2025-11-20 05:00:00,212.452,4.77,93.5,6.62
2025-11-20 06:00:00,211.756,4.02,91.9,1.51
2025-11-20 07:00:00,244.289,2.41,100.0,3.43
2025-11-20 08:00:00,273.825,6.45,100.0,6.25
2025-11-20 09:00:00,300.999,5.48,100.0,2.22
2025-11-20 10:00:00,328.949,6.86,97.7,3.03
2025-11-20 11:00:00,342.613,9.27,88.8,6.97
2025-11-20 12:00:00,361.75,11.4,87.0,3.93
2025-11-20 13:00:00,372.771,9.55,92.5,3.59
2025-11-20 14:00:00,370.612,10.79,85.8,2.65
2025-11-20 15:00:00,367.963,7.7,100.0,7.47
2025-11-20 16:00:00,351.555,10.3,76.8,1.98
2025-11-20 17:00:00,330.875,9.51,88.3,1.77
2025-11-20 18:00:00,289.866,11.1,92.7,2.06
2025-11-20 19:00:00,259.479,7.64,87.6,4.17
2025-11-20 20:00:00,226.667,7.4,91.6,3.27
2025-11-20 21:00:00,209.024,8.7,94.8,1.23
2025-11-20 22:00:00,212.76,6.08,100.0,4.53
2025-11-20 23:00:00,220.834,3.73,90.4,3.88
2025-11-21 00:00:00,207.236,8.87,82.8,1.52
2025-11-21 01:00:00,216.512,2.59,94.1,3.46
2025-11-21 02:00:00,223.466,3.91,88.7,5.27
2025-11-21 03:00:00,217.181,4.46,88.4,2.15
2025-11-21 04:00:00,205.307,4.44,91.3,0.48
2025-11-21 05:00:00,211.537,4.01,100.0,2.47
2025-11-21 06:00:00,211.846,4.49,95.2,2.05
2025-11-21 07:00:00,238.069,5.03,96.5,0.34
2025-11-21 08:00:00,278.124,4.35,91.6,1.8
2025-11-21 09:00:00,292.863,10.35,92.7,1.0
2025-11-21 10:00:00,336.961,7.33,100.0,6.36
2025-11-21 11:00:00,350.863,9.37,85.0,6.41
2025-11-21 12:00:00,360.274,8.5,100.0,3.69
2025-11-21 13:00:00,374.304,8.94,93.1,2.35
2025-11-21 14:00:00,372.958,9.08,90.8,1.97
2025-11-21 15:00:00,368.613,7.43,95.4,5.0
2025-11-21 16:00:00,348.273,9.55,92.4,2.22
2025-11-21 17:00:00,322.502,8.86,100.0,2.57
2025-11-21 18:00:00,284.527,10.91,91.3,3.18
2025-11-21 19:00:00,271.096,6.5,97.6,7.41
2025-11-21 20:00:00,230.31,6.76,91.4,0.56
2025-11-21 21:00:00,217.1,5.47,100.0,1.56
2025-11-21 22:00:00,209.469,8.44,85.8,0.78
2025-11-21 23:00:00,214.42,4.02,98.4,3.62
2025-11-22 00:00:00,205.827,5.59,100.0,0.58
2025-11-22 01:00:00,201.777,5.77,80.3,1.35
2025-11-22 02:00:00,213.054,3.68,99.6,2.97
2025-11-22 03:00:00,218.574,1.61,100.0,4.5
2025-11-22 04:00:00,221.365,1.73,99.6,2.45
2025-11-22 05:00:00,212.555,5.59,94.3,1.37
2025-11-22 06:00:00,225.325,2.67,100.0,2.03
2025-11-22 07:00:00,220.291,5.94,93.6,1.95
2025-11-22 08:00:00,216.134,6.22,96.0,4.94
2025-11-22 09:00:00,214.891,7.42,90.1,1.5
2025-11-22 10:00:00,218.448,8.34,100.0,4.73
2025-11-22 11:00:00,234.122,6.82,92.3,2.41
2025-11-22 12:00:00,249.975,7.37,96.5,5.56
2025-11-22 13:00:00,239.005,10.55,84.6,2.81
2025-11-22 14:00:00,236.238,8.7,96.8,1.65
2025-11-22 15:00:00,245.065,5.41,100.0,5.49
2025-11-22 16:00:00,226.298,10.75,90.9,9.81
2025-11-22 17:00:00,220.868,7.75,86.4,2.96
2025-11-22 18:00:00,198.981,9.68,85.3,4.98
2025-11-22 19:00:00,191.287,10.54,98.8,2.86
2025-11-22 20:00:00,197.865,7.62,88.2,1.45
2025-11-22 21:00:00,198.998,8.41,95.5,5.72
2025-11-22 22:00:00,198.14,6.28,88.9,0.91
2025-11-22 23:00:00,196.493,7.85,98.5,0.79
2025-11-23 00:00:00,212.997,2.9,95.2,5.77
2025-11-23 01:00:00,215.747,4.11,91.9,2.1
2025-11-23 02:00:00,211.231,4.9,92.3,1.02
2025-11-23 03:00:00,225.524,3.41,95.3,7.65
2025-11-23 04:00:00,217.787,5.66,97.9,4.33
2025-11-23 05:00:00,213.585,3.43,99.0,2.45
2025-11-23 06:00:00,198.78,7.91,85.8,3.38
2025-11-23 07:00:00,201.036,8.61,91.2,3.09
2025-11-23 08:00:00,204.021,6.39,87.6,4.28
2025-11-23 09:00:00,208.237,7.6,96.6,2.38
2025-11-23 10:00:00,219.348,9.4,95.2,4.55
2025-11-23 11:00:00,234.123,6.32,94.4,2.94
2025-11-23 12:00:00,237.075,6.74,95.6,0.37
2025-11-23 13:00:00,225.453,11.33,98.1,1.73
2025-11-23 14:00:00,232.057,10.05,88.4,3.98
2025-11-23 15:00:00,237.303,9.35,84.6,0.77
2025-11-23 16:00:00,228.224,9.63,93.4,2.94
2025-11-23 17:00:00,224.761,5.5,88.9,2.1
2025-11-23 18:00:00,207.911,8.53,90.2,7.75
2025-11-23 19:00:00,205.863,7.01,90.0,4.65
2025-11-23 20:00:00,188.074,8.96,86.6,0.81
2025-11-23 21:00:00,193.288,8.31,90.3,4.12
2025-11-23 22:00:00,201.513,6.86,99.2,2.07
2025-11-23 23:00:00,213.469,5.85,100.0,2.75
2025-11-24 00:00:00,227.424,2.11,100.0,2.09
2025-11-24 01:00:00,229.873,4.97,98.5,7.91
2025-11-24 02:00:00,230.387,4.73,95.2,7.48
2025-11-24 03:00:00,223.601,5.61,81.4,1.49
2025-11-24 04:00:00,212.143,7.11,95.6,5.56
2025-11-24 05:00:00,226.177,1.32,87.9,1.69
2025-11-24 06:00:00,214.734,3.88,86.4,1.42
2025-11-24 07:00:00,243.637,3.93,96.9,2.94
2025-11-24 08:00:00,273.76,6.12,96.4,2.64
2025-11-24 09:00:00,301.452,6.64,91.4,1.22
2025-11-24 10:00:00,323.744,7.02,100.0,0.6
2025-11-24 11:00:00,351.346,9.77,92.5,2.75
2025-11-24 12:00:00,374.331,6.98,92.1,1.22
2025-11-24 13:00:00,390.487,7.55,100.0,2.2
2025-11-24 14:00:00,390.695,7.88,100.0,5.94
2025-11-24 15:00:00,379.402,9.05,93.8,2.33
2025-11-24 16:00:00,364.519,7.55,88.2,0.57
2025-11-24 17:00:00,329.891,9.14,87.3,5.48
2025-11-24 18:00:00,296.497,8.48,82.8,3.74
2025-11-24 19:00:00,265.258,6.86,93.5,4.88
2025-11-24 20:00:00,217.664,8.8,84.8,2.6
2025-11-24 21:00:00,217.582,6.53,92.3,2.59
2025-11-24 22:00:00,210.615,7.55,94.4,10.22
2025-11-24 23:00:00,215.508,4.81,84.8,3.76
2025-11-25 00:00:00,212.196,4.37,89.7,5.42
2025-11-25 01:00:00,229.333,3.03,96.1,15.87
2025-11-25 02:00:00,226.276,3.62,98.0,10.02
2025-11-25 03:00:00,224.26,4.67,93.9,0.96
2025-11-25 04:00:00,220.977,2.97,97.6,1.17
2025-11-25 05:00:00,222.053,4.76,92.5,0.78
2025-11-25 06:00:00,227.148,3.11,90.4,2.56
2025-11-25 07:00:00,242.607,6.24,91.5,11.54
2025-11-25 08:00:00,279.971,4.82,95.4,0.06
2025-11-25 09:00:00,306.058,7.89,90.5,1.68
2025-11-25 10:00:00,333.825,7.4,93.7,2.6
2025-11-25 11:00:00,341.457,10.46,91.3,1.07
2025-11-25 12:00:00,373.059,6.8,98.0,2.14
2025-11-25 13:00:00,385.659,6.76,90.1,2.25
2025-11-25 14:00:00,381.5,8.44,82.1,0.71
2025-11-25 15:00:00,377.177,7.31,100.0,4.77
2025-11-25 16:00:00,360.502,7.21,95.6,2.16
2025-11-25 17:00:00,322.12,10.12,83.5,0.99
2025-11-25 18:00:00,288.084,8.64,93.0,2.63
2025-11-25 19:00:00,255.043,7.26,99.6,4.66
2025-11-25 20:00:00,225.785,6.69,100.0,2.45
2025-11-25 21:00:00,205.664,5.57,97.1,1.09
2025-11-25 22:00:00,202.466,8.39,98.0,3.01
2025-11-25 23:00:00,218.386,3.85,90.7,9.55
2025-11-26 00:00:00,223.002,2.2,100.0,1.62
2025-11-26 01:00:00,220.639,5.11,94.2,1.24
2025-11-26 02:00:00,220.908,3.19,100.0,1.84
2025-11-26 03:00:00,212.052,6.7,100.0,1.33
2025-11-26 04:00:00,211.757,2.7,100.0,1.38
2025-11-26 05:00:00,201.981,5.19,90.5,0.89
2025-11-26 06:00:00,205.842,6.05,87.4,5.4
2025-11-26 07:00:00,241.435,4.1,100.0,4.36
2025-11-26 08:00:00,279.649,4.47,100.0,2.04
2025-11-26 09:00:00,301.191,7.62,95.4,1.57
2025-11-26 10:00:00,328.889,8.13,90.0,3.52
2025-11-26 11:00:00,363.652,5.68,97.1,2.97
2025-11-26 12:00:00,378.571,6.75,88.0,2.89
2025-11-26 13:00:00,398.029,4.98,98.8,6.58
2025-11-26 14:00:00,376.9,10.29,81.9,3.82
2025-11-26 15:00:00,369.755,9.02,88.6,20.0
2025-11-26 16:00:00,349.057,9.08,86.8,1.7
2025-11-26 17:00:00,341.185,6.33,75.0,9.82
2025-11-26 18:00:00,305.677,6.8,91.8,3.69
2025-11-26 19:00:00,270.605,7.17,88.0,1.04
2025-11-26 20:00:00,227.766,6.14,93.5,1.44
2025-11-26 21:00:00,212.204,6.63,94.1,4.18
2025-11-26 22:00:00,207.931,6.59,100.0,0.82
2025-11-26 23:00:00,196.667,8.57,93.2,2.44
2025-11-27 00:00:00,212.029,4.19,99.5,12.27
2025-11-27 01:00:00,199.053,5.53,98.6,0.11
2025-11-27 02:00:00,220.715,2.12,100.0,2.43
2025-11-27 03:00:00,229.681,0.67,100.0,1.44
2025-11-27 04:00:00,226.62,2.88,100.0,10.08
2025-11-27 05:00:00,238.911,1.19,100.0,2.29
2025-11-27 06:00:00,222.229,4.25,82.9,1.24
2025-11-27 07:00:00,244.021,3.6,100.0,0.83
2025-11-27 08:00:00,278.823,2.44,100.0,0.94
2025-11-27 09:00:00,304.892,9.12,91.9,9.08
2025-11-27 10:00:00,339.946,6.26,86.2,0.22
2025-11-27 11:00:00,372.264,5.23,100.0,3.79
2025-11-27 12:00:00,379.693,9.9,85.4,7.02
2025-11-27 13:00:00,382.254,7.78,95.7,2.41
2025-11-27 14:00:00,378.668,10.99,80.3,0.96
2025-11-27 15:00:00,371.599,8.17,100.0,3.78
2025-11-27 16:00:00,347.604,8.38,83.0,1.17
2025-11-27 17:00:00,321.132,9.5,90.5,1.54
2025-11-27 18:00:00,292.241,9.42,77.5,1.31
2025-11-27 19:00:00,253.663,9.08,90.4,1.37
2025-11-27 20:00:00,224.933,6.98,91.1,5.17
2025-11-27 21:00:00,212.943,7.19,100.0,2.19
2025-11-27 22:00:00,209.885,6.76,91.4,3.96
2025-11-27 23:00:00,214.951,5.17,100.0,3.95
2025-11-28 00:00:00,216.962,3.91,91.8,2.57
2025-11-28 01:00:00,226.192,1.35,99.8,7.3
2025-11-28 02:00:00,213.975,4.32,95.8,1.08
2025-11-28 03:00:00,218.774,3.32,100.0,2.34
2025-11-28 04:00:00,219.936,2.7,100.0,0.38
2025-11-28 05:00:00,213.355,5.7,99.7,2.7
2025-11-28 06:00:00,216.31,1.85,100.0,4.94
2025-11-28 07:00:00,224.875,7.39,97.0,0.71
2025-11-28 08:00:00,267.753,5.44,90.4,1.6
2025-11-28 09:00:00,293.027,6.76,96.3,1.34
2025-11-28 10:00:00,327.867,6.4,100.0,0.1
2025-11-28 11:00:00,357.428,5.09,86.2,0.95
2025-11-28 12:00:00,368.852,8.15,94.9,4.18
2025-11-28 13:00:00,375.499,9.39,94.3,2.48
2025-11-28 14:00:00,372.656,10.24,97.8,3.28
2025-11-28 15:00:00,370.344,8.94,95.2,4.96
2025-11-28 16:00:00,361.506,5.65,96.1,8.54
2025-11-28 17:00:00,334.737,6.39,97.0,0.94
2025-11-28 18:00:00,294.834,11.66,82.7,3.84
2025-11-28 19:00:00,266.669,6.01,92.7,1.54
2025-11-28 20:00:00,221.354,9.32,82.3,1.03
2025-11-28 21:00:00,215.104,4.76,100.0,2.01
2025-11-28 22:00:00,216.137,5.19,98.8,3.97
2025-11-28 23:00:00,201.682,5.76,89.8,2.66
2025-11-29 00:00:00,220.748,2.74,100.0,1.8
2025-11-29 01:00:00,211.65,6.12,100.0,4.28
2025-11-29 02:00:00,213.56,3.39,100.0,4.04
2025-11-29 03:00:00,212.291,3.91,92.4,1.71
2025-11-29 04:00:00,219.657,2.84,80.6,3.81
2025-11-29 05:00:00,216.788,4.62,99.3,2.61
2025-11-29 06:00:00,209.66,6.57,88.9,1.34
2025-11-29 07:00:00,209.473,4.46,100.0,4.02
2025-11-29 08:00:00,205.898,8.16,97.7,4.12
2025-11-29 09:00:00,215.653,5.19,100.0,0.87
2025-11-29 10:00:00,218.866,8.17,100.0,3.79
2025-11-29 11:00:00,227.767,8.45,99.0,5.42
2025-11-29 12:00:00,243.143,6.58,100.0,0.96
2025-11-29 13:00:00,240.388,9.11,98.9,2.98
2025-11-29 14:00:00,234.896,9.08,99.5,0.98
2025-11-29 15:00:00,233.821,7.8,92.2,1.08
2025-11-29 16:00:00,227.239,9.64,82.2,0.52
2025-11-29 17:00:00,220.679,9.0,100.0,5.93
2025-11-29 18:00:00,208.855,8.17,92.3,5.46
2025-11-29 19:00:00,205.35,7.56,100.0,5.68
2025-11-29 20:00:00,213.705,6.8,90.6,1.86
2025-11-29 21:00:00,214.788,5.58,100.0,4.95
2025-11-29 22:00:00,212.031,5.62,80.9,1.02
2025-11-29 23:00:00,215.767,3.64,95.8,0.86
2025-11-30 00:00:00,205.013,8.21,91.3,1.89
2025-11-30 01:00:00,211.066,1.23,100.0,5.22
2025-11-30 02:00:00,226.188,2.25,100.0,3.06
2025-11-30 03:00:00,221.849,2.27,93.7,1.7
2025-11-30 04:00:00,208.621,6.45,98.3,1.63
2025-11-30 05:00:00,219.291,1.37,100.0,5.94
2025-11-30 06:00:00,214.803,4.64,100.0,4.37
2025-11-30 07:00:00,214.415,4.98,100.0,6.16
2025-11-30 08:00:00,216.446,5.84,92.5,5.87
2025-11-30 09:00:00,217.798,8.06,84.5,0.41
2025-11-30 10:00:00,228.953,8.8,100.0,5.38
2025-11-30 11:00:00,237.955,6.86,98.2,4.43
2025-11-30 12:00:00,237.211,8.51,91.3,1.12
2025-11-30 13:00:00,252.158,5.7,85.7,1.88
2025-11-30 14:00:00,238.694,9.14,85.0,2.23
2025-11-30 15:00:00,236.135,7.81,96.3,8.41
2025-11-30 16:00:00,225.703,8.68,93.4,2.69
2025-11-30 17:00:00,224.662,5.98,83.3,4.3
2025-11-30 18:00:00,197.929,8.85,94.8,5.32
2025-11-30 19:00:00,211.843,4.87,87.2,1.78
2025-11-30 20:00:00,208.529,7.1,100.0,5.83
2025-11-30 21:00:00,217.748,4.12,98.9,2.46
2025-11-30 22:00:00,216.827,3.95,95.1,12.39
2025-11-30 23:00:00,206.65,6.43,100.0,1.11
2025-12-01 00:00:00,208.249,4.82,98.8,2.27
2025-12-01 01:00:00,211.203,5.24,100.0,5.5
2025-12-01 02:00:00,209.944,5.6,96.0,1.39
2025-12-01 03:00:00,227.445,1.76,100.0,4.64
2025-12-01 04:00:00,217.596,5.5,94.0,1.97
2025-12-01 05:00:00,224.302,1.05,100.0,0.95
2025-12-01 06:00:00,225.954,5.07,100.0,0.78
2025-12-01 07:00:00,247.223,3.71,95.2,2.97
2025-12-01 08:00:00,277.371,3.73,100.0,3.63
2025-12-01 09:00:00,294.979,6.98,88.3,1.05
2025-12-01 10:00:00,325.417,8.29,79.4,3.87
2025-12-01 11:00:00,349.95,8.96,92.1,0.72
2025-12-01 12:00:00,362.673,8.46,93.8,1.8
2025-12-01 13:00:00,377.19,8.81,90.4,2.41
2025-12-01 14:00:00,374.718,9.74,80.8,2.26
2025-12-01 15:00:00,358.627,9.48,91.9,2.86
2025-12-01 16:00:00,347.517,9.76,91.3,2.34
2025-12-01 17:00:00,323.93,8.92,85.6,2.08
2025-12-01 18:00:00,287.461,9.47,82.0,2.08
2025-12-01 19:00:00,272.344,4.89,95.0,1.51
2025-12-01 20:00:00,236.504,6.56,98.1,3.93
2025-12-01 21:00:00,221.705,3.78,100.0,2.1
2025-12-01 22:00:00,215.278,5.66,90.2,1.36
2025-12-01 23:00:00,208.656,7.12,94.2,3.75
2025-12-02 00:00:00,218.174,3.03,100.0,3.35
2025-12-02 01:00:00,217.375,3.52,91.4,1.01
2025-12-02 02:00:00,218.947,4.23,97.9,6.6
2025-12-02 03:00:00,237.096,-0.39,100.0,1.82
2025-12-02 04:00:00,233.666,2.18,92.7,1.89
2025-12-02 05:00:00,217.092,3.9,100.0,2.48
2025-12-02 06:00:00,225.586,-0.84,100.0,3.27
2025-12-02 07:00:00,243.027,2.85,98.1,2.57
2025-12-02 08:00:00,262.206,6.9,91.7,1.26
2025-12-02 09:00:00,291.595,7.52,99.1,0.45
2025-12-02 10:00:00,326.336,7.29,92.1,6.51
2025-12-02 11:00:00,347.781,8.83,76.9,1.11
2025-12-02 12:00:00,367.568,8.38,91.1,3.56
2025-12-02 13:00:00,374.427,9.4,93.1,2.55
2025-12-02 14:00:00,381.866,8.31,96.2,0.34
2025-12-02 15:00:00,362.499,9.1,85.4,1.48
2025-12-02 16:00:00,356.836,7.8,90.9,7.59
2025-12-02 17:00:00,324.071,10.53,94.5,0.49
2025-12-02 18:00:00,283.573,10.47,88.4,1.95
2025-12-02 19:00:00,254.257,9.62,80.8,3.27
2025-12-02 20:00:00,227.282,6.04,100.0,1.12
2025-12-02 21:00:00,220.981,4.39,96.0,2.77
2025-12-02 22:00:00,199.764,7.18,99.9,3.79
2025-12-02 23:00:00,211.572,5.28,87.6,3.45
2025-12-03 00:00:00,216.329,4.24,96.7,2.76
2025-12-03 01:00:00,225.361,2.22,100.0,2.21
2025-12-03 02:00:00,207.931,3.62,97.8,1.16
2025-12-03 03:00:00,222.507,1.1,94.8,3.71
2025-12-03 04:00:00,214.558,3.95,83.6,2.51
2025-12-03 05:00:00,220.68,5.44,100.0,8.28
2025-12-03 06:00:00,208.291,6.32,96.0,4.41
2025-12-03 07:00:00,241.073,5.47,100.0,1.69
2025-12-03 08:00:00,285.353,2.84,100.0,3.01
2025-12-03 09:00:00,309.676,6.15,98.4,0.86
2025-12-03 10:00:00,328.269,10.03,87.4,0.43
2025-12-03 11:00:00,354.633,5.94,98.0,1.64
2025-12-03 12:00:00,367.587,7.86,100.0,0.71
2025-12-03 13:00:00,374.989,10.69,88.9,4.09
2025-12-03 14:00:00,372.259,9.72,100.0,7.78
2025-12-03 15:00:00,349.792,12.8,76.5,5.39
2025-12-03 16:00:00,347.06,7.56,83.2,1.88
2025-12-03 17:00:00,329.028,6.85,99.7,4.22
2025-12-03 18:00:00,300.356,9.91,84.6,1.57
2025-12-03 19:00:00,277.106,5.42,100.0,5.88
2025-12-03 20:00:00,232.877,6.29,100.0,3.8
2025-12-03 21:00:00,214.64,5.73,100.0,2.48
2025-12-03 22:00:00,209.658,6.71,99.3,2.36
2025-12-03 23:00:00,216.532,5.31,90.4,3.79
2025-12-04 00:00:00,217.984,4.36,87.3,2.38
2025-12-04 01:00:00,220.807,2.51,100.0,5.18
2025-12-04 02:00:00,210.743,4.8,87.7,1.85
2025-12-04 03:00:00,196.818,9.19,100.0,2.18
2025-12-04 04:00:00,211.481,3.96,100.0,2.28
2025-12-04 05:00:00,216.069,3.31,98.3,2.05
2025-12-04 06:00:00,229.525,1.55,100.0,1.23
2025-12-04 07:00:00,252.961,3.23,100.0,1.73
2025-12-04 08:00:00,280.932,4.63,95.7,2.45
2025-12-04 09:00:00,313.935,4.9,100.0,2.31
2025-12-04 10:00:00,334.212,6.5,100.0,7.08
2025-12-04 11:00:00,345.962,10.1,90.2,3.28
2025-12-04 12:00:00,358.909,9.87,86.0,6.08
2025-12-04 13:00:00,376.16,8.1,99.9,0.62
2025-12-04 14:00:00,380.807,6.72,81.9,4.73
2025-12-04 15:00:00,364.413,10.89,90.8,3.28
2025-12-04 16:00:00,350.417,8.57,95.8,2.28
2025-12-04 17:00:00,339.276,5.59,90.6,1.14
2025-12-04 18:00:00,295.741,9.01,96.6,4.03
2025-12-04 19:00:00,261.361,8.89,90.8,3.63
2025-12-04 20:00:00,236.707,2.65,96.4,4.14
2025-12-04 21:00:00,220.223,4.43,100.0,1.7
2025-12-04 22:00:00,217.537,4.8,90.2,5.17
2025-12-04 23:00:00,219.367,5.43,100.0,3.84
2025-12-05 00:00:00,219.491,2.73,87.7,1.82
2025-12-05 01:00:00,221.15,1.74,100.0,6.61
2025-12-05 02:00:00,216.307,3.94,98.1,2.94
2025-12-05 03:00:00,222.194,1.92,97.5,0.49
2025-12-05 04:00:00,228.982,3.64,100.0,1.82
2025-12-05 05:00:00,234.809,1.3,100.0,5.13
2025-12-05 06:00:00,230.476,1.39,100.0,1.86
2025-12-05 07:00:00,243.849,5.38,99.2,2.58
2025-12-05 08:00:00,282.022,5.3,98.7,5.23
2025-12-05 09:00:00,303.591,7.15,95.1,1.88
2025-12-05 10:00:00,336.621,5.6,92.7,4.34
2025-12-05 11:00:00,360.014,5.9,93.3,0.89
2025-12-05 12:00:00,370.105,9.97,90.9,3.2
2025-12-05 13:00:00,385.457,5.83,94.2,3.07
2025-12-05 14:00:00,379.135,10.57,95.3,3.41
2025-12-05 15:00:00,368.417,10.79,88.9,3.71
2025-12-05 16:00:00,350.93,9.95,91.7,2.67
2025-12-05 17:00:00,331.417,7.17,84.9,2.44
2025-12-05 18:00:00,299.384,6.49,100.0,2.57
2025-12-05 19:00:00,268.112,6.84,90.3,6.44
2025-12-05 20:00:00,234.769,4.38,91.0,2.87
2025-12-05 21:00:00,225.078,4.13,100.0,9.76
2025-12-05 22:00:00,214.64,5.93,99.3,3.7
2025-12-05 23:00:00,215.448,5.21,100.0,2.87
2025-12-06 00:00:00,221.506,1.79,100.0,0.97
2025-12-06 01:00:00,214.952,4.08,97.1,4.55
2025-12-06 02:00:00,215.074,3.42,96.9,2.12
2025-12-06 03:00:00,222.41,5.01,100.0,5.03
2025-12-06 04:00:00,223.459,3.61,100.0,1.45
2025-12-06 05:00:00,214.513,4.69,96.4,2.57
2025-12-06 06:00:00,221.625,4.24,100.0,2.06
2025-12-06 07:00:00,214.424,5.66,94.3,4.31
2025-12-06 08:00:00,232.891,2.76,91.2,6.79
2025-12-06 09:00:00,229.855,5.4,85.5,2.52
2025-12-06 10:00:00,234.575,6.31,84.4,1.93
2025-12-06 11:00:00,242.165,6.7,91.5,1.01
2025-12-06 12:00:00,246.651,8.43,90.2,1.76
2025-12-06 13:00:00,241.617,9.21,94.6,6.85
2025-12-06 14:00:00,244.158,9.12,90.5,2.55
2025-12-06 15:00:00,235.786,8.31,96.8,3.57
2025-12-06 16:00:00,229.161,7.32,93.4,0.74
2025-12-06 17:00:00,211.419,9.95,89.6,0.71
2025-12-06 18:00:00,204.824,8.28,88.3,0.63
2025-12-06 19:00:00,208.656,5.47,100.0,5.72
2025-12-06 20:00:00,215.053,6.06,85.7,2.63
2025-12-06 21:00:00,226.408,2.81,100.0,1.4
2025-12-06 22:00:00,220.27,4.88,95.5,4.64
2025-12-06 23:00:00,215.963,3.78,100.0,2.04
2025-12-07 00:00:00,228.221,2.48,99.8,5.02
2025-12-07 01:00:00,209.09,5.46,95.8,2.52
2025-12-07 02:00:00,230.037,0.77,100.0,5.07
2025-12-07 03:00:00,220.519,3.65,100.0,1.27
2025-12-07 04:00:00,218.359,6.12,94.8,3.48
2025-12-07 05:00:00,211.566,4.64,100.0,4.1
2025-12-07 06:00:00,214.517,3.35,100.0,0.66
2025-12-07 07:00:00,225.034,2.2,100.0,2.63
2025-12-07 08:00:00,227.956,2.56,98.9,0.99
2025-12-07 09:00:00,225.07,4.86,100.0,0.73
2025-12-07 10:00:00,232.673,5.2,92.6,2.16
2025-12-07 11:00:00,245.885,5.87,96.1,3.59
2025-12-07 12:00:00,250.293,7.12,93.5,1.45
2025-12-07 13:00:00,245.368,7.95,94.2,2.24
2025-12-07 14:00:00,236.547,9.19,92.6,1.63
2025-12-07 15:00:00,236.046,6.54,96.7,4.79
2025-12-07 16:00:00,234.341,7.33,93.7,6.0
2025-12-07 17:00:00,228.697,7.86,100.0,11.01
2025-12-07 18:00:00,213.956,7.33,95.7,5.46
2025-12-07 19:00:00,194.07,9.96,100.0,3.82
2025-12-07 20:00:00,208.825,6.67,94.4,4.78
2025-12-07 21:00:00,209.193,2.94,100.0,1.65
2025-12-07 22:00:00,213.926,5.41,91.5,2.12
2025-12-07 23:00:00,215.228,4.89,100.0,3.11
2025-12-08 00:00:00,221.458,3.12,94.8,0.64
2025-12-08 01:00:00,226.43,0.91,100.0,1.54
2025-12-08 02:00:00,220.431,5.36,94.3,9.97
2025-12-08 03:00:00,231.411,0.73,100.0,2.14
2025-12-08 04:00:00,223.966,3.6,96.9,0.53
2025-12-08 05:00:00,215.861,3.17,94.2,1.79
2025-12-08 06:00:00,224.214,4.28,95.8,2.95
2025-12-08 07:00:00,240.913,6.68,100.0,3.67
2025-12-08 08:00:00,272.213,5.57,98.4,2.52
2025-12-08 09:00:00,310.395,4.55,89.3,3.4
2025-12-08 10:00:00,338.118,7.99,98.8,1.52
2025-12-08 11:00:00,361.587,5.94,89.7,6.11
2025-12-08 12:00:00,371.793,7.83,96.9,5.24
2025-12-08 13:00:00,390.188,5.97,98.4,0.45
2025-12-08 14:00:00,391.019,6.69,97.7,1.11
2025-12-08 15:00:00,372.374,8.53,100.0,4.66
2025-12-08 16:00:00,358.135,8.93,85.9,3.25
2025-12-08 17:00:00,342.918,5.32,99.6,3.13
2025-12-08 18:00:00,300.022,8.36,99.3,2.83
2025-12-08 19:00:00,274.874,5.63,91.7,5.48
2025-12-08 20:00:00,229.016,8.27,87.3,3.17
2025-12-08 21:00:00,220.303,4.88,94.8,3.7
2025-12-08 22:00:00,225.049,2.87,100.0,2.89
2025-12-08 23:00:00,223.212,4.07,89.2,1.21
2025-12-09 00:00:00,232.975,1.79,100.0,4.88
2025-12-09 01:00:00,222.145,4.8,88.2,2.0
2025-12-09 02:00:00,223.904,2.48,100.0,1.98
2025-12-09 03:00:00,228.046,2.13,100.0,2.31
2025-12-09 04:00:00,228.756,3.42,100.0,0.89
2025-12-09 05:00:00,238.016,1.17,100.0,9.0
2025-12-09 06:00:00,235.54,1.19,99.9,4.64
2025-12-09 07:00:00,248.828,4.53,92.3,1.14
2025-12-09 08:00:00,293.479,2.84,100.0,7.19
2025-12-09 09:00:00,323.926,3.61,98.2,1.73
2025-12-09 10:00:00,338.975,7.49,100.0,1.97
2025-12-09 11:00:00,361.861,7.71,87.0,1.71
2025-12-09 12:00:00,381.932,5.49,100.0,6.33
2025-12-09 13:00:00,391.224,6.98,100.0,5.63
2025-12-09 14:00:00,397.524,6.82,92.6,2.36
2025-12-09 15:00:00,372.064,11.21,98.5,2.52
2025-12-09 16:00:00,358.252,9.72,85.1,4.51
2025-12-09 17:00:00,335.469,7.3,94.4,4.42
2025-12-09 18:00:00,298.541,8.42,84.0,2.63
2025-12-09 19:00:00,278.829,4.7,100.0,2.69
2025-12-09 20:00:00,232.768,5.07,86.4,4.7
2025-12-09 21:00:00,219.26,5.54,87.0,0.58
2025-12-09 22:00:00,219.572,5.32,92.1,3.53
2025-12-09 23:00:00,222.943,3.72,100.0,3.37
2025-12-10 00:00:00,214.993,3.58,100.0,6.36
2025-12-10 01:00:00,216.211,2.83,100.0,3.75
2025-12-10 02:00:00,224.276,2.14,100.0,4.04
2025-12-10 03:00:00,229.824,1.83,100.0,1.56
2025-12-10 04:00:00,232.601,1.72,100.0,1.66
2025-12-10 05:00:00,227.933,3.07,100.0,3.47
2025-12-10 06:00:00,225.14,3.84,96.5,0.34
2025-12-10 07:00:00,248.068,4.12,93.0,2.09
2025-12-10 08:00:00,283.296,2.64,100.0,0.95
2025-12-10 09:00:00,318.661,3.7,100.0,1.73
2025-12-10 10:00:00,335.321,6.72,94.7,0.44
2025-12-10 11:00:00,353.203,9.16,96.6,1.05
2025-12-10 12:00:00,369.796,7.67,91.5,5.9
2025-12-10 13:00:00,383.943,7.24,94.0,0.98
2025-12-10 14:00:00,382.454,8.56,93.7,1.32
2025-12-10 15:00:00,377.328,6.48,96.0,1.84
2025-12-10 16:00:00,354.109,10.29,98.7,4.07
2025-12-10 17:00:00,336.657,8.2,94.1,2.31
2025-12-10 18:00:00,302.572,6.35,92.7,0.61
2025-12-10 19:00:00,272.422,6.53,97.4,0.38
2025-12-10 20:00:00,240.655,5.23,100.0,2.08
2025-12-10 21:00:00,215.464,7.4,97.7,2.28
2025-12-10 22:00:00,221.438,4.2,100.0,4.9
2025-12-10 23:00:00,218.061,4.05,88.7,1.08
2025-12-11 00:00:00,225.896,4.03,82.8,6.86
2025-12-11 01:00:00,217.768,1.45,100.0,0.62
2025-12-11 02:00:00,228.147,2.64,100.0,0.62
2025-12-11 03:00:00,222.146,2.67,99.5,2.03
2025-12-11 04:00:00,235.439,-0.15,100.0,4.8
2025-12-11 05:00:00,225.624,3.04,100.0,3.12
2025-12-11 06:00:00,230.412,3.04,100.0,1.05
2025-12-11 07:00:00,251.417,3.94,100.0,9.27
2025-12-11 08:00:00,277.706,4.51,91.8,3.01
2025-12-11 09:00:00,313.179,5.65,91.0,3.23
2025-12-11 10:00:00,336.133,8.15,77.7,4.48
2025-12-11 11:00:00,364.762,4.85,100.0,3.31
2025-12-11 12:00:00,374.672,6.81,100.0,1.77
2025-12-11 13:00:00,376.79,8.9,98.1,7.53
2025-12-11 14:00:00,384.324,8.9,95.0,6.42
2025-12-11 15:00:00,376.033,8.97,89.9,8.39
2025-12-11 16:00:00,343.229,12.54,82.5,1.93
2025-12-11 17:00:00,328.272,8.81,86.1,7.33
2025-12-11 18:00:00,286.227,9.16,89.6,1.0
2025-12-11 19:00:00,262.58,6.24,88.8,2.67
2025-12-11 20:00:00,234.696,4.42,100.0,4.38
2025-12-11 21:00:00,226.172,4.73,89.0,0.79
2025-12-11 22:00:00,213.073,5.6,94.4,8.0
2025-12-11 23:00:00,219.443,4.38,85.6,1.78
2025-12-12 00:00:00,229.712,3.69,100.0,6.61
2025-12-12 01:00:00,221.144,2.22,100.0,0.87
2025-12-12 02:00:00,227.678,1.67,98.9,2.62
2025-12-12 03:00:00,231.093,1.88,95.2,1.5
2025-12-12 04:00:00,228.922,3.43,98.6,1.51
2025-12-12 05:00:00,213.435,3.91,94.7,0.97
2025-12-12 06:00:00,225.896,1.43,100.0,0.91
2025-12-12 07:00:00,242.609,4.88,100.0,1.09
2025-12-12 08:00:00,278.176,3.35,99.7,1.06
2025-12-12 09:00:00,317.638,5.92,98.3,5.67
2025-12-12 10:00:00,343.081,5.63,92.7,6.24
2025-12-12 11:00:00,355.331,9.17,85.9,0.75
2025-12-12 12:00:00,375.375,6.62,94.0,2.18
2025-12-12 13:00:00,384.682,8.05,100.0,5.58
2025-12-12 14:00:00,382.857,9.03,89.0,4.02
2025-12-12 15:00:00,381.658,6.77,96.1,2.05
2025-12-12 16:00:00,356.45,7.95,87.3,1.55
2025-12-12 17:00:00,333.856,7.34,76.6,0.77
2025-12-12 18:00:00,309.564,6.46,89.6,7.71
2025-12-12 19:00:00,267.567,5.96,100.0,3.27
2025-12-12 20:00:00,222.315,7.72,96.2,2.86
2025-12-12 21:00:00,222.776,4.21,100.0,1.24
2025-12-12 22:00:00,214.279,5.29,93.9,2.46
2025-12-12 23:00:00,229.036,4.17,83.4,5.64
2025-12-13 00:00:00,236.937,0.74,95.7,0.69
2025-12-13 01:00:00,229.66,3.33,100.0,1.22
2025-12-13 02:00:00,242.207,-0.06,100.0,0.84
2025-12-13 03:00:00,236.479,3.1,99.0,6.66
2025-12-13 04:00:00,234.494,1.39,98.3,0.66
2025-12-13 05:00:00,224.472,2.51,100.0,3.15
2025-12-13 06:00:00,233.395,0.91,99.1,0.84
2025-12-13 07:00:00,231.498,3.8,99.9,2.91
2025-12-13 08:00:00,214.742,5.81,96.4,0.82
2025-12-13 09:00:00,218.665,3.81,95.9,1.66
2025-12-13 10:00:00,230.484,4.9,91.2,7.38
2025-12-13 11:00:00,243.593,7.33,90.6,3.61
2025-12-13 12:00:00,243.261,7.99,100.0,2.8
2025-12-13 13:00:00,264.434,3.8,100.0,3.43
2025-12-13 14:00:00,243.065,11.22,93.8,7.79
2025-12-13 15:00:00,233.489,8.95,86.2,2.94
2025-12-13 16:00:00,235.03,9.11,82.0,5.39
2025-12-13 17:00:00,222.657,7.47,99.5,5.51
2025-12-13 18:00:00,219.792,4.25,100.0,5.02
2025-12-13 19:00:00,213.387,7.68,93.5,11.41
2025-12-13 20:00:00,213.102,4.97,94.2,4.11
2025-12-13 21:00:00,214.683,5.97,86.3,5.15
2025-12-13 22:00:00,218.846,3.97,100.0,1.69
2025-12-13 23:00:00,221.109,3.98,100.0,2.64
2025-12-14 00:00:00,224.947,1.67,97.0,2.54
2025-12-14 01:00:00,214.37,3.82,93.5,1.21
2025-12-14 02:00:00,225.511,0.24,100.0,1.33
2025-12-14 03:00:00,213.11,5.63,91.7,2.51
2025-12-14 04:00:00,212.466,5.72,100.0,3.05
2025-12-14 05:00:00,211.947,5.05,95.7,7.6
2025-12-14 06:00:00,206.253,4.95,94.1,1.21
2025-12-14 07:00:00,210.416,3.4,98.9,1.15
2025-12-14 08:00:00,209.319,6.13,92.5,0.71
2025-12-14 09:00:00,224.895,4.88,100.0,4.55
2025-12-14 10:00:00,241.22,3.33,100.0,8.78
2025-12-14 11:00:00,232.91,8.94,97.4,2.39
2025-12-14 12:00:00,238.186,8.96,92.0,3.16
2025-12-14 13:00:00,244.013,7.58,90.0,2.43
2025-12-14 14:00:00,255.415,5.97,95.0,4.24
2025-12-14 15:00:00,245.018,7.1,90.9,1.0
2025-12-14 16:00:00,239.84,5.02,100.0,3.62
2025-12-14 17:00:00,223.693,9.15,96.6,2.43
2025-12-14 18:00:00,218.656,4.59,96.4,4.66
2025-12-14 19:00:00,206.65,6.99,88.0,4.55
2025-12-14 20:00:00,216.682,4.46,100.0,3.33
2025-12-14 21:00:00,228.1,2.75,100.0,2.13
2025-12-14 22:00:00,220.696,4.64,96.1,1.25
2025-12-14 23:00:00,219.704,3.0,100.0,4.48
2025-12-15 00:00:00,225.188,4.19,94.5,2.7
2025-12-15 01:00:00,235.188,0.35,100.0,2.66
2025-12-15 02:00:00,236.447,0.86,100.0,1.87
2025-12-15 03:00:00,245.642,-1.85,98.1,6.8
2025-12-15 04:00:00,254.451,-1.42,100.0,7.01
2025-12-15 05:00:00,224.151,5.25,91.5,2.0
2025-12-15 06:00:00,208.267,6.19,91.3,1.41
2025-12-15 07:00:00,249.109,3.62,94.1,2.14
2025-12-15 08:00:00,280.107,2.88,95.8,1.51
2025-12-15 09:00:00,317.425,4.5,92.1,3.56
2025-12-15 10:00:00,342.966,7.15,94.9,2.63
2025-12-15 11:00:00,367.61,5.65,94.6,4.33
2025-12-15 12:00:00,374.187,7.47,93.2,2.02
2025-12-15 13:00:00,390.553,7.55,100.0,11.98
2025-12-15 14:00:00,393.994,6.96,92.7,0.74
2025-12-15 15:00:00,382.843,7.13,97.0,2.56
2025-12-15 16:00:00,360.02,8.34,96.0,10.44
2025-12-15 17:00:00,342.042,6.01,94.6,4.37
2025-12-15 18:00:00,299.163,7.82,94.1,2.28
2025-12-15 19:00:00,267.113,5.72,95.5,3.42
2025-12-15 20:00:00,229.946,5.95,96.3,0.9
2025-12-15 21:00:00,213.208,7.19,89.8,2.69
2025-12-15 22:00:00,211.099,3.93,94.9,0.89
2025-12-15 23:00:00,212.805,4.94,96.6,0.49
2025-12-16 00:00:00,234.083,-0.08,91.7,6.5
2025-12-16 01:00:00,231.732,1.56,100.0,1.58
2025-12-16 02:00:00,220.629,2.06,100.0,0.83
2025-12-16 03:00:00,216.605,4.99,97.4,2.05
2025-12-16 04:00:00,243.367,-1.12,100.0,4.17
2025-12-16 05:00:00,235.966,2.16,100.0,0.89
2025-12-16 06:00:00,221.79,5.12,88.3,1.75
2025-12-16 07:00:00,250.985,2.16,100.0,4.55
2025-12-16 08:00:00,284.493,3.8,95.5,2.79
2025-12-16 09:00:00,314.365,5.44,100.0,6.62
2025-12-16 10:00:00,343.704,5.98,93.9,4.6
2025-12-16 11:00:00,351.404,8.92,96.4,3.85
2025-12-16 12:00:00,372.186,7.75,91.5,4.49
2025-12-16 13:00:00,372.885,9.64,100.0,0.72
2025-12-16 14:00:00,382.6,7.23,90.2,2.54
2025-12-16 15:00:00,373.317,6.73,100.0,9.46
2025-12-16 16:00:00,356.532,7.45,96.7,1.89
2025-12-16 17:00:00,341.938,5.66,97.9,2.57
2025-12-16 18:00:00,307.596,7.81,93.8,1.6
2025-12-16 19:00:00,273.315,5.8,91.3,1.59
2025-12-16 20:00:00,230.801,4.61,81.4,4.95
2025-12-16 21:00:00,223.978,5.71,100.0,9.19
2025-12-16 22:00:00,235.5,2.31,97.2,7.22
2025-12-16 23:00:00,218.954,4.65,100.0,0.43
2025-12-17 00:00:00,223.872,1.97,100.0,2.44
2025-12-17 01:00:00,223.696,4.11,100.0,1.93
2025-12-17 02:00:00,232.465,1.33,100.0,0.98
2025-12-17 03:00:00,233.985,2.87,84.6,5.1
2025-12-17 04:00:00,234.832,2.24,100.0,2.04
2025-12-17 05:00:00,220.05,3.45,96.5,1.09
2025-12-17 06:00:00,221.459,2.91,100.0,3.44
2025-12-17 07:00:00,258.12,0.69,100.0,0.88
2025-12-17 08:00:00,279.805,5.69,99.0,5.92
2025-12-17 09:00:00,315.372,4.71,95.2,6.23
2025-12-17 10:00:00,337.503,6.89,88.3,4.42
2025-12-17 11:00:00,356.458,7.46,90.4,3.73
2025-12-17 12:00:00,378.336,5.74,84.6,2.42
2025-12-17 13:00:00,385.832,5.99,91.5,3.28
2025-12-17 14:00:00,377.935,8.8,82.3,2.38
2025-12-17 15:00:00,373.014,7.37,84.5,0.68
2025-12-17 16:00:00,353.053,9.25,91.1,4.27
2025-12-17 17:00:00,337.716,7.17,96.6,6.84
2025-12-17 18:00:00,299.099,8.61,91.2,1.6
2025-12-17 19:00:00,274.546,7.03,90.6,4.8
2025-12-17 20:00:00,239.544,6.09,89.2,2.63
2025-12-17 21:00:00,223.886,4.26,95.5,1.71
2025-12-17 22:00:00,219.258,4.45,92.2,0.33
2025-12-17 23:00:00,220.928,5.26,95.7,4.37
2025-12-18 00:00:00,222.338,2.59,90.6,3.76
2025-12-18 01:00:00,219.647,3.05,100.0,1.07
2025-12-18 02:00:00,231.227,1.97,97.2,2.14
2025-12-18 03:00:00,233.46,2.0,100.0,2.61
2025-12-18 04:00:00,227.557,4.66,100.0,3.4
2025-12-18 05:00:00,224.786,4.12,99.6,5.5
2025-12-18 06:00:00,224.102,2.8,100.0,2.31
2025-12-18 07:00:00,241.036,3.64,85.9,0.58
2025-12-18 08:00:00,281.59,2.9,96.4,2.71
2025-12-18 09:00:00,318.28,4.52,100.0,1.9
2025-12-18 10:00:00,345.697,6.07,98.0,1.37
2025-12-18 11:00:00,365.977,7.66,100.0,4.92
2025-12-18 12:00:00,378.051,8.12,100.0,1.25
2025-12-18 13:00:00,399.745,5.62,97.3,0.81
2025-12-18 14:00:00,378.224,9.26,88.9,1.78
2025-12-18 15:00:00,374.341,7.66,86.9,2.57
2025-12-18 16:00:00,359.512,6.12,92.0,2.84
2025-12-18 17:00:00,336.211,9.53,87.6,5.98
2025-12-18 18:00:00,295.194,9.26,86.9,1.51
2025-12-18 19:00:00,271.019,6.72,88.5,4.4
2025-12-18 20:00:00,228.64,6.71,96.4,1.78
2025-12-18 21:00:00,216.924,6.03,100.0,0.39
2025-12-18 22:00:00,211.757,6.25,100.0,5.59
2025-12-18 23:00:00,213.644,4.46,95.2,0.68
2025-12-19 00:00:00,230.129,0.5,100.0,3.15
2025-12-19 01:00:00,221.991,5.36,98.0,0.76
2025-12-19 02:00:00,221.759,3.55,98.2,3.62
2025-12-19 03:00:00,233.242,0.93,100.0,0.95
2025-12-19 04:00:00,240.668,0.2,100.0,0.55
2025-12-19 05:00:00,229.215,2.95,100.0,2.17
2025-12-19 06:00:00,235.944,2.18,100.0,0.25
2025-12-19 07:00:00,254.95,3.77,93.8,2.33
2025-12-19 08:00:00,278.123,5.16,91.5,4.39
2025-12-19 09:00:00,320.156,3.84,99.9,9.4
2025-12-19 10:00:00,354.052,3.73,100.0,2.96
2025-12-19 11:00:00,368.752,6.86,91.9,2.46
2025-12-19 12:00:00,385.81,6.01,88.2,5.74
2025-12-19 13:00:00,372.651,7.57,100.0,0.87
2025-12-19 14:00:00,382.026,5.49,100.0,1.27
2025-12-19 15:00:00,379.62,7.34,81.2,4.31
2025-12-19 16:00:00,352.078,8.78,99.1,1.74
2025-12-19 17:00:00,331.018,8.31,90.5,2.03
2025-12-19 18:00:00,311.792,5.6,96.7,2.7
2025-12-19 19:00:00,279.049,4.37,100.0,0.98
2025-12-19 20:00:00,229.583,5.54,100.0,0.57
2025-12-19 21:00:00,214.101,5.64,100.0,1.2
2025-12-19 22:00:00,217.597,4.61,98.4,1.89
2025-12-19 23:00:00,229.459,2.42,91.8,3.62
2025-12-20 00:00:00,217.614,3.04,87.0,2.54
2025-12-20 01:00:00,217.968,4.5,100.0,4.2
2025-12-20 02:00:00,218.634,2.12,100.0,2.51
2025-12-20 03:00:00,236.518,-0.92,99.8,4.66
2025-12-20 04:00:00,231.344,2.12,98.8,2.05
2025-12-20 05:00:00,228.298,5.36,92.5,0.29
2025-12-20 06:00:00,231.493,0.51,99.2,1.49
2025-12-20 07:00:00,231.041,3.24,100.0,2.75
2025-12-20 08:00:00,230.216,3.55,99.7,3.92
2025-12-20 09:00:00,228.272,4.84,95.2,1.62
2025-12-20 10:00:00,234.328,5.78,100.0,2.98
2025-12-20 11:00:00,234.616,8.01,83.6,1.81
2025-12-20 12:00:00,238.919,6.95,97.0,1.28
2025-12-20 13:00:00,235.068,9.33,84.0,3.92
2025-12-20 14:00:00,240.019,7.4,92.1,3.38
2025-12-20 15:00:00,239.665,7.13,94.3,11.48
2025-12-20 16:00:00,233.191,6.52,99.3,1.62
2025-12-20 17:00:00,233.153,4.38,95.7,6.14
2025-12-20 18:00:00,213.735,7.25,91.0,0.68
2025-12-20 19:00:00,202.434,9.48,88.5,6.14
2025-12-20 20:00:00,204.319,6.2,88.2,2.56
2025-12-20 21:00:00,203.705,5.79,99.1,1.89
2025-12-20 22:00:00,217.567,3.25,100.0,3.4
2025-12-20 23:00:00,226.234,2.8,100.0,3.59
2025-12-21 00:00:00,221.048,4.09,97.3,5.63
2025-12-21 01:00:00,210.893,5.25,94.9,1.12
2025-12-21 02:00:00,212.604,4.12,100.0,0.67
2025-12-21 03:00:00,219.659,2.93,100.0,3.41
2025-12-21 04:00:00,231.707,1.8,100.0,3.26
2025-12-21 05:00:00,233.825,2.38,100.0,5.56
2025-12-21 06:00:00,233.421,1.31,100.0,1.73
2025-12-21 07:00:00,242.741,0.82,99.8,1.46
2025-12-21 08:00:00,235.158,2.06,99.3,3.34
2025-12-21 09:00:00,237.919,4.72,100.0,2.67
2025-12-21 10:00:00,245.973,4.95,100.0,3.86
2025-12-21 11:00:00,257.844,3.79,96.4,1.38
2025-12-21 12:00:00,255.81,6.7,87.7,6.1
2025-12-21 13:00:00,254.043,6.73,92.8,3.18
2025-12-21 14:00:00,256.09,5.66,91.4,5.46
2025-12-21 15:00:00,250.294,7.05,100.0,2.25
2025-12-21 16:00:00,234.413,7.02,98.1,1.32
2025-12-21 17:00:00,225.919,6.25,90.1,3.49
2025-12-21 18:00:00,215.591,8.24,85.6,4.21
2025-12-21 19:00:00,222.321,3.09,94.4,0.57
2025-12-21 20:00:00,233.194,2.24,96.9,8.84
2025-12-21 21:00:00,216.919,4.64,95.9,1.45
2025-12-21 22:00:00,216.485,4.02,100.0,2.88
2025-12-21 23:00:00,220.849,3.79,92.3,4.05
2025-12-22 00:00:00,227.539,1.61,100.0,2.65
2025-12-22 01:00:00,228.878,0.52,97.0,2.78
2025-12-22 02:00:00,233.958,1.68,92.6,2.83
2025-12-22 03:00:00,238.773,0.88,100.0,0.37
2025-12-22 04:00:00,225.364,4.17,100.0,2.97
2025-12-22 05:00:00,232.85,1.47,100.0,1.71
2025-12-22 06:00:00,239.784,2.38,100.0,5.38
2025-12-22 07:00:00,250.092,7.05,96.0,4.73
2025-12-22 08:00:00,280.678,3.5,99.3,0.71
2025-12-22 09:00:00,304.358,5.48,88.0,0.68
2025-12-22 10:00:00,338.482,6.4,79.5,9.09
2025-12-22 11:00:00,367.484,7.26,88.2,0.16
2025-12-22 12:00:00,384.205,7.17,100.0,1.5
2025-12-22 13:00:00,386.751,7.5,100.0,0.91
2025-12-22 14:00:00,393.437,7.65,91.1,5.98
2025-12-22 15:00:00,387.511,6.67,88.3,2.33
2025-12-22 16:00:00,353.822,8.01,93.9,1.44
2025-12-22 17:00:00,327.333,10.43,91.4,2.7
2025-12-22 18:00:00,299.871,8.65,94.9,8.57
2025-12-22 19:00:00,265.175,6.58,79.0,3.74
2025-12-22 20:00:00,229.397,6.73,100.0,3.69
2025-12-22 21:00:00,226.608,3.2,100.0,0.55
2025-12-22 22:00:00,222.183,3.4,97.5,5.58
2025-12-22 23:00:00,217.102,4.61,92.6,1.11
2025-12-23 00:00:00,214.698,4.8,100.0,3.51
2025-12-23 01:00:00,230.91,0.71,100.0,1.32
2025-12-23 02:00:00,232.913,0.87,100.0,2.68
2025-12-23 03:00:00,214.054,5.03,99.1,2.57
2025-12-23 04:00:00,227.59,1.8,100.0,13.29
2025-12-23 05:00:00,215.3,4.86,99.0,1.83
2025-12-23 06:00:00,216.558,2.75,100.0,3.23
2025-12-23 07:00:00,250.119,3.44,100.0,2.31
2025-12-23 08:00:00,285.885,3.28,100.0,0.86
2025-12-23 09:00:00,306.491,6.05,100.0,3.51
2025-12-23 10:00:00,327.437,7.49,83.3,4.92
2025-12-23 11:00:00,362.653,4.39,92.5,0.98
2025-12-23 12:00:00,374.927,6.1,95.0,2.1
2025-12-23 13:00:00,379.275,8.6,87.0,2.74
2025-12-23 14:00:00,384.867,7.23,90.9,4.55
2025-12-23 15:00:00,381.302,6.75,100.0,4.68
2025-12-23 16:00:00,356.843,9.05,89.8,0.51
2025-12-23 17:00:00,328.88,8.91,80.0,9.02
2025-12-23 18:00:00,306.902,5.94,92.5,3.76
2025-12-23 19:00:00,277.105,6.38,94.8,2.62
2025-12-23 20:00:00,236.438,3.38,98.9,4.53
2025-12-23 21:00:00,232.266,3.11,100.0,6.63
2025-12-23 22:00:00,219.372,3.96,100.0,2.28
2025-12-23 23:00:00,227.837,3.09,98.2,2.07
2025-12-24 00:00:00,235.653,0.83,95.1,0.87
2025-12-24 01:00:00,239.481,0.75,99.7,2.09
2025-12-24 02:00:00,237.854,-0.11,99.8,3.95
2025-12-24 03:00:00,233.316,2.22,98.6,2.1
2025-12-24 04:00:00,244.392,-1.55,100.0,2.03
2025-12-24 05:00:00,234.013,0.28,100.0,7.79
2025-12-24 06:00:00,241.155,-0.61,100.0,3.2
2025-12-24 07:00:00,257.243,3.67,96.0,3.2
2025-12-24 08:00:00,288.982,0.84,100.0,3.99
2025-12-24 09:00:00,320.052,4.55,100.0,5.12
2025-12-24 10:00:00,336.251,7.9,93.0,2.79
2025-12-24 11:00:00,358.39,8.67,94.9,1.25
2025-12-24 12:00:00,385.649,3.73,94.1,3.73
2025-12-24 13:00:00,390.106,7.57,80.1,5.6
2025-12-24 14:00:00,394.607,5.81,91.6,3.68
2025-12-24 15:00:00,375.884,5.59,100.0,4.5
2025-12-24 16:00:00,358.567,7.21,93.8,2.03
2025-12-24 17:00:00,329.064,9.06,89.9,1.44
2025-12-24 18:00:00,291.048,7.58,87.7,3.04
2025-12-24 19:00:00,272.844,4.85,84.9,1.74
2025-12-24 20:00:00,235.022,6.4,100.0,6.76
2025-12-24 21:00:00,236.586,0.91,100.0,3.81
2025-12-24 22:00:00,233.651,2.51,97.3,1.85
2025-12-24 23:00:00,230.097,1.68,97.0,1.04
2025-12-25 00:00:00,230.14,2.46,100.0,5.47
2025-12-25 01:00:00,234.614,1.53,100.0,1.19
2025-12-25 02:00:00,234.38,1.33,95.7,2.68
2025-12-25 03:00:00,227.086,1.17,100.0,3.23
2025-12-25 04:00:00,229.782,1.59,100.0,1.21
2025-12-25 05:00:00,227.751,2.72,95.9,2.38
2025-12-25 06:00:00,232.719,2.57,98.0,6.08
2025-12-25 07:00:00,252.517,2.5,95.2,0.72
2025-12-25 08:00:00,278.124,4.32,89.4,5.45
2025-12-25 09:00:00,304.05,5.77,100.0,3.06
2025-12-25 10:00:00,346.649,4.34,96.0,1.59
2025-12-25 11:00:00,366.979,5.86,98.9,0.67
2025-12-25 12:00:00,380.516,8.43,93.3,2.43
2025-12-25 13:00:00,399.411,5.29,99.3,1.66
2025-12-25 14:00:00,378.554,10.24,76.8,2.41
2025-12-25 15:00:00,378.51,5.31,90.8,4.05
2025-12-25 16:00:00,361.263,6.8,97.3,0.62
2025-12-25 17:00:00,344.723,5.53,88.0,2.94
2025-12-25 18:00:00,295.495,10.07,91.5,8.07
2025-12-25 19:00:00,272.78,5.15,87.8,1.85
2025-12-25 20:00:00,241.349,4.43,97.3,3.65
2025-12-25 21:00:00,222.65,3.86,100.0,0.36
2025-12-25 22:00:00,215.541,3.83,100.0,0.62
2025-12-25 23:00:00,224.189,2.43,88.9,1.49
2025-12-26 00:00:00,237.944,2.08,100.0,6.28
2025-12-26 01:00:00,250.808,-3.83,100.0,1.7
2025-12-26 02:00:00,241.604,1.6,100.0,3.73
2025-12-26 03:00:00,233.56,1.44,100.0,1.68
2025-12-26 04:00:00,227.766,3.17,90.8,0.89
2025-12-26 05:00:00,220.038,3.91,100.0,2.19
2025-12-26 06:00:00,225.671,1.99,100.0,3.97
2025-12-26 07:00:00,258.037,4.22,96.4,5.48
2025-12-26 08:00:00,291.519,1.87,100.0,2.44
2025-12-26 09:00:00,307.695,5.64,90.5,3.72
2025-12-26 10:00:00,345.539,4.27,99.7,2.77
2025-12-26 11:00:00,377.241,4.02,82.8,2.96
2025-12-26 12:00:00,388.289,6.24,89.0,1.23
2025-12-26 13:00:00,382.094,9.25,90.4,1.34
2025-12-26 14:00:00,378.919,7.6,90.6,0.97
2025-12-26 15:00:00,362.428,9.81,81.9,1.78
2025-12-26 16:00:00,358.909,6.11,91.8,4.94
2025-12-26 17:00:00,331.362,8.69,93.2,7.34
2025-12-26 18:00:00,307.319,5.49,95.2,4.93
2025-12-26 19:00:00,277.829,6.27,95.0,3.59
2025-12-26 20:00:00,241.438,5.53,100.0,2.71
2025-12-26 21:00:00,229.612,5.47,93.7,4.92
2025-12-26 22:00:00,226.001,4.04,100.0,15.39
2025-12-26 23:00:00,225.756,1.73,95.0,3.18
2025-12-27 00:00:00,223.846,3.66,100.0,3.94
2025-12-27 01:00:00,221.222,4.54,100.0,3.2
2025-12-27 02:00:00,234.59,0.54,100.0,8.71
2025-12-27 03:00:00,244.997,-1.57,100.0,2.37
2025-12-27 04:00:00,241.197,2.27,100.0,1.33
2025-12-27 05:00:00,236.928,1.24,100.0,4.31
2025-12-27 06:00:00,235.47,2.04,100.0,1.34
2025-12-27 07:00:00,228.958,3.76,90.1,3.35
2025-12-27 08:00:00,227.237,2.86,100.0,2.72
2025-12-27 09:00:00,235.055,3.94,85.2,3.67
2025-12-27 10:00:00,235.841,4.99,95.4,2.81
2025-12-27 11:00:00,229.818,8.22,100.0,0.48
2025-12-27 12:00:00,244.605,6.54,85.7,4.04
2025-12-27 13:00:00,248.034,4.99,86.8,3.43
2025-12-27 14:00:00,256.965,5.36,97.2,5.77
2025-12-27 15:00:00,240.143,7.59,100.0,1.45
2025-12-27 16:00:00,244.756,5.46,97.7,0.41
2025-12-27 17:00:00,235.75,4.47,85.7,4.28
2025-12-27 18:00:00,221.016,7.51,82.8,4.15
2025-12-27 19:00:00,209.84,6.97,94.2,3.97
2025-12-27 20:00:00,215.879,4.56,89.9,9.69
2025-12-27 21:00:00,217.468,4.84,97.4,0.11
2025-12-27 22:00:00,218.954,3.9,99.1,0.4
2025-12-27 23:00:00,218.456,3.83,95.1,0.85
2025-12-28 00:00:00,220.81,3.18,100.0,4.62
2025-12-28 01:00:00,241.02,-2.43,100.0,6.09
2025-12-28 02:00:00,247.597,1.05,100.0,2.82
2025-12-28 03:00:00,230.22,2.16,100.0,4.07
2025-12-28 04:00:00,228.527,0.78,100.0,1.37
2025-12-28 05:00:00,234.357,1.79,99.7,1.09
2025-12-28 06:00:00,230.781,3.41,96.8,0.57
2025-12-28 07:00:00,224.007,2.96,100.0,4.06
2025-12-28 08:00:00,208.723,5.97,91.1,5.79
2025-12-28 09:00:00,221.156,6.14,100.0,0.76
2025-12-28 10:00:00,228.607,4.92,92.0,1.3
2025-12-28 11:00:00,238.474,5.52,97.0,1.75
2025-12-28 12:00:00,260.474,1.89,99.4,0.89
2025-12-28 13:00:00,252.065,6.41,91.7,3.4
2025-12-28 14:00:00,259.448,5.07,100.0,1.98
2025-12-28 15:00:00,248.067,7.69,90.0,6.48
2025-12-28 16:00:00,231.673,7.48,91.1,1.39
2025-12-28 17:00:00,217.366,8.04,88.2,4.94
2025-12-28 18:00:00,207.415,8.69,91.5,0.62
2025-12-28 19:00:00,206.832,5.79,94.7,1.56
2025-12-28 20:00:00,201.212,8.76,84.4,2.92
2025-12-28 21:00:00,209.956,4.71,94.3,3.42
2025-12-28 22:00:00,218.626,1.46,100.0,7.15
2025-12-28 23:00:00,229.2,1.93,100.0,3.32
2025-12-29 00:00:00,235.991,1.58,100.0,3.36
2025-12-29 01:00:00,237.328,2.65,100.0,1.1
2025-12-29 02:00:00,231.331,-0.12,100.0,1.25
2025-12-29 03:00:00,220.788,0.82,99.2,1.73
2025-12-29 04:00:00,231.861,1.14,96.3,2.57
2025-12-29 05:00:00,231.522,0.98,92.7,2.37
2025-12-29 06:00:00,220.188,3.47,94.3,3.44
2025-12-29 07:00:00,247.857,3.82,100.0,6.63
2025-12-29 08:00:00,273.617,5.39,93.3,2.66
2025-12-29 09:00:00,308.293,3.77,96.0,4.51
2025-12-29 10:00:00,332.998,7.0,91.4,1.24
2025-12-29 11:00:00,373.256,3.62,100.0,7.29
2025-12-29 12:00:00,391.97,4.2,92.0,2.59
2025-12-29 13:00:00,402.068,4.95,98.1,7.21
2025-12-29 14:00:00,394.451,7.21,92.9,2.11
2025-12-29 15:00:00,367.242,9.22,90.9,1.84
2025-12-29 16:00:00,359.377,6.23,96.1,1.53
2025-12-29 17:00:00,339.454,6.13,95.2,0.95
2025-12-29 18:00:00,309.521,6.07,99.7,5.22
2025-12-29 19:00:00,267.561,6.71,93.8,1.3
2025-12-29 20:00:00,234.68,4.31,100.0,3.36
2025-12-29 21:00:00,225.083,3.44,98.8,0.85
2025-12-29 22:00:00,236.921,1.37,91.3,8.67
2025-12-29 23:00:00,240.917,1.88,100.0,5.31
2025-12-30 00:00:00,234.467,4.03,100.0,5.06
2025-12-30 01:00:00,226.07,1.81,100.0,2.95
2025-12-30 02:00:00,230.415,0.18,100.0,2.36
2025-12-30 03:00:00,228.411,3.24,86.2,1.63
2025-12-30 04:00:00,242.228,0.43,91.1,7.12
2025-12-30 05:00:00,223.525,3.94,100.0,0.6
2025-12-30 06:00:00,221.075,4.39,93.7,4.12
2025-12-30 07:00:00,243.678,2.85,100.0,1.36
2025-12-30 08:00:00,288.306,1.09,92.3,0.85
2025-12-30 09:00:00,301.876,7.93,86.0,1.95
2025-12-30 10:00:00,336.319,5.66,99.5,1.98
2025-12-30 11:00:00,359.915,5.25,95.4,3.49
2025-12-30 12:00:00,368.259,7.91,95.5,5.69
2025-12-30 13:00:00,392.467,7.99,92.1,2.3
2025-12-30 14:00:00,381.47,9.26,89.2,0.43
2025-12-30 15:00:00,387.799,6.2,90.6,1.27
2025-12-30 16:00:00,369.763,7.67,85.5,2.27
2025-12-30 17:00:00,339.989,4.96,100.0,1.79
2025-12-30 18:00:00,307.767,7.45,100.0,4.12
2025-12-30 19:00:00,269.165,5.73,89.1,3.39
2025-12-30 20:00:00,233.938,5.49,89.1,4.65
2025-12-30 21:00:00,215.868,4.03,95.7,0.22
2025-12-30 22:00:00,215.525,3.09,100.0,5.36
2025-12-30 23:00:00,221.712,1.37,100.0,0.48
2025-12-31 00:00:00,220.523,3.38,100.0,3.89
2025-12-31 01:00:00,221.552,4.02,97.5,6.33
2025-12-31 02:00:00,226.294,0.44,100.0,0.18
2025-12-31 03:00:00,228.698,2.12,100.0,2.38
2025-12-31 04:00:00,233.828,2.03,97.4,1.8
2025-12-31 05:00:00,233.01,1.65,100.0,0.76
2025-12-31 06:00:00,237.506,-0.33,100.0,0.19
2025-12-31 07:00:00,265.671,0.65,100.0,5.44
2025-12-31 08:00:00,286.211,2.21,88.8,0.8
2025-12-31 09:00:00,336.703,0.81,100.0,13.36
2025-12-31 10:00:00,338.637,7.26,90.1,0.87
2025-12-31 11:00:00,367.679,6.32,94.7,0.94
2025-12-31 12:00:00,384.084,6.31,88.2,0.09
2025-12-31 13:00:00,402.781,3.33,100.0,0.8
2025-12-31 14:00:00,404.812,4.21,100.0,1.12
2025-12-31 15:00:00,385.353,7.23,100.0,2.46
2025-12-31 16:00:00,351.305,10.28,86.7,3.9
2025-12-31 17:00:00,332.933,5.71,89.0,1.54
2025-12-31 18:00:00,309.719,7.74,94.7,3.86
2025-12-31 19:00:00,280.476,4.96,100.0,7.85
2025-12-31 20:00:00,235.062,5.1,96.7,2.03
2025-12-31 21:00:00,219.992,6.18,97.5,1.62
2025-12-31 22:00:00,223.714,2.9,97.9,0.95
2025-12-31 23:00:00,227.334,1.63,98.1,2.51
